key,date,number,league,phase,site,away,away.score,away.manager,home,home.score,home.manager,A,T,forfeit.to,status,status.reason,outsatend,filename,source,away.score.1,away.score.2,away.score.3,away.score.4,away.score.5,away.score.6,away.score.7,away.score.8,away.score.9,away.score.10,away.score.11,away.score.12,away.score.13,away.score.14,home.score.1,home.score.2,home.score.3,home.score.4,home.score.5,home.score.6,home.score.7,home.score.8,home.score.9,home.score.10,home.score.11,home.score.12,home.score.13,home.score.14
ZJYRWPR,1912-04-12,0,Texas,regular,,Fort Worth,4,,Austin,11,,,1:55,,,,,data/boxscores/transcript/1912/1912-DMN/DMN-19120413.txt,,1,0,0,1,0,0,0,2,0,,,,,,1,0,0,0,2,5,0,3,x,,,,,
KVRLKDL,1912-04-12,0,Texas,regular,,San Antonio,5,,Beaumont,6,,3000,2:15,,,,,data/boxscores/transcript/1912/1912-DMN/DMN-19120413.txt,,0,2,0,0,1,0,0,0,2,,,,,,0,2,3,0,0,0,0,1,x,,,,,
XQFSNNR,1912-04-12,0,Texas,regular,,Houston,1,,Galveston,0,,,1:43,,,,,data/boxscores/transcript/1912/1912-DMN/DMN-19120413.txt,,1,0,0,0,0,0,0,0,0,,,,,,0,0,0,0,0,0,0,0,0,,,,,
MJCSFPJ,1912-04-12,0,Texas,regular,,Dallas,2,,Waco,6,,3000,1:50,,,,,data/boxscores/transcript/1912/1912-DMN/DMN-19120413.txt,,0,0,0,0,2,0,0,0,0,,,,,,1,2,0,0,0,0,0,3,x,,,,,
CFYHLJC,1912-04-13,0,Texas,regular,,Fort Worth,2,,Austin,3,,,1:40,,,,,data/boxscores/transcript/1912/1912-DMN/DMN-19120414.txt,,0,0,1,0,0,0,0,1,0,,,,,,0,0,0,0,0,0,2,1,x,,,,,
PVLRSHJ,1912-04-13,0,Texas,regular,,San Antonio,2,,Beaumont,1,,,1:50,,,,,data/boxscores/transcript/1912/1912-DMN/DMN-19120414.txt,,0,0,2,0,0,0,0,0,0,,,,,,0,1,0,0,0,0,0,0,0,,,,,
RYPMVWY,1912-04-13,0,Texas,regular,,Houston,0,,Galveston,1,,,1:44,,,,,data/boxscores/transcript/1912/1912-DMN/DMN-19120414.txt,,0,0,0,0,0,0,0,0,0,,,,,,0,0,0,1,0,0,0,0,x,,,,,
GYRJKZN,1912-04-13,0,Texas,regular,,Dallas,4,,Waco,3,,,1:50,,,,,data/boxscores/transcript/1912/1912-DMN/DMN-19120414.txt,,1,0,2,0,0,0,0,1,0,,,,,,1,0,0,0,0,0,0,1,1,,,,,
GMMGZWW,1912-04-14,0,Texas,regular,,Fort Worth,1,,Austin,7,,,1:30,,,,,data/boxscores/transcript/1912/1912-DMN/DMN-19120415.txt,,0,0,0,0,1,0,0,0,0,,,,,,3,0,2,0,0,0,2,0,x,,,,,
DBDDVHX,1912-04-14,0,Texas,regular,,San Antonio,1,,Beaumont,6,,,1:50,,,,,data/boxscores/transcript/1912/1912-DMN/DMN-19120415.txt,,0,0,0,0,0,0,0,1,0,,,,,,1,2,0,1,1,0,1,0,x,,,,,
GJDVZKK,1912-04-14,0,Texas,regular,,Houston,8,,Galveston,3,,3000,2:13,,,,,data/boxscores/transcript/1912/1912-DMN/DMN-19120415.txt,,5,1,0,0,1,0,0,1,0,,,,,,2,0,0,0,0,0,1,0,0,,,,,
KNSTHGY,1912-04-14,0,Texas,regular,,Dallas,5,,Waco,6,,,2:20,,,,,data/boxscores/transcript/1912/1912-DMN/DMN-19120415.txt,,1,0,0,0,3,1,0,0,0,,,,,,0,0,0,2,0,1,3,1,x,,,,,
QMBLFPV,1912-04-15,0,Texas,regular,,Fort Worth,2,,Austin,4,,,1:30,,,,,data/boxscores/transcript/1912/1912-DMN/DMN-19120416.txt,,2,0,0,0,0,0,0,0,0,,,,,,0,3,0,0,0,0,1,0,x,,,,,
TYQSPRV,1912-04-15,0,Texas,regular,,San Antonio,,,Beaumont,,,,,,postponed,wet grounds,,data/boxscores/transcript/1912/1912-DMN/DMN-19120416.txt,,,,,,,,,,,,,,,,,,,,,,,,,,,,,
CGCTKMW,1912-04-15,0,Texas,regular,,Houston,11,,Galveston,3,,,1:47,,,,,data/boxscores/transcript/1912/1912-DMN/DMN-19120416.txt,,0,0,1,1,2,0,0,3,4,,,,,,3,0,0,0,0,0,0,0,0,,,,,
WXVXNWP,1912-04-15,0,Texas,regular,,Dallas,1,,Waco,3,,,1:50,,,,,data/boxscores/transcript/1912/1912-DMN/DMN-19120416.txt,,0,0,0,0,0,1,0,0,0,,,,,,0,0,1,2,0,0,0,0,x,,,,,
WDCRWTC,1912-04-16,0,Texas,regular,,Dallas,7,,Austin,1,,,1:40,,,,,data/boxscores/transcript/1912/1912-DMN/DMN-19120417.txt,,1,0,0,0,1,1,1,3,0,,,,,,1,0,0,0,0,0,0,0,0,,,,,
TKLXDBF,1912-04-16,0,Texas,regular,,Houston,,,Beaumont,,,,,,postponed,wet grounds,,data/boxscores/transcript/1912/1912-DMN/DMN-19120417.txt,,,,,,,,,,,,,,,,,,,,,,,,,,,,,
RJYTZNH,1912-04-16,0,Texas,regular,,San Antonio,,,Galveston,,,,,,postponed,rain,,data/boxscores/transcript/1912/1912-DMN/DMN-19120417.txt,,,,,,,,,,,,,,,,,,,,,,,,,,,,,
BRWLZLQ,1912-04-16,0,Texas,regular,,Fort Worth,2,,Waco,3,,,2:10,,,,1,data/boxscores/transcript/1912/1912-DMN/DMN-19120417.txt,,0,0,0,0,1,0,0,0,1,,,,,,0,0,0,0,2,0,0,0,1,,,,,
VKDZFWM,1912-04-17,0,Texas,regular,,Dallas,3,,Austin,5,,,2:00,,,,,data/boxscores/transcript/1912/1912-DMN/DMN-19120418.txt,,0,0,0,0,0,3,0,0,0,,,,,,0,0,0,0,3,1,0,1,x,,,,,
DDPNXJQ,1912-04-17,0,Texas,regular,,Houston,3,,Beaumont,5,,,1:50,,,,,data/boxscores/transcript/1912/1912-DMN/DMN-19120418.txt,,2,1,0,0,0,0,0,0,0,,,,,,3,2,0,0,0,0,0,0,x,,,,,
VMFYXCT,1912-04-17,0,Texas,regular,,San Antonio,1,,Galveston,2,,,1:30,,,,1,data/boxscores/transcript/1912/1912-DMN/DMN-19120418.txt,,1,0,0,0,0,0,0,0,0,,,,,,0,0,0,0,0,0,0,1,1,,,,,
QPYGYGG,1912-04-17,0,Texas,regular,,Fort Worth,6,,Waco,4,,,2:00,,,,,data/boxscores/transcript/1912/1912-DMN/DMN-19120418.txt,,2,0,0,0,0,0,3,1,0,,,,,,0,1,0,0,0,1,1,0,1,,,,,
BCLHWSL,1912-04-18,0,Texas,regular,,Dallas,3,,Austin,1,,,1:50,,,,,data/boxscores/transcript/1912/1912-DMN/DMN-19120419.txt,,0,0,0,0,2,0,0,1,0,,,,,,0,0,0,0,0,0,1,0,0,,,,,
DNNZCZK,1912-04-18,0,Texas,regular,,Houston,1,,Beaumont,3,,,1:45,,,,,data/boxscores/transcript/1912/1912-DMN/DMN-19120419.txt,,0,0,0,0,1,0,0,0,0,,,,,,0,0,0,0,0,2,0,1,x,,,,,
RTXGPKD,1912-04-18,1,Texas,regular,,San Antonio,1,,Galveston,3,,,1:34,,,,,data/boxscores/transcript/1912/1912-DMN/DMN-19120419.txt,,0,0,0,1,0,0,0,0,0,,,,,,1,0,0,0,0,1,0,1,x,,,,,
JPPWGMG,1912-04-18,2,Texas,regular,,San Antonio,8,,Galveston,1,,,1:42,,,,,data/boxscores/transcript/1912/1912-DMN/DMN-19120419.txt,,0,3,0,2,0,1,0,0,2,,,,,,1,0,0,0,0,0,0,0,0,,,,,
CQPBSLQ,1912-04-18,0,Texas,regular,,Fort Worth,1,,Waco,2,,,1:25,,,,1,data/boxscores/transcript/1912/1912-DMN/DMN-19120419.txt,,1,0,0,0,0,0,0,0,0,,,,,,0,0,0,0,0,1,0,0,1,,,,,
SKYSPPR,1912-04-19,0,Texas,regular,,Dallas,2,,Austin,9,,,1:30,,,,,data/boxscores/transcript/1912/1912-DMN/DMN-19120420.txt,,0,1,0,0,0,0,1,0,0,,,,,,3,2,1,0,0,0,2,1,x,,,,,
RWGTWJN,1912-04-19,0,Texas,regular,,Houston,4,,Beaumont,1,,,2:05,,,,,data/boxscores/transcript/1912/1912-DMN/DMN-19120420.txt,,0,1,0,0,1,0,1,0,1,,,,,,0,0,1,0,0,0,0,0,0,,,,,
ZXRTSGF,1912-04-19,0,Texas,regular,,San Antonio,4,,Galveston,6,,,1:46,,,,,data/boxscores/transcript/1912/1912-DMN/DMN-19120420.txt,,1,2,0,0,0,0,0,1,0,,,,,,2,0,0,0,0,0,0,4,x,,,,,
PMCNYFS,1912-04-19,0,Texas,regular,,Fort Worth,,,Waco,,,,,,postponed,rain,,data/boxscores/transcript/1912/1912-DMN/DMN-19120420.txt,,,,,,,,,,,,,,,,,,,,,,,,,,,,,
WWSPVTQ,1912-04-20,0,Dallas Commercial,regular,,City National Bank,7,,Butler Brothers,9,,,,,,,,data/boxscores/transcript/1912/1912-DMN/DMN-19120421.txt,,1,0,1,3,0,0,0,0,2,,,,,,0,0,0,0,2,4,0,3,x,,,,,
PKBSVFX,1912-04-20,0,Dallas Commercial,regular,,Western Electric,7,,Guaranty State Bank,17,,,2:00,,,,,data/boxscores/transcript/1912/1912-DMN/DMN-19120421.txt,,0,0,1,0,0,4,0,1,1,,,,,,4,3,1,1,2,3,2,1,x,,,,,
GPFWHMR,1912-04-20,0,Dallas Commercial,regular,,Magnolia Petroleum,,,Southwestern Telephone,,,,,,,,,data/boxscores/transcript/1912/1912-DMN/DMN-19120421.txt,,,,,,,,,,,,,,,,,,,,,,,,,,,,,
YBLPGMV,1912-04-20,0,Texas,regular,,Waco,3,,Dallas,3,,,2:25,,,,,data/boxscores/transcript/1912/1912-DMN/DMN-19120421.txt,,1,0,0,0,0,0,0,0,2,0,0,0,0,0,1,0,0,0,2,0,0,0,0,0,0,0,0,0
NPDHCHZ,1912-04-20,0,Texas,regular,,Austin,0,,Fort Worth,1,,,1:20,,,,,data/boxscores/transcript/1912/1912-DMN/DMN-19120421.txt,,0,0,0,0,0,0,0,0,0,,,,,,0,0,0,0,1,0,0,0,x,,,,,
BJMMWBS,1912-04-20,0,Texas,regular,,Galveston,2,,Houston,6,,,2:05,,,,,data/boxscores/transcript/1912/1912-DMN/DMN-19120421.txt,,0,0,0,1,0,0,0,1,0,,,,,,1,5,0,0,0,0,0,0,x,,,,,
WSFFTXL,1912-04-20,0,Texas,regular,,Beaumont,0,,San Antonio,1,,,1:25,,,,,data/boxscores/transcript/1912/1912-DMN/DMN-19120421.txt,,0,0,0,0,0,0,0,0,0,,,,,,0,0,1,0,0,0,0,0,x,,,,,
HCFKTNC,1912-04-21,0,Dallas City,regular,,Brown Crackers,1,,Dallas Foundry,6,,,1:40,,,,,data/boxscores/transcript/1912/1912-DMN/DMN-19120422.txt,,1,0,0,0,0,0,0,0,0,,,,,,1,0,1,0,0,0,4,0,x,,,,,
LDPSSJS,1912-04-21,0,Dallas City,regular,,W. O. W.,4,,Moose,2,,,2:00,,,,,data/boxscores/transcript/1912/1912-DMN/DMN-19120422.txt,,0,0,0,0,0,1,0,3,0,,,,,,0,0,0,0,2,0,0,0,x,,,,,
WTRPPLW,1912-04-21,0,Texas,regular,,Waco,7,,Dallas,3,,,2:00,,,,,data/boxscores/transcript/1912/1912-DMN/DMN-19120422.txt,,0,2,2,3,0,0,0,0,0,,,,,,1,0,1,0,0,0,0,1,0,,,,,
QRFXJJL,1912-04-21,0,Texas,regular,,Austin,7,,Fort Worth,5,,,2:20,,,,,data/boxscores/transcript/1912/1912-DMN/DMN-19120422.txt,,0,1,0,3,0,0,0,1,0,2,,,,,1,0,0,2,2,0,0,0,0,0,,,,
VBJNQJT,1912-04-21,0,Texas,regular,,Galveston,1,,Houston,4,,,1:45,,,,,data/boxscores/transcript/1912/1912-DMN/DMN-19120422.txt,,0,0,0,0,0,0,0,0,1,,,,,,0,0,1,3,0,0,0,0,x,,,,,
NRYKQRC,1912-04-21,0,Texas,regular,,Beaumont,1,,San Antonio,5,,,1:35,,,,,data/boxscores/transcript/1912/1912-DMN/DMN-19120422.txt,,1,0,0,0,0,0,0,0,0,,,,,,0,2,0,1,0,0,2,0,x,,,,,
PQVDHDD,1912-04-22,1,Texas,regular,,Waco,0,,Dallas,4,,,1:40,,,,,data/boxscores/transcript/1912/1912-DMN/DMN-19120423.txt,,0,0,0,0,0,0,0,0,0,,,,,,0,0,2,0,0,0,0,2,x,,,,,
JSFGYWN,1912-04-22,2,Texas,regular,,Waco,6,,Dallas,11,,,2:05,,,,,data/boxscores/transcript/1912/1912-DMN/DMN-19120423.txt,,0,0,2,0,2,2,0,0,0,,,,,,2,1,0,2,2,0,4,0,x,,,,,
DPSBXWR,1912-04-22,0,Texas,regular,,Austin,10,,Fort Worth,3,,,1:45,,,,,data/boxscores/transcript/1912/1912-DMN/DMN-19120423.txt,,1,0,0,0,0,2,1,6,0,,,,,,0,0,0,0,0,1,0,2,0,,,,,
SGRDSSC,1912-04-22,0,Texas,regular,,Galveston,1,,Houston,2,,,1:55,,,,2,data/boxscores/transcript/1912/1912-DMN/DMN-19120423.txt,,0,0,0,0,0,0,0,1,0,,,,,,0,0,0,0,0,0,0,0,2,,,,,
FRKVZSF,1912-04-22,0,Texas,regular,,Beaumont,4,,San Antonio,10,,,1:30,,,,,data/boxscores/transcript/1912/1912-DMN/DMN-19120423.txt,,1,0,0,0,1,0,2,0,0,,,,,,0,0,2,2,0,1,2,3,x,,,,,
CWDSCYW,1912-04-23,0,South Central,regular,,Texarkana,1,,Longview,4,,,1:40,,,,,data/boxscores/transcript/1912/1912-DMN/DMN-19120424.txt,,0,0,0,0,0,0,1,0,0,,,,,,0,2,0,0,0,1,1,0,x,,,,,
CLYVDML,1912-04-23,0,South Central,regular,,Paris,4,,Marshall,5,,,,,,,,data/boxscores/transcript/1912/1912-DMN/DMN-19120424.txt,,0,1,0,0,0,0,3,0,0,,,,,,0,1,1,3,0,0,0,0,x,,,,,
YVCFBWD,1912-04-23,0,South Central,regular,,Cleburne,4,,Tyler,2,,,,,,,,data/boxscores/transcript/1912/1912-DMN/DMN-19120424.txt,,0,0,0,0,0,1,3,0,0,,,,,,0,0,0,0,0,0,1,1,0,,,,,
GCFSLQB,1912-04-23,0,Texas,regular,,Waco,4,,Dallas,6,,,1:55,,,,,data/boxscores/transcript/1912/1912-DMN/DMN-19120424.txt,,0,0,2,1,0,0,0,1,0,,,,,,0,0,0,0,0,1,0,5,x,,,,,
GXHLMBP,1912-04-23,0,Texas,regular,,Austin,8,,Fort Worth,3,,,1:50,,,,,data/boxscores/transcript/1912/1912-DMN/DMN-19120424.txt,,0,3,0,1,0,0,0,4,0,,,,,,0,0,0,0,0,1,1,1,0,,,,,
NZDMQVB,1912-04-23,0,Texas,regular,,Galveston,8,,Houston,0,,,1:55,,,,,data/boxscores/transcript/1912/1912-DMN/DMN-19120424.txt,,0,0,2,0,0,1,0,1,4,,,,,,0,0,0,0,0,0,0,0,0,,,,,
WLSTCJQ,1912-04-23,0,Texas,regular,,Beaumont,15,,San Antonio,13,,,2:35,,,,,data/boxscores/transcript/1912/1912-DMN/DMN-19120424.txt,,0,6,2,0,0,3,0,4,0,,,,,,2,2,0,0,3,0,0,1,5,,,,,
CCNKFGM,1912-04-24,0,South Central,regular,,Texarkana,4,,Longview,3,,,1:55,,,,,data/boxscores/transcript/1912/1912-DMN/DMN-19120425.txt,,0,0,0,0,0,1,0,2,0,1,,,,,0,2,1,0,0,0,0,0,0,0,,,,
LCCPNXN,1912-04-24,0,South Central,regular,,Paris,12,,Marshall,3,,,2:55,,,,,data/boxscores/transcript/1912/1912-DMN/DMN-19120425.txt,,0,3,5,2,0,0,2,0,0,,,,,,0,0,0,0,1,0,0,2,0,,,,,
TJQNGSH,1912-04-24,0,South Central,regular,,Cleburne,1,,Tyler,2,,,2:00,,,,,data/boxscores/transcript/1912/1912-DMN/DMN-19120425.txt,,0,0,0,1,0,0,0,0,0,,,,,,0,0,2,0,0,0,0,0,0,,,,,
TZYBSGQ,1912-04-24,0,Texas,regular,,Austin,9,,Dallas,2,,,2:05,,,,,data/boxscores/transcript/1912/1912-DMN/DMN-19120425.txt,,1,2,0,1,3,0,2,0,0,,,,,,0,0,1,0,0,1,0,0,0,,,,,
QXFTRDJ,1912-04-24,0,Texas,regular,,Waco,3,,Fort Worth,9,,,1:40,,,,,data/boxscores/transcript/1912/1912-DMN/DMN-19120425.txt,,0,0,0,0,0,2,1,0,0,,,,,,2,0,3,0,1,0,0,3,x,,,,,
FQLVQNP,1912-04-24,0,Texas,regular,,Beaumont,2,,Houston,1,,,1:30,,,,,data/boxscores/transcript/1912/1912-DMN/DMN-19120425.txt,,0,0,2,0,0,0,0,0,0,,,,,,0,0,1,0,0,0,0,0,0,,,,,
FDFDQNF,1912-04-24,0,Texas,regular,,Galveston,7,,San Antonio,3,,,1:45,,,,,data/boxscores/transcript/1912/1912-DMN/DMN-19120425.txt,,3,0,0,0,1,3,0,0,0,,,,,,0,2,0,1,0,0,0,0,0,,,,,
XFHZNXV,1912-04-25,0,South Central,regular,,Texarkana,4,,Longview,5,,,2:10,,,,1,data/boxscores/transcript/1912/1912-DMN/DMN-19120426.txt,,0,1,0,0,1,0,1,0,1,,,,,,0,0,0,0,1,0,1,0,3,,,,,
RKXHVYY,1912-04-25,0,South Central,regular,,Paris,4,,Marshall,8,,,,,,,,data/boxscores/transcript/1912/1912-DMN/DMN-19120426.txt,,0,0,2,1,0,0,0,0,1,,,,,,0,3,1,2,0,0,0,2,x,,,,,
NGPVGXT,1912-04-25,0,South Central,regular,,Cleburne,10,,Tyler,3,,,,,,,,data/boxscores/transcript/1912/1912-DMN/DMN-19120426.txt,,0,0,1,4,4,0,0,0,1,,,,,,0,0,1,0,1,0,0,0,0,,,,,
WSSQRZV,1912-04-25,0,Texas,regular,,Austin,1,,Dallas,4,,,1:35,,,,,data/boxscores/transcript/1912/1912-DMN/DMN-19120426.txt,,0,1,0,0,0,0,0,0,0,,,,,,0,0,0,1,0,1,0,2,x,,,,,
MGVFKGV,1912-04-25,0,Texas,regular,,Waco,1,,Fort Worth,3,,,1:30,,,,,data/boxscores/transcript/1912/1912-DMN/DMN-19120426.txt,,0,0,0,0,1,0,0,0,0,,,,,,0,0,0,0,0,3,0,0,x,,,,,
MZBYDDQ,1912-04-25,0,Texas,regular,,Beaumont,5,,Houston,1,,,2:00,,,,,data/boxscores/transcript/1912/1912-DMN/DMN-19120426.txt,,0,0,0,0,0,0,1,3,1,,,,,,0,0,0,0,1,0,0,0,0,,,,,
STWTWBP,1912-04-25,0,Texas,regular,,Galveston,0,,San Antonio,1,,,1:55,,,,2,data/boxscores/transcript/1912/1912-DMN/DMN-19120426.txt,,0,0,0,0,0,0,0,0,0,0,0,,,,0,0,0,0,0,0,0,0,0,0,1,,,
ZPJDQWL,1912-04-25,0,Texas-Oklahoma,regular,,McKinney,2,,Denison,4,,2000,1:45,,,,,data/boxscores/transcript/1912/1912-DMN/DMN-19120426.txt,,0,0,0,0,0,0,0,0,0,,,,,,0,1,0,2,1,0,0,0,x,,,,,
TTHJZVV,1912-04-25,0,Texas-Oklahoma,regular,,Sherman,6,,Durant,0,,,,,,,,data/boxscores/transcript/1912/1912-DMN/DMN-19120426.txt,,0,0,0,4,0,0,0,2,0,,,,,,0,0,0,0,0,0,0,0,0,,,,,
VPGLNDC,1912-04-25,0,Texas-Oklahoma,regular,,Bonham,0,,Greenville,3,,,2:00,,,,,data/boxscores/transcript/1912/1912-DMN/DMN-19120426.txt,,0,0,0,0,0,0,0,0,,,,,,,0,0,0,0,0,1,0,2,,,,,,
BNQGHGY,1912-04-25,0,Texas-Oklahoma,regular,,Ardmore,,,Wichita Falls,,,,3:00,,,,,data/boxscores/transcript/1912/1912-DMN/DMN-19120426.txt,,,,,,,,,,,,,,,,,,,,,,,,,,,,,
TSPJBLX,1912-04-26,0,South Central,regular,,Longview,1,,Cleburne,4,,,1:29,,,,,data/boxscores/transcript/1912/1912-DMN/DMN-19120427.txt,,0,0,1,0,0,0,0,0,0,,,,,,2,0,0,0,2,0,0,0,x,,,,,
BBWDHWP,1912-04-26,0,South Central,regular,,Tyler,5,,Paris,12,,,2:15,,,,,data/boxscores/transcript/1912/1912-DMN/DMN-19120427.txt,,0,1,3,0,1,0,0,0,0,,,,,,2,2,0,0,7,0,1,0,x,,,,,
KWBPBDT,1912-04-26,0,South Central,regular,,Marshall,1,,Texarkana,1,,,1:50,,,,,data/boxscores/transcript/1912/1912-DMN/DMN-19120427.txt,,0,0,0,0,0,0,1,0,0,0,,,,,0,1,0,0,0,0,0,0,0,0,,,,
GDLNQNS,1912-04-26,0,Texas,regular,,Austin,5,,Dallas,2,,,1:45,,,,,data/boxscores/transcript/1912/1912-DMN/DMN-19120427.txt,,0,0,0,0,1,0,4,0,0,,,,,,2,0,0,0,0,0,0,0,0,,,,,
TJPCXXC,1912-04-26,0,Texas,regular,,Waco,2,,Fort Worth,0,,,1:25,,,,,data/boxscores/transcript/1912/1912-DMN/DMN-19120427.txt,,1,0,0,0,1,0,0,0,0,,,,,,0,0,0,0,0,0,0,0,0,,,,,
VCYDZCB,1912-04-26,0,Texas,regular,,Beaumont,1,,Houston,4,,,1:50,,,,,data/boxscores/transcript/1912/1912-DMN/DMN-19120427.txt,,0,0,1,0,0,0,0,0,0,,,,,,1,0,0,0,0,0,3,0,x,,,,,
YRGSRYF,1912-04-26,0,Texas,regular,,Galveston,2,,San Antonio,8,,,1:50,,,,,data/boxscores/transcript/1912/1912-DMN/DMN-19120427.txt,,1,0,0,0,0,1,0,0,0,,,,,,0,1,2,0,5,0,0,0,x,,,,,
CCBSXCQ,1912-04-26,0,Texas-Oklahoma,regular,,McKinney,,,Denison,,,,1:45,,,,,data/boxscores/transcript/1912/1912-DMN/DMN-19120427.txt,,,,,,,,,,,,,,,,,,,,,,,,,,,,,
KRSWFVS,1912-04-26,0,Texas-Oklahoma,regular,,Sherman,1,,Durant,2,,,1:45,,,,,data/boxscores/transcript/1912/1912-DMN/DMN-19120427.txt,,0,0,0,0,1,0,0,0,0,,,,,,0,0,0,0,1,0,1,0,x,,,,,
YFJFJPH,1912-04-26,0,Texas-Oklahoma,regular,,Bonham,8,,Greenville,2,,,1:50,,,,,data/boxscores/transcript/1912/1912-DMN/DMN-19120427.txt,,0,2,4,0,1,0,1,0,0,,,,,,0,0,0,0,0,0,0,1,1,,,,,
NMVYNWJ,1912-04-26,0,Texas-Oklahoma,regular,,Ardmore,3,,Wichita Falls,4,,,1:58,,,,2,data/boxscores/transcript/1912/1912-DMN/DMN-19120427.txt,,0,0,0,0,0,3,0,0,0,0,,,,,0,0,1,0,1,0,0,0,1,1,,,,
ZYLZBDJ,1912-04-27,0,Dallas Commercial,regular,,City National Bank,26,,Guaranty State Bank,6,,,,,,,,data/boxscores/transcript/1912/1912-DMN/DMN-19120428.txt,,0,2,1,3,13,1,0,2,4,,,,,,0,0,0,2,0,0,0,2,2,,,,,
VRLTHHL,1912-04-27,0,Dallas Commercial,regular,,Butler Brothers,11,,Southwestern Telephone,10,,,,,,,,data/boxscores/transcript/1912/1912-DMN/DMN-19120428.txt,,,,,,,,,,,,,,,,,,,,,,,,,,,,,
MNWPJPL,1912-04-27,0,Dallas Commercial,regular,,Magnolia Petroleum,1,,Western Electric,18,,,2:00,,,,,data/boxscores/transcript/1912/1912-DMN/DMN-19120428.txt,,0,0,0,0,0,0,0,0,1,,,,,,0,0,1,4,5,2,4,2,x,,,,,
RSHPLCR,1912-04-27,0,South Central,regular,,Longview,4,,Cleburne,2,,,2:05,,,,,data/boxscores/transcript/1912/1912-DMN/DMN-19120428.txt,,1,0,1,0,0,1,1,0,1,,,,,,0,2,0,0,0,0,0,0,0,,,,,
YFTNSZL,1912-04-27,0,South Central,regular,,Tyler,11,,Paris,9,,,2:07,,,,,data/boxscores/transcript/1912/1912-DMN/DMN-19120428.txt,,0,4,0,0,0,1,2,0,4,,,,,,0,6,0,0,0,0,1,0,2,,,,,
NNLSHKJ,1912-04-27,0,South Central,regular,,Marshall,2,,Texarkana,4,,,1:35,,,,,data/boxscores/transcript/1912/1912-DMN/DMN-19120428.txt,,0,0,0,1,0,0,1,0,0,,,,,,0,0,1,0,0,2,1,0,x,,,,,
ZYDJPFS,1912-04-27,0,Texas,regular,,Austin,1,,Dallas,2,,,1:55,,,,,data/boxscores/transcript/1912/1912-DMN/DMN-19120428.txt,,0,0,0,0,0,1,0,0,0,,,,,,0,0,0,0,0,0,0,2,x,,,,,
TZTBJHH,1912-04-27,0,Texas,regular,,Waco,11,,Fort Worth,6,,,2:10,,,,,data/boxscores/transcript/1912/1912-DMN/DMN-19120428.txt,,0,5,0,1,0,3,1,1,0,,,,,,0,6,0,0,0,0,0,0,0,,,,,
JYVFQWW,1912-04-27,0,Texas,regular,,Beaumont,4,,Houston,1,,,1:40,,,,,data/boxscores/transcript/1912/1912-DMN/DMN-19120428.txt,,0,0,2,0,0,0,0,0,2,,,,,,0,0,0,0,0,0,0,0,1,,,,,
YDQWXQW,1912-04-27,0,Texas,regular,,Galveston,6,,San Antonio,4,,,2:00,,,,,data/boxscores/transcript/1912/1912-DMN/DMN-19120428.txt,,0,0,0,0,1,0,0,3,2,,,,,,0,0,0,0,0,1,1,2,0,,,,,
DKSYXMW,1912-04-27,0,Texas-Oklahoma,regular,,McKinney,4,,Denison,8,,,1:45,,,,,data/boxscores/transcript/1912/1912-DMN/DMN-19120428.txt,,2,1,1,0,0,0,0,0,0,,,,,,0,3,1,0,0,4,0,0,0,,,,,
WTBJQLT,1912-04-27,0,Texas-Oklahoma,regular,,Bonham,3,,Greenville,1,,,1:15,,,,,data/boxscores/transcript/1912/1912-DMN/DMN-19120428.txt,,2,1,0,0,0,0,0,0,0,,,,,,0,0,0,0,0,1,0,0,0,,,,,
CLKVDDV,1912-04-27,0,Texas-Oklahoma,regular,,Durant,2,,Sherman,8,,,1:45,,,,,data/boxscores/transcript/1912/1912-DMN/DMN-19120428.txt,,0,0,0,0,1,0,0,1,0,,,,,,0,1,0,0,0,6,1,0,x,,,,,
FYNYZVY,1912-04-27,0,Texas-Oklahoma,regular,,Ardmore,12,,Wichita Falls,5,,,2:15,,,,,data/boxscores/transcript/1912/1912-DMN/DMN-19120428.txt,,1,0,3,5,0,0,0,1,2,,,,,,0,0,4,0,0,0,0,1,0,,,,,
BXFYCJF,1912-04-28,0,South Central,regular,,Longview,7,,Cleburne,3,,,2:10,,,,,data/boxscores/transcript/1912/1912-DMN/DMN-19120429.txt,,0,0,2,2,0,0,2,1,0,,,,,,0,1,0,0,0,0,2,0,0,,,,,
VZBKMFW,1912-04-28,0,South Central,regular,,Texarkana,,,Marshall,,,,,,postponed,rain,,data/boxscores/transcript/1912/1912-DMN/DMN-19120429.txt,,,,,,,,,,,,,,,,,,,,,,,,,,,,,
SPLKGNH,1912-04-28,0,South Central,regular,,Tyler,1,,Paris,9,,,1:35,,,,,data/boxscores/transcript/1912/1912-DMN/DMN-19120429.txt,,0,0,0,0,0,1,0,0,0,,,,,,2,0,0,0,0,2,0,5,x,,,,,
HJTTSPW,1912-04-28,0,Texas,regular,,Dallas,0,,Fort Worth,6,,3500,1:15,,,,,data/boxscores/transcript/1912/1912-DMN/DMN-19120429.txt,,0,0,0,0,0,0,0,0,0,,,,,,0,1,0,3,0,0,2,0,x,,,,,
LCTFSGJ,1912-04-28,0,Texas,regular,,Beaumont,0,,Galveston,4,,,1:40,,,,,data/boxscores/transcript/1912/1912-DMN/DMN-19120429.txt,,0,0,0,0,0,0,0,0,0,,,,,,0,0,0,3,0,1,0,0,x,,,,,
YRMRBRL,1912-04-28,0,Texas,regular,,Houston,2,,San Antonio,7,,,1:55,,,,,data/boxscores/transcript/1912/1912-DMN/DMN-19120429.txt,,0,0,0,0,1,1,0,0,0,,,,,,0,0,1,1,3,2,0,0,x,,,,,
GWVJNJX,1912-04-28,0,Texas,regular,,Austin,0,,Waco,5,,,1:35,,,,,data/boxscores/transcript/1912/1912-DMN/DMN-19120429.txt,,0,0,0,0,0,0,0,0,0,,,,,,1,2,0,0,0,0,1,1,x,,,,,
PZVKNYS,1912-04-28,0,Texas-Oklahoma,regular,,Denison,13,,Ardmore,7,,,,,,,,data/boxscores/transcript/1912/1912-DMN/DMN-19120429.txt,,0,4,0,1,3,1,2,1,1,,,,,,0,0,3,0,0,4,0,0,0,,,,,
MNQHZZZ,1912-04-28,0,Texas-Oklahoma,regular,,Greenville,7,,Sherman,2,,,1:45,,,,,data/boxscores/transcript/1912/1912-DMN/DMN-19120429.txt,,0,2,0,2,0,0,0,3,0,,,,,,0,0,0,0,0,1,0,0,1,,,,,
PJMRVLC,1912-04-28,0,Texas-Oklahoma,regular,,Durant,1,,Wichita Falls,13,,,1:55,,,,,data/boxscores/transcript/1912/1912-DMN/DMN-19120429.txt,,0,0,0,0,0,0,1,0,0,,,,,,4,0,0,1,0,0,5,3,x,,,,,
RYBKMCV,1912-04-29,0,South Central,regular,,Tyler,2,,Cleburne,4,,,1:50,,,,,data/boxscores/transcript/1912/1912-DMN/DMN-19120430.txt,,2,0,0,0,0,0,0,0,0,,,,,,0,0,2,0,0,0,2,0,x,,,,,
YKXLDLQ,1912-04-29,0,South Central,regular,,Texarkana,1,,Marshall,2,,,1:15,,,,,data/boxscores/transcript/1912/1912-DMN/DMN-19120430.txt,,0,0,0,1,0,0,0,0,0,,,,,,0,1,1,0,0,0,0,0,x,,,,,
WNBZPCN,1912-04-29,0,South Central,regular,,Longview,1,,Paris,1,,,1:45,,,,,data/boxscores/transcript/1912/1912-DMN/DMN-19120430.txt,,1,0,0,0,0,0,0,0,0,0,,,,,0,0,0,0,0,0,1,0,0,0,,,,
DLYBGKP,1912-04-29,0,Texas,regular,,Dallas,13,,Fort Worth,4,,,2:05,,,,,data/boxscores/transcript/1912/1912-DMN/DMN-19120430.txt,,0,0,1,1,3,0,5,3,0,,,,,,0,1,0,0,1,0,0,2,0,,,,,
GNWVWYB,1912-04-29,0,Texas,regular,,Beaumont,8,,Galveston,5,,,2:04,,,,,data/boxscores/transcript/1912/1912-DMN/DMN-19120430.txt,,0,2,0,0,0,0,0,0,6,,,,,,0,0,0,2,2,0,0,0,1,,,,,
BJMYDPY,1912-04-29,0,Texas,regular,,Houston,6,,San Antonio,7,,,2:25,,,,1,data/boxscores/transcript/1912/1912-DMN/DMN-19120430.txt,,0,0,0,2,0,2,0,0,0,0,2,,,,1,0,0,0,0,3,0,0,0,0,3,,,
LVQFZVN,1912-04-29,0,Texas,regular,,Austin,1,,Waco,4,,,1:50,,,,,data/boxscores/transcript/1912/1912-DMN/DMN-19120430.txt,,1,0,0,0,0,0,0,0,0,,,,,,0,0,1,0,0,3,0,0,x,,,,,
MCRHZJX,1912-04-29,0,Texas-Oklahoma,regular,,Denison,3,,Ardmore,2,,,,,,,,data/boxscores/transcript/1912/1912-DMN/DMN-19120430.txt,,1,0,0,0,0,0,1,0,0,1,,,,,2,0,0,0,0,0,0,0,0,0,,,,
GTFBSYF,1912-04-29,0,Texas-Oklahoma,regular,,McKinney,3,,Bonham,9,,,2:15,,,,,data/boxscores/transcript/1912/1912-DMN/DMN-19120430.txt,,0,2,0,0,0,0,0,1,0,,,,,,0,0,0,3,1,0,3,2,x,,,,,
VYYJNCT,1912-04-29,0,Texas-Oklahoma,regular,,Greenville,1,,Sherman,7,,,1:40,,,,,data/boxscores/transcript/1912/1912-DMN/DMN-19120430.txt,,0,0,0,0,0,1,0,0,0,,,,,,1,4,0,0,0,1,1,0,x,,,,,
YXMBVTB,1912-04-29,0,Texas-Oklahoma,regular,,Durant,2,,Wichita Falls,7,,,1:50,,,,,data/boxscores/transcript/1912/1912-DMN/DMN-19120430.txt,,0,0,0,0,0,2,0,0,0,,,,,,0,1,1,0,0,3,0,2,x,,,,,
DPNRZGH,1912-04-30,0,Oklahoma State,regular,,Oklahoma City,7,,Anadarko,1,,,,,,,,data/boxscores/transcript/1912/1912-DMN/DMN-19120501.txt,,1,0,0,0,0,0,0,0,6,,,,,,0,0,0,0,0,0,0,1,0,,,,,
FTZCKDW,1912-04-30,0,Oklahoma State,regular,,Tulsa,8,,Guthrie,11,,,,,,,,data/boxscores/transcript/1912/1912-DMN/DMN-19120501.txt,,0,1,1,6,0,0,0,0,0,,,,,,1,2,1,2,2,0,3,0,x,,,,,
MXWCPMD,1912-04-30,0,Oklahoma State,regular,,McAlester,5,,Holdenville,0,,,,,,,,data/boxscores/transcript/1912/1912-DMN/DMN-19120501.txt,,0,0,0,0,0,0,5,0,0,,,,,,0,0,0,2,2,2,0,0,0,,,,,
KJHWVMQ,1912-04-30,0,Oklahoma State,regular,,Muskogee,0,,Okmulgee,5,,,,,,,,data/boxscores/transcript/1912/1912-DMN/DMN-19120501.txt,,0,0,0,0,0,0,0,0,0,,,,,,2,2,1,0,0,0,0,0,0,,,,,
TBCBFNY,1912-04-30,0,South Central,regular,,Tyler,6,,Cleburne,7,,,1:55,,,,,data/boxscores/transcript/1912/1912-DMN/DMN-19120501.txt,"Dallas Morning News, 1912-05-01",0,0,0,0,2,1,0,3,0,,,,,,0,1,0,1,0,2,0,0,3,,,,,
RHPVXRV,1912-04-30,0,South Central,regular,,Texarkana,5,,Marshall,2,,,1:40,,,,,data/boxscores/transcript/1912/1912-DMN/DMN-19120501.txt,,1,0,0,0,4,0,0,0,0,,,,,,2,0,0,0,0,0,0,0,0,,,,,
MPNDRNR,1912-04-30,0,South Central,regular,,Longview,8,,Paris,5,,,2:20,,,,,data/boxscores/transcript/1912/1912-DMN/DMN-19120501.txt,,0,3,0,0,0,0,2,0,0,0,3,,,,0,0,1,2,0,1,0,1,0,0,1,,,
PQQDNHG,1912-04-30,0,Texas,regular,,Dallas,4,,Fort Worth,5,,,1:45,,,,,data/boxscores/transcript/1912/1912-DMN/DMN-19120501.txt,,1,0,0,0,0,0,0,3,0,,,,,,0,0,0,1,2,2,0,0,x,,,,,
TBHFVTX,1912-04-30,0,Texas,regular,,Beaumont,3,,Galveston,5,,,1:58,,,,,data/boxscores/transcript/1912/1912-DMN/DMN-19120501.txt,,0,2,0,0,0,0,0,0,0,,,,,,3,0,0,0,0,2,0,0,x,,,,,
PWLCBNV,1912-04-30,0,Texas,regular,,Houston,3,,San Antonio,1,,,1:20,,,,,data/boxscores/transcript/1912/1912-DMN/DMN-19120501.txt,,1,1,0,0,0,1,0,0,0,,,,,,0,0,0,0,0,0,0,1,0,,,,,
LPBZBWQ,1912-04-30,0,Texas,regular,,Austin,2,Downey,Waco,9,,,1:40,,,,,data/boxscores/transcript/1912/1912-DMN/DMN-19120501.txt,,0,0,0,0,1,0,0,0,0,,,,,,0,0,1,0,3,0,5,0,x,,,,,
QWYGXBW,1912-04-30,0,Texas-Oklahoma,regular,,Denison,1,,Ardmore,4,,,,,,,,data/boxscores/transcript/1912/1912-DMN/DMN-19120501.txt,,0,0,0,0,0,1,0,0,0,,,,,,0,0,0,1,0,2,1,0,x,,,,,
FJJXFWT,1912-04-30,0,Texas-Oklahoma,regular,,McKinney,0,,Bonham,9,,,2:00,,,,,data/boxscores/transcript/1912/1912-DMN/DMN-19120501.txt,,0,0,0,0,0,0,0,0,0,,,,,,5,0,1,0,1,0,2,0,x,,,,,
MVCPTXR,1912-04-30,0,Texas-Oklahoma,regular,,Greenville,2,,Sherman,10,,,1:50,,,,,data/boxscores/transcript/1912/1912-DMN/DMN-19120501.txt,,0,0,1,0,1,0,0,0,0,,,,,,0,3,0,0,4,0,0,3,x,,,,,
GPNNVCJ,1912-04-30,0,Texas-Oklahoma,regular,,Durant,4,,Wichita Falls,6,,,1:40,,,,,data/boxscores/transcript/1912/1912-DMN/DMN-19120501.txt,,4,0,0,0,0,0,0,0,0,,,,,,0,0,1,0,5,0,0,0,x,,,,,
RZFZSYF,1912-05-01,0,Oklahoma State,regular,,Oklahoma City,1,,Anadarko,10,,,,,,,,data/boxscores/transcript/1912/1912-DMN/DMN-19120502.txt,,0,1,0,0,0,0,0,0,0,,,,,,1,0,1,0,2,2,2,2,x,,,,,
TGFLRYW,1912-05-01,0,Oklahoma State,regular,,Tulsa,13,,Guthrie,12,,,,,,,,data/boxscores/transcript/1912/1912-DMN/DMN-19120502.txt,,5,3,0,2,0,3,0,0,0,,,,,,1,1,0,7,0,2,0,0,0,,,,,
WBHHGFP,1912-05-01,0,Oklahoma State,regular,,McAlester,6,,Holdenville,13,,,,,,,,data/boxscores/transcript/1912/1912-DMN/DMN-19120502.txt,,1,0,0,2,0,1,0,2,0,,,,,,0,0,0,2,0,3,0,8,0,,,,,
HXBNMGX,1912-05-01,0,Oklahoma State,regular,,Muskogee,1,,Okmulgee,15,,,,,,,,data/boxscores/transcript/1912/1912-DMN/DMN-19120502.txt,,1,0,0,0,0,0,0,0,0,,,,,,2,0,1,2,6,1,2,0,1,,,,,
XVNBFGW,1912-05-01,0,South Central,regular,,Tyler,2,,Cleburne,3,,,1:45,,,,,data/boxscores/transcript/1912/1912-DMN/DMN-19120502.txt,,0,0,0,0,0,1,0,0,1,,,,,,0,0,0,0,1,0,0,0,2,,,,,
YLRKNQH,1912-05-01,0,South Central,regular,,Texarkana,2,,Marshall,3,,,1:45,,,,,data/boxscores/transcript/1912/1912-DMN/DMN-19120502.txt,,0,0,1,0,0,0,0,1,0,,,,,,0,0,0,0,0,0,2,1,x,,,,,
JPTPPBJ,1912-05-01,0,South Central,regular,,Longview,1,,Paris,4,,,1:20,,,,,data/boxscores/transcript/1912/1912-DMN/DMN-19120502.txt,,0,0,0,0,0,0,0,0,1,,,,,,1,0,0,0,0,1,0,2,x,,,,,
KVRBTFD,1912-05-01,0,Texas,regular,,Dallas,,,Fort Worth,,,,2:00,,,,,data/boxscores/transcript/1912/1912-DMN/DMN-19120502.txt,,,,,,,,,,,,,,,,,,,,,,,,,,,,,
ZXXNZHV,1912-05-01,0,Texas,regular,,Beaumont,1,Dever,Galveston,1,,,2:14,,,,,data/boxscores/transcript/1912/1912-DMN/DMN-19120502.txt,,0,0,0,1,0,0,0,0,0,0,0,,,,0,0,0,0,1,0,0,0,0,0,0,,,
ZDHQLSL,1912-05-01,0,Texas,regular,,Houston,6,,San Antonio,7,,,1:45,,,,,data/boxscores/transcript/1912/1912-DMN/DMN-19120502.txt,,2,0,3,0,0,0,0,1,0,,,,,,1,0,0,1,0,0,5,0,0,,,,,
HSZFQLR,1912-05-01,0,Texas,regular,,Austin,0,,Waco,4,,,1:20,,,,,data/boxscores/transcript/1912/1912-DMN/DMN-19120502.txt,,0,0,0,0,0,0,0,0,0,,,,,,0,0,1,0,3,0,0,0,x,,,,,
QPVSVWF,1912-05-01,0,Texas-Oklahoma,regular,,Denison,4,,Ardmore,5,,,,,,,2,data/boxscores/transcript/1912/1912-DMN/DMN-19120502.txt,,0,0,1,3,0,0,0,0,0,,,,,,2,0,0,0,1,0,1,0,1,,,,,
DPLQZDD,1912-05-01,0,Texas-Oklahoma,regular,,McKinney,2,,Bonham,1,,,1:50,,,,,data/boxscores/transcript/1912/1912-DMN/DMN-19120502.txt,,0,0,1,0,0,1,0,0,0,,,,,,0,0,0,0,0,0,1,0,0,,,,,
HBZVSXF,1912-05-01,0,Texas-Oklahoma,regular,,Greenville,0,,Sherman,10,,,1:45,,,,,data/boxscores/transcript/1912/1912-DMN/DMN-19120502.txt,,0,0,0,0,0,0,0,0,0,,,,,,2,1,0,0,3,4,0,0,x,,,,,
SRNFCMD,1912-05-01,0,Texas-Oklahoma,regular,,Durant,10,,Wichita Falls,3,,,1:58,,,,,data/boxscores/transcript/1912/1912-DMN/DMN-19120502.txt,,5,1,1,0,0,0,0,3,0,,,,,,0,0,0,0,0,0,3,0,0,,,,,
FZJFWQL,1912-05-02,0,Oklahoma State,regular,,Oklahoma City,9,,Anadarko,3,,,,,,,,data/boxscores/transcript/1912/1912-DMN/DMN-19120503.txt,,0,6,1,0,0,0,0,2,0,,,,,,1,0,0,0,0,0,0,0,2,,,,,
HFRTKWJ,1912-05-02,0,Oklahoma State,regular,,Tulsa,14,,Guthrie,4,,,,,,,,data/boxscores/transcript/1912/1912-DMN/DMN-19120503.txt,,1,1,1,0,4,0,7,0,0,,,,,,0,0,0,0,2,2,0,0,0,,,,,
ZXTZXNR,1912-05-02,0,Oklahoma State,regular,,McAlester,9,,Holdenville,16,,,,,,,,data/boxscores/transcript/1912/1912-DMN/DMN-19120503.txt,,0,1,1,4,0,0,0,1,2,,,,,,3,0,0,3,1,3,0,6,0,,,,,
ZWQJKSZ,1912-05-02,0,Oklahoma State,regular,,Muskogee,9,,Okmulgee,10,,,,,,,,data/boxscores/transcript/1912/1912-DMN/DMN-19120503.txt,,0,1,2,0,6,0,0,0,0,,,,,,5,0,3,0,0,1,0,0,1,,,,,
HZGYVSH,1912-05-02,0,South Central,regular,,Paris,3,,Cleburne,7,,,1:45,,,,,data/boxscores/transcript/1912/1912-DMN/DMN-19120503.txt,,1,1,0,1,0,0,0,0,0,,,,,,4,0,2,0,0,0,1,0,x,,,,,
DCFLMKG,1912-05-02,0,South Central,regular,,Longview,1,,Texarkana,0,,,1:40,,,,,data/boxscores/transcript/1912/1912-DMN/DMN-19120503.txt,,0,0,0,1,0,0,0,0,0,,,,,,0,0,0,0,0,0,0,0,0,,,,,
DTCFMCX,1912-05-02,0,South Central,regular,,Marshall,1,,Tyler,5,,,1:55,,,,,data/boxscores/transcript/1912/1912-DMN/DMN-19120503.txt,,0,0,0,0,1,0,0,0,0,,,,,,1,0,1,0,0,1,0,2,0,,,,,
MTQGWFG,1912-05-02,0,Texas,regular,,Waco,0,,Austin,1,,,1:15,,,,,data/boxscores/transcript/1912/1912-DMN/DMN-19120503.txt,,0,0,0,0,0,0,0,0,0,,,,,,0,0,0,0,0,0,1,0,x,,,,,
ZZPCRTS,1912-05-02,0,Texas,regular,,Galveston,9,,Beaumont,5,,,2:00,,,,,data/boxscores/transcript/1912/1912-DMN/DMN-19120503.txt,,0,0,5,0,0,0,3,1,0,,,,,,2,0,1,0,0,0,2,0,0,,,,,
GNVPCSS,1912-05-02,0,Texas,regular,,Fort Worth,1,,Dallas,6,,,1:30,,,,,data/boxscores/transcript/1912/1912-DMN/DMN-19120503.txt,,0,1,0,0,0,0,0,0,0,,,,,,0,2,1,0,1,2,0,0,x,,,,,
SYKCXBC,1912-05-02,0,Texas,regular,,San Antonio,3,,Houston,8,,,2:00,,,,,data/boxscores/transcript/1912/1912-DMN/DMN-19120503.txt,,0,0,0,0,3,0,0,0,0,,,,,,0,0,2,0,0,5,0,1,x,,,,,
HPXTVCJ,1912-05-02,0,Texas-Oklahoma,regular,,Durant,2,,Ardmore,3,McAvoy,,1:45,,,,1,data/boxscores/transcript/1912/1912-DMN/DMN-19120503.txt,,0,0,1,0,0,1,0,0,0,,,,,,0,0,0,0,0,0,0,1,2,,,,,
KXHRQJD,1912-05-02,0,Texas-Oklahoma,regular,,Bonham,8,,Denison,1,,,1:30,,,,,data/boxscores/transcript/1912/1912-DMN/DMN-19120503.txt,,0,1,0,1,2,0,0,2,2,,,,,,0,0,1,0,0,0,0,0,0,,,,,
KQWGBJP,1912-05-02,0,Texas-Oklahoma,regular,,Greenville,6,,McKinney,7,,1500,,,,,,data/boxscores/transcript/1912/1912-DMN/DMN-19120503.txt,,0,0,0,1,0,4,1,0,0,,,,,,1,0,0,0,4,0,1,1,x,,,,,
VMSWTHW,1912-05-02,0,Texas-Oklahoma,regular,,Sherman,1,,Wichita Falls,4,,,1:55,,,,,data/boxscores/transcript/1912/1912-DMN/DMN-19120503.txt,,0,0,0,0,0,0,0,0,1,,,,,,0,1,2,0,0,0,1,0,x,,,,,
BCLVSTC,1912-05-03,0,Oklahoma State,regular,,Holdenville,,,McAlester,,,,,,,,,data/boxscores/transcript/1912/1912-DMN/DMN-19120504.txt,,,,,,,,,,,,,,,,,,,,,,,,,,,,,
TTLXZNP,1912-05-03,0,Oklahoma State,regular,,Okmulgee,3,,Muskogee,1,,,,,,,,data/boxscores/transcript/1912/1912-DMN/DMN-19120504.txt,,0,3,0,0,0,0,0,0,0,,,,,,0,0,0,0,0,0,1,0,0,,,,,
XKWMVSC,1912-05-03,0,Oklahoma State,regular,,Anadarko,6,,Oklahoma City,1,,,,,,,,data/boxscores/transcript/1912/1912-DMN/DMN-19120504.txt,,0,1,0,0,2,2,0,0,1,,,,,,0,0,1,0,0,0,0,0,0,,,,,
NFKJHXB,1912-05-03,0,Oklahoma State,regular,,Guthrie,2,,Tulsa,14,,,,,,,,data/boxscores/transcript/1912/1912-DMN/DMN-19120504.txt,,1,0,0,0,0,1,0,0,0,,,,,,2,0,8,0,0,4,0,0,0,,,,,
XYKPYHY,1912-05-03,0,South Central,regular,,Paris,2,,Cleburne,7,,,1:50,,,,,data/boxscores/transcript/1912/1912-DMN/DMN-19120504.txt,,1,0,0,0,0,0,0,1,0,,,,,,0,1,3,0,1,0,0,2,x,,,,,
RRPDCNV,1912-05-03,0,South Central,regular,,Longview,13,,Texarkana,0,,,1:40,,,,,data/boxscores/transcript/1912/1912-DMN/DMN-19120504.txt,,0,0,1,3,5,0,0,3,1,,,,,,0,0,0,0,0,0,0,0,0,,,,,
FHSQHWG,1912-05-03,0,South Central,regular,,Marshall,8,,Tyler,3,,,,,,,,data/boxscores/transcript/1912/1912-DMN/DMN-19120504.txt,,1,1,0,0,0,2,4,0,0,,,,,,0,0,0,0,0,0,1,1,1,,,,,
PRHDLSJ,1912-05-03,0,Texas,regular,,Waco,5,,Austin,3,,,2:25,,,,,data/boxscores/transcript/1912/1912-DMN/DMN-19120504.txt,,0,0,2,1,0,0,0,0,0,0,2,,,,0,0,2,0,0,1,0,0,0,0,0,,,
YWXZPTF,1912-05-03,0,Texas,regular,,Galveston,2,,Beaumont,3,,,1:55,,,,,data/boxscores/transcript/1912/1912-DMN/DMN-19120504.txt,,0,0,0,0,0,1,1,0,0,,,,,,0,0,2,0,1,0,0,0,x,,,,,
MCQFKGD,1912-05-03,0,Texas,regular,,Fort Worth,2,,Dallas,1,,,1:35,,,,,data/boxscores/transcript/1912/1912-DMN/DMN-19120504.txt,,0,0,0,0,2,0,0,0,0,,,,,,0,0,0,0,0,0,1,0,0,,,,,
XHPYDRJ,1912-05-03,0,Texas,regular,,San Antonio,0,,Houston,12,,,2:00,,,,,data/boxscores/transcript/1912/1912-DMN/DMN-19120504.txt,,0,0,0,0,0,0,0,0,0,,,,,,1,0,3,0,5,0,0,3,x,,,,,
RJLVDYJ,1912-05-03,0,Texas-Oklahoma,regular,,Durant,0,,Ardmore,5,,,1:45,,,,,data/boxscores/transcript/1912/1912-DMN/DMN-19120504.txt,,0,0,0,0,0,0,0,0,0,,,,,,0,0,1,1,0,0,1,2,x,,,,,
DLDNXKS,1912-05-03,0,Texas-Oklahoma,regular,,Bonham,3,,Denison,0,,,2:05,,,,,data/boxscores/transcript/1912/1912-DMN/DMN-19120504.txt,,0,0,0,1,2,0,0,0,0,,,,,,0,0,0,0,0,0,0,0,0,,,,,
NLYQCDF,1912-05-03,0,Texas-Oklahoma,regular,,Greenville,14,,McKinney,1,,,2:00,,,,,data/boxscores/transcript/1912/1912-DMN/DMN-19120504.txt,,3,0,3,3,1,0,0,0,4,,,,,,0,0,0,0,0,1,0,0,0,,,,,
LJQKKVB,1912-05-03,0,Texas-Oklahoma,regular,,Sherman,0,,Wichita Falls,1,,,1:55,,,,,data/boxscores/transcript/1912/1912-DMN/DMN-19120504.txt,,0,0,0,0,0,0,0,0,0,,,,,,0,0,0,0,1,0,0,0,x,,,,,
SXDGCPX,1912-05-04,0,Dallas Commercial,regular,,Guaranty State Bank,,,Magnolia Petroleum,,,,,,,,,data/boxscores/transcript/1912/1912-DMN/DMN-19120505.txt,,,,,,,,,,,,,,,,,,,,,,,,,,,,,
ZHGGRHH,1912-05-04,0,Dallas Commercial,regular,,City National Bank,12,,Southwestern Telephone,2,,,,,,,,data/boxscores/transcript/1912/1912-DMN/DMN-19120505.txt,,0,1,0,0,4,4,2,0,1,,,,,,1,0,0,0,0,0,1,0,0,,,,,
SGJPTNR,1912-05-04,0,Dallas Commercial,regular,,Butler Brothers,3,,Western Electric,13,,,2:15,,,,,data/boxscores/transcript/1912/1912-DMN/DMN-19120505.txt,,1,0,0,0,0,0,0,2,0,,,,,,3,5,1,0,0,2,0,1,x,,,,,
NBVCDZG,1912-05-04,0,Oklahoma State,regular,,Holdenville,2,,McAlester,3,,,,,,,,data/boxscores/transcript/1912/1912-DMN/DMN-19120505.txt,,2,0,0,0,0,0,0,0,0,,,,,,0,0,0,0,0,0,2,0,1,,,,,
NBJXDFP,1912-05-04,0,Oklahoma State,regular,,Okmulgee,10,,Muskogee,7,,,,,,,,data/boxscores/transcript/1912/1912-DMN/DMN-19120505.txt,,0,0,0,1,6,0,2,0,1,,,,,,0,2,0,1,2,1,0,1,0,,,,,
SYXTWNV,1912-05-04,0,Oklahoma State,regular,,Anadarko,14,,Oklahoma City,4,,,,,,,,data/boxscores/transcript/1912/1912-DMN/DMN-19120505.txt,,1,2,1,2,1,0,2,5,0,,,,,,3,0,0,0,1,0,0,0,0,,,,,
LSHMMKG,1912-05-04,0,Oklahoma State,regular,,Guthrie,2,,Tulsa,4,,,,,,,,data/boxscores/transcript/1912/1912-DMN/DMN-19120505.txt,,0,0,0,0,0,1,0,0,1,,,,,,2,0,0,0,0,2,0,0,x,,,,,
KCHTQNQ,1912-05-04,0,South Central,regular,,Paris,0,,Cleburne,7,,,1:40,,,,,data/boxscores/transcript/1912/1912-DMN/DMN-19120505.txt,,0,0,0,0,0,0,0,0,0,,,,,,2,0,1,0,2,0,2,0,x,,,,,
QWNRFNG,1912-05-04,0,South Central,regular,,Longview,1,,Texarkana,3,,,1:35,,,,,data/boxscores/transcript/1912/1912-DMN/DMN-19120505.txt,,0,0,0,0,0,0,0,1,0,,,,,,0,0,3,0,0,0,0,0,x,,,,,
QTZBWXZ,1912-05-04,0,South Central,regular,,Marshall,1,,Tyler,4,,,,,,,,data/boxscores/transcript/1912/1912-DMN/DMN-19120505.txt,,0,0,1,0,0,0,0,0,0,,,,,,0,1,0,3,0,0,0,0,x,,,,,
HMTMJCQ,1912-05-04,0,Texas,regular,,Waco,10,,Austin,4,,,1:50,,,,,data/boxscores/transcript/1912/1912-DMN/DMN-19120505.txt,,0,0,1,0,2,3,1,0,3,,,,,,1,0,0,1,0,0,0,1,1,,,,,
ZCGSGLG,1912-05-04,0,Texas,regular,,Galveston,,,Beaumont,,,,,,postponed,wet grounds,,data/boxscores/transcript/1912/1912-DMN/DMN-19120505.txt,,,,,,,,,,,,,,,,,,,,,,,,,,,,,
PPFNHDJ,1912-05-04,0,Texas,regular,,Fort Worth,1,,Dallas,4,,,1:45,,,,,data/boxscores/transcript/1912/1912-DMN/DMN-19120505.txt,,0,0,0,0,0,1,0,0,0,,,,,,0,0,0,0,0,0,1,3,x,,,,,
TPWKTYT,1912-05-04,0,Texas,regular,,San Antonio,11,,Houston,2,,,1:45,,,,,data/boxscores/transcript/1912/1912-DMN/DMN-19120505.txt,,1,3,0,0,0,0,1,0,6,,,,,,0,0,0,0,0,0,2,0,0,,,,,
KYJWJWR,1912-05-04,0,Texas-Oklahoma,regular,,Durant,5,,Ardmore,2,,,,,,,,data/boxscores/transcript/1912/1912-DMN/DMN-19120505.txt,,0,0,0,0,2,1,2,0,0,,,,,,0,0,0,0,0,0,1,1,0,,,,,
YHMSYFJ,1912-05-04,0,Texas-Oklahoma,regular,,Bonham,4,,Denison,6,,,1:50,,,,,data/boxscores/transcript/1912/1912-DMN/DMN-19120505.txt,,0,2,0,0,0,1,0,1,0,,,,,,0,0,1,1,3,0,1,0,x,,,,,
MMNLGQB,1912-05-04,0,Texas-Oklahoma,regular,,Greenville,,,McKinney,,,,,,postponed,wet grounds,,data/boxscores/transcript/1912/1912-DMN/DMN-19120505.txt,,,,,,,,,,,,,,,,,,,,,,,,,,,,,
JWVZTML,1912-05-04,0,Texas-Oklahoma,regular,,Sherman,12,,Wichita Falls,2,,,1:35,,,,,data/boxscores/transcript/1912/1912-DMN/DMN-19120505.txt,,1,2,1,1,0,0,3,0,4,,,,,,0,2,0,0,0,0,0,0,0,,,,,
NRRRFLY,1912-05-05,0,Dallas City,regular,,Dallas Foundry,4,,Moose,2,,,1:50,,,,,data/boxscores/transcript/1912/1912-DMN/DMN-19120506.txt,,0,1,0,0,0,3,0,0,0,,,,,,0,2,0,0,0,0,0,0,0,,,,,
MBDJHKC,1912-05-05,0,Dallas City,regular,,Brown Crackers,7,,W. O. W.,3,,,1:50,,,,,data/boxscores/transcript/1912/1912-DMN/DMN-19120506.txt,,0,1,0,0,1,1,4,0,0,,,,,,1,0,0,1,0,1,0,0,0,,,,,
CRVNCCD,1912-05-05,0,Oklahoma State,regular,,Holdenville,1,,McAlester,10,,,,,,,,data/boxscores/transcript/1912/1912-DMN/DMN-19120506.txt,,0,0,0,0,0,0,1,0,0,,,,,,1,2,0,1,4,1,0,1,x,,,,,
DNVNNCN,1912-05-05,0,Oklahoma State,regular,,Okmulgee,6,,Muskogee,0,,,,,,,,data/boxscores/transcript/1912/1912-DMN/DMN-19120506.txt,,0,0,0,2,4,0,0,0,0,,,,,,0,0,0,0,0,0,0,0,0,,,,,
ZKDHDGT,1912-05-05,0,Oklahoma State,regular,,Anadarko,7,,Oklahoma City,6,,,,,,,,data/boxscores/transcript/1912/1912-DMN/DMN-19120506.txt,,0,0,2,0,0,4,0,0,0,0,1,,,,1,0,0,1,1,0,0,0,3,0,0,,,
FKSTNXX,1912-05-05,0,Oklahoma State,regular,,Guthrie,3,,Tulsa,4,,,,,,,,data/boxscores/transcript/1912/1912-DMN/DMN-19120506.txt,,0,0,1,0,0,1,0,0,0,1,,,,,0,2,0,0,0,0,0,0,0,2,,,,
FRNJMBY,1912-05-05,0,South Central,regular,,Paris,8,,Cleburne,13,,,2:00,,,,,data/boxscores/transcript/1912/1912-DMN/DMN-19120506.txt,,0,1,2,0,4,0,0,0,1,,,,,,2,1,2,1,1,0,3,3,x,,,,,
NDMPKQF,1912-05-05,0,South Central,regular,,Tyler,2,,Marshall,3,,816,2:00,,,,,data/boxscores/transcript/1912/1912-DMN/DMN-19120506.txt,,0,0,0,1,1,0,0,0,0,,,,,,1,0,0,1,0,1,0,0,x,,,,,
WVMHQSW,1912-05-05,0,South Central,regular,,Longview,3,,Texarkana,1,,,1:35,,,,,data/boxscores/transcript/1912/1912-DMN/DMN-19120506.txt,,0,1,0,0,0,0,0,0,2,,,,,,0,0,0,0,0,0,0,0,1,,,,,
JRKHNGJ,1912-05-05,0,Texas,regular,,Waco,,,Austin,,,,,,postponed,rain,,data/boxscores/transcript/1912/1912-DMN/DMN-19120506.txt,,,,,,,,,,,,,,,,,,,,,,,,,,,,,
XFJHFQT,1912-05-05,0,Texas,regular,,Galveston,,,Beaumont,,,,,,postponed,rain,,data/boxscores/transcript/1912/1912-DMN/DMN-19120506.txt,,,,,,,,,,,,,,,,,,,,,,,,,,,,,
WDVMVZY,1912-05-05,0,Texas,regular,,Fort Worth,0,,Dallas,5,,,1:30,,,,,data/boxscores/transcript/1912/1912-DMN/DMN-19120506.txt,,0,0,0,0,0,0,0,0,0,,,,,,0,0,0,0,2,2,1,0,x,,,,,
RDJYMZY,1912-05-05,0,Texas,regular,,San Antonio,3,,Houston,1,,,1:45,,,,,data/boxscores/transcript/1912/1912-DMN/DMN-19120506.txt,,0,0,1,0,1,1,0,0,0,,,,,,0,0,0,0,0,0,1,0,0,,,,,
QRDKBRP,1912-05-05,0,Texas-Oklahoma,regular,,Durant,4,,Ardmore,7,,,,,,,,data/boxscores/transcript/1912/1912-DMN/DMN-19120506.txt,,1,2,0,0,0,0,0,0,1,,,,,,3,0,0,3,0,0,1,0,x,,,,,
NHZZWLN,1912-05-05,0,Texas-Oklahoma,regular,,Bonham,3,,Denison,0,,2500,1:45,,,,,data/boxscores/transcript/1912/1912-DMN/DMN-19120506.txt,,0,0,0,2,0,0,0,1,0,,,,,,0,0,0,0,0,0,0,0,0,,,,,
NMRJPGJ,1912-05-05,0,Texas-Oklahoma,regular,"Coursing Park, Sherman",Greenville,2,,McKinney,0,,,1:45,,,,,data/boxscores/transcript/1912/1912-DMN/DMN-19120506.txt,,0,1,0,0,0,1,0,0,0,,,,,,0,0,0,0,0,0,0,0,0,,,,,
LCCVVFZ,1912-05-05,0,Texas-Oklahoma,regular,,Sherman,2,,Wichita Falls,1,,,1:55,,,,,data/boxscores/transcript/1912/1912-DMN/DMN-19120506.txt,,0,0,0,2,0,0,0,0,0,,,,,,0,0,1,0,0,0,0,0,0,,,,,
NWLNPQL,1912-05-06,0,Oklahoma State,regular,,Okmulgee,5,,Anadarko,4,,,,,,,,data/boxscores/transcript/1912/1912-DMN/DMN-19120507.txt,,0,0,1,1,0,0,0,0,3,,,,,,2,0,0,0,0,2,0,0,0,,,,,
QKLYGGF,1912-05-06,0,Oklahoma State,regular,,Holdenville,9,,Guthrie,3,,,,,,,,data/boxscores/transcript/1912/1912-DMN/DMN-19120507.txt,,0,0,4,0,3,2,0,0,0,,,,,,2,0,0,1,0,0,0,0,0,,,,,
LSGRRLK,1912-05-06,0,Oklahoma State,regular,,Muskogee,4,,Oklahoma City,5,,,,,,,,data/boxscores/transcript/1912/1912-DMN/DMN-19120507.txt,,0,1,0,0,0,1,0,1,1,,,,,,0,1,1,0,1,0,0,0,2,,,,,
DJXLFSG,1912-05-06,0,Oklahoma State,regular,,McAlester,0,,Tulsa,4,,,,,,,,data/boxscores/transcript/1912/1912-DMN/DMN-19120507.txt,,0,0,0,0,0,0,0,0,0,,,,,,0,1,2,0,0,0,0,1,x,,,,,
SCRPSHL,1912-05-06,0,South Central,regular,,Paris,2,,Longview,0,,,1:29,,,,,data/boxscores/transcript/1912/1912-DMN/DMN-19120507.txt,,0,1,0,0,0,0,0,0,1,,,,,,0,0,0,0,0,0,0,0,0,,,,,
YNJGMVB,1912-05-06,0,South Central,regular,,Cleburne,2,,Marshall,1,,,1:55,,,,,data/boxscores/transcript/1912/1912-DMN/DMN-19120507.txt,,0,0,0,0,0,2,0,0,0,,,,,,0,0,0,0,1,0,0,0,1,,,,,
HMXXJPJ,1912-05-06,0,South Central,regular,,Texarkana,4,,Tyler,5,,,1:45,,,,1,data/boxscores/transcript/1912/1912-DMN/DMN-19120507.txt,,0,1,0,0,0,3,0,0,0,,,,,,0,0,0,0,1,0,1,1,2,,,,,
WKWKFKD,1912-05-06,0,Texas,regular,,Fort Worth,0,,Beaumont,6,,,1:55,,,,,data/boxscores/transcript/1912/1912-DMN/DMN-19120507.txt,,0,0,0,0,0,0,0,0,0,,,,,,1,2,0,3,0,0,0,0,0,,,,,
MTQHVTF,1912-05-06,0,Texas,regular,,Austin,,,Galveston,,,,,,postponed,wet grounds,,data/boxscores/transcript/1912/1912-DMN/DMN-19120507.txt,,,,,,,,,,,,,,,,,,,,,,,,,,,,,
QSZPMLR,1912-05-06,0,Texas,regular,,Dallas,4,,Houston,5,,,,,,,1,data/boxscores/transcript/1912/1912-DMN/DMN-19120507.txt,,2,0,0,1,0,1,0,0,0,0,0,0,,,0,0,0,0,0,2,0,2,0,0,0,1,,
PFQZFFL,1912-05-06,0,Texas,regular,,Waco,,,San Antonio,,,,,,postponed,wet grounds,,data/boxscores/transcript/1912/1912-DMN/DMN-19120507.txt,,,,,,,,,,,,,,,,,,,,,,,,,,,,,
DJZDTVH,1912-05-06,0,Texas-Oklahoma,regular,,Greenville,0,,Bonham,5,,,1:30,,,,,data/boxscores/transcript/1912/1912-DMN/DMN-19120507.txt,,0,0,0,0,0,0,0,0,0,,,,,,3,0,2,0,0,0,0,0,0,,,,,
JKDWTHZ,1912-05-06,0,Texas-Oklahoma,regular,,McKinney,4,,Denison,8,,,1:45,,,,,data/boxscores/transcript/1912/1912-DMN/DMN-19120507.txt,,1,0,0,0,0,0,0,2,1,,,,,,3,1,1,0,0,0,3,0,0,,,,,
NJLQSHG,1912-05-06,0,Texas-Oklahoma,regular,,Ardmore,7,,Durant,2,,,,,,,,data/boxscores/transcript/1912/1912-DMN/DMN-19120507.txt,,0,1,1,3,1,0,1,0,0,,,,,,0,0,0,1,0,1,0,0,0,,,,,
YDMGWNC,1912-05-06,0,Texas-Oklahoma,regular,,Wichita Falls,2,,Sherman,1,,,1:30,,,,,data/boxscores/transcript/1912/1912-DMN/DMN-19120507.txt,,0,1,0,0,0,0,0,1,0,,,,,,0,0,0,0,0,0,1,0,0,,,,,
NWDWCWX,1912-05-07,0,Oklahoma State,regular,,Okmulgee,4,,Anadarko,3,,,,,,,,data/boxscores/transcript/1912/1912-DMN/DMN-19120508.txt,,0,0,0,1,0,1,0,2,0,,,,,,0,0,0,0,0,0,1,2,0,,,,,
GTNSHMM,1912-05-07,0,Oklahoma State,regular,,Holdenville,,,Guthrie,,,,,,postponed,rain,,data/boxscores/transcript/1912/1912-DMN/DMN-19120508.txt,,,,,,,,,,,,,,,,,,,,,,,,,,,,,
JDKHXTP,1912-05-07,0,Oklahoma State,regular,,Muskogee,,,Oklahoma City,,,,,,postponed,rain,,data/boxscores/transcript/1912/1912-DMN/DMN-19120508.txt,,,,,,,,,,,,,,,,,,,,,,,,,,,,,
ZWSNJYP,1912-05-07,0,Oklahoma State,regular,,McAlester,8,,Tulsa,6,,,,,,,,data/boxscores/transcript/1912/1912-DMN/DMN-19120508.txt,,0,0,0,4,0,0,1,0,3,,,,,,0,0,0,0,5,0,1,0,0,,,,,
YBRQMMS,1912-05-07,0,South Central,regular,,Paris,5,,Longview,6,,,1:30,,,,,data/boxscores/transcript/1912/1912-DMN/DMN-19120508.txt,,2,0,0,0,0,2,0,0,1,,,,,,4,0,0,0,0,0,1,1,x,,,,,
DBVQNRN,1912-05-07,0,South Central,regular,,Cleburne,6,,Marshall,1,,,2:30,,,,,data/boxscores/transcript/1912/1912-DMN/DMN-19120508.txt,,2,2,0,0,1,0,0,0,1,,,,,,0,0,0,1,0,0,0,0,0,,,,,
QXJRFRC,1912-05-07,0,South Central,regular,,Texarkana,4,,Tyler,11,,,2:00,,,,,data/boxscores/transcript/1912/1912-DMN/DMN-19120508.txt,,0,0,1,1,0,0,2,0,0,,,,,,2,2,0,1,1,0,5,0,x,,,,,
LNNRGVW,1912-05-07,0,Texas,regular,,Fort Worth,6,,Beaumont,1,,,2:00,,,,,data/boxscores/transcript/1912/1912-DMN/DMN-19120508.txt,,0,2,0,0,4,0,0,0,0,,,,,,0,0,0,1,0,0,0,0,0,,,,,
TRGLPJR,1912-05-07,0,Texas,regular,,Austin,1,,Galveston,4,,,1:33,,,,,data/boxscores/transcript/1912/1912-DMN/DMN-19120508.txt,,0,0,0,0,0,0,0,0,1,,,,,,0,0,4,0,0,0,0,0,x,,,,,
WHQGPZH,1912-05-07,0,Texas,regular,,Dallas,1,,Houston,7,,,1:55,,,,,data/boxscores/transcript/1912/1912-DMN/DMN-19120508.txt,,0,1,0,0,0,0,0,0,0,,,,,,0,0,0,0,1,4,0,2,x,,,,,
LNKMCLW,1912-05-07,0,Texas,regular,,Waco,0,,San Antonio,4,,,1:40,,,,,data/boxscores/transcript/1912/1912-DMN/DMN-19120508.txt,,0,0,0,0,0,0,0,0,0,,,,,,1,0,0,0,1,0,0,2,x,,,,,
ZYQWMPH,1912-05-07,0,Texas-Oklahoma,regular,,Greenville,4,,Bonham,8,,,2:00,,,,,data/boxscores/transcript/1912/1912-DMN/DMN-19120508.txt,,0,0,0,1,1,0,2,0,0,,,,,,0,0,0,0,4,4,0,0,x,,,,,
CDZQFYT,1912-05-07,0,Texas-Oklahoma,regular,,McKinney,5,,Denison,7,,,1:45,,,,,data/boxscores/transcript/1912/1912-DMN/DMN-19120508.txt,,2,0,2,1,0,0,0,0,0,,,,,,0,1,1,0,0,0,5,0,0,,,,,
DLNYJHP,1912-05-07,0,Texas-Oklahoma,regular,,Ardmore,1,,Durant,0,,,,,,,,data/boxscores/transcript/1912/1912-DMN/DMN-19120508.txt,,0,0,0,0,0,0,0,0,0,0,1,,,,0,0,0,0,0,0,0,0,0,0,0,,,
YVVZDZS,1912-05-07,0,Texas-Oklahoma,regular,,Wichita Falls,5,,Sherman,0,,,1:50,,,,,data/boxscores/transcript/1912/1912-DMN/DMN-19120508.txt,,0,0,2,0,2,0,0,1,0,,,,,,0,0,0,0,0,0,0,0,0,,,,,
GLMVYPK,1912-05-08,0,Oklahoma State,regular,,Okmulgee,,,Anadarko,,,,,,,,,data/boxscores/transcript/1912/1912-DMN/DMN-19120509.txt,,,,,,,,,,,,,,,,,,,,,,,,,,,,,
WYHPHGQ,1912-05-08,0,Oklahoma State,regular,,Holdenville,7,,Guthrie,12,,,,,,,,data/boxscores/transcript/1912/1912-DMN/DMN-19120509.txt,,1,0,3,0,2,0,1,0,0,,,,,,5,0,0,1,1,4,1,0,x,,,,,
ZQQGXYV,1912-05-08,0,Oklahoma State,regular,,Oklahoma City,,,Muskogee,,,,,,,,,data/boxscores/transcript/1912/1912-DMN/DMN-19120509.txt,,,,,,,,,,,,,,,,,,,,,,,,,,,,,
LMSMFGY,1912-05-08,0,Oklahoma State,regular,,McAlester,,,Tulsa,,,,,,,,,data/boxscores/transcript/1912/1912-DMN/DMN-19120509.txt,,,,,,,,,,,,,,,,,,,,,,,,,,,,,
ZBWKKKV,1912-05-08,0,South Central,regular,,Paris,4,,Longview,3,,,1:39,,,,,data/boxscores/transcript/1912/1912-DMN/DMN-19120509.txt,,0,0,1,2,0,1,0,0,0,,,,,,0,0,0,0,0,3,0,0,0,,,,,
WNMWTBT,1912-05-08,0,South Central,regular,,Cleburne,3,,Marshall,5,,,2:10,,,,,data/boxscores/transcript/1912/1912-DMN/DMN-19120509.txt,,0,0,0,1,0,0,0,2,0,,,,,,1,0,1,0,0,1,0,2,x,,,,,
QHWNCZV,1912-05-08,0,South Central,regular,,Texarkana,5,,Tyler,2,,,2:10,,,,,data/boxscores/transcript/1912/1912-DMN/DMN-19120509.txt,,0,1,0,0,0,0,0,3,1,,,,,,1,0,0,0,0,0,1,0,0,,,,,
VKMGBGW,1912-05-08,0,Texas,regular,,Fort Worth,3,,Beaumont,2,,,1:55,,,,,data/boxscores/transcript/1912/1912-DMN/DMN-19120509.txt,,2,0,0,0,1,0,0,0,0,,,,,,1,0,1,0,0,0,0,0,0,,,,,
MSQJYHC,1912-05-08,1,Texas,regular,,Austin,5,,Galveston,2,,,1:58,,,,,data/boxscores/transcript/1912/1912-DMN/DMN-19120509.txt,,0,0,0,0,0,0,1,4,0,,,,,,1,0,0,0,0,0,0,1,0,,,,,
XCMJKNV,1912-05-08,2,Texas,regular,,Austin,3,,Galveston,1,,,1:16,,,,,data/boxscores/transcript/1912/1912-DMN/DMN-19120509.txt,,0,3,0,0,0,0,0,0,0,,,,,,0,1,0,0,0,0,0,0,0,,,,,
LCPZHWQ,1912-05-08,0,Texas,regular,,Dallas,1,,Houston,3,,,1:55,,,,1,data/boxscores/transcript/1912/1912-DMN/DMN-19120509.txt,,1,0,0,0,0,0,0,0,0,0,0,,,,1,0,0,0,0,0,0,0,0,0,1,,,
SZWKMBB,1912-05-08,1,Texas,regular,,Waco,9,,San Antonio,3,,,1:55,,,,,data/boxscores/transcript/1912/1912-DMN/DMN-19120509.txt,,4,0,0,0,0,4,0,0,1,,,,,,0,0,1,0,0,0,0,2,0,,,,,
MYWDJCZ,1912-05-08,2,Texas,regular,,Waco,4,,San Antonio,0,,,1:20,,,,,data/boxscores/transcript/1912/1912-DMN/DMN-19120509.txt,,0,0,1,2,0,0,1,0,x,,,,,,0,0,0,0,0,0,0,0,0,,,,,
YCWFLYW,1912-05-08,0,Texas-Oklahoma,regular,,Greenville,2,,Bonham,5,,,1:45,,,,,data/boxscores/transcript/1912/1912-DMN/DMN-19120509.txt,,0,0,0,0,1,0,1,0,0,,,,,,0,0,0,01,1,2,1,0,x,,,,,
BHKKQPY,1912-05-08,0,Texas-Oklahoma,regular,,Ardmore,8,,Durant,13,,,2:00,,,,,data/boxscores/transcript/1912/1912-DMN/DMN-19120509.txt,,0,0,0,03,0,0,1,3,1,,,,,,1,0,0,2,4,0,6,0,x,,,,,
LBNBYRK,1912-05-08,0,Texas-Oklahoma,regular,,Denison,20,,McKinney,5,,,,,,,,data/boxscores/transcript/1912/1912-DMN/DMN-19120509.txt,,,,,,,,,,,,,,,,,,,,,,,,,,,,,
STDWQTW,1912-05-08,0,Texas-Oklahoma,regular,,Wichita Falls,5,,Sherman,15,,,2:00,,,,,data/boxscores/transcript/1912/1912-DMN/DMN-19120509.txt,,0,1,0,0,2,0,0,2,0,,,,,,1,1,3,6,3,1,0,0,x,,,,,
