key,date,number,league,phase,site,away,away.score,away.manager,home,home.score,home.manager,A,T,forfeit.to,status,status.reason,outsatend,filename,source,away.score.1,away.score.2,away.score.3,away.score.4,away.score.5,away.score.6,away.score.7,away.score.8,away.score.9,away.score.10,away.score.11,away.score.12,away.score.13,away.score.14,away.score.15,away.score.16,away.score.17,away.score.18,away.score.19,home.score.1,home.score.2,home.score.3,home.score.4,home.score.5,home.score.6,home.score.7,home.score.8,home.score.9,home.score.10,home.score.11,home.score.12,home.score.13,home.score.14,home.score.15,home.score.16,home.score.17,home.score.18,home.score.19
BPRXGWS,1915-05-06,0,New York State,regular,,Utica,4,,Albany,1,,,1:50,,,,,data/boxscores/transcript/1915/1915-ESG/ESG-19150506.txt,"Elmira Star-Gazette, May 7, 1915",0,0,0,0,0,3,0,0,1,,,,,,,,,,,0,0,0,0,0,0,0,0,1,,,,,,,,,,
KZHYJDT,1915-05-06,0,New York State,regular,,Scranton,5,,Binghamton,6,,,2:15,,,,,data/boxscores/transcript/1915/1915-ESG/ESG-19150506.txt,"Elmira Star-Gazette, May 7, 1915",0,0,0,0,0,0,0,1,4,,,,,,,,,,,0,1,3,0,0,2,0,0,x,,,,,,,,,,
JXCGNZG,1915-05-06,0,New York State,regular,,Wilkes-Barre,5,,Elmira,6,,,1:45,,,,,data/boxscores/transcript/1915/1915-ESG/ESG-19150506.txt,"Elmira Star-Gazette, May 7, 1915",0,0,0,0,0,0,0,1,4,,,,,,,,,,,0,1,3,0,0,2,0,0,x,,,,,,,,,,
LMXBCHH,1915-05-06,0,New York State,regular,,Syracuse,2,,Troy,7,,,1:53,,,,,data/boxscores/transcript/1915/1915-ESG/ESG-19150506.txt,"Elmira Star-Gazette, May 7, 1915",0,0,0,0,2,0,0,0,0,,,,,,,,,,,0,4,0,0,2,0,1,0,x,,,,,,,,,,
BQMVHDS,1915-05-07,0,New York State,regular,,Utica,,,Albany,,,,,,postponed,rain,,data/boxscores/transcript/1915/1915-ESG/ESG-19150506.txt,"Elmira Star-Gazette, May 8, 1915",,,,,,,,,,,,,,,,,,,,,,,,,,,,,,,,,,,,,,
HWZGPYV,1915-05-07,0,New York State,regular,,Scranton,,,Binghamton,,,,,,postponed,rain,,data/boxscores/transcript/1915/1915-ESG/ESG-19150506.txt,"Elmira Star-Gazette, May 8, 1915",,,,,,,,,,,,,,,,,,,,,,,,,,,,,,,,,,,,,,
PXNVHFB,1915-05-07,0,New York State,regular,,Wilkes-Barre,4,,Elmira,1,,,1:47,,,,,data/boxscores/transcript/1915/1915-ESG/ESG-19150506.txt,"Elmira Star-Gazette, May 8, 1915",4,0,0,0,0,0,0,0,0,,,,,,,,,,,0,0,0,1,0,0,0,0,0,,,,,,,,,,
CWZNNXS,1915-05-07,0,New York State,regular,,Syracuse,,,Troy,,,,,,postponed,rain,,data/boxscores/transcript/1915/1915-ESG/ESG-19150506.txt,"Elmira Star-Gazette, May 8, 1915",,,,,,,,,,,,,,,,,,,,,,,,,,,,,,,,,,,,,,
WMTNXJJ,1915-05-08,0,New York State,regular,,Utica,,,Albany,,,,,,,,,data/boxscores/transcript/1915/1915-ESG/ESG-19150506.txt,"Elmira Star-Gazette, May 10, 1915",,,,,,,,,,,,,,,,,,,,,,,,,,,,,,,,,,,,,,
HKFGFZR,1915-05-08,0,New York State,regular,,Scranton,,,Binghamton,,,,,,,,,data/boxscores/transcript/1915/1915-ESG/ESG-19150506.txt,"Elmira Star-Gazette, May 10, 1915",,,,,,,,,,,,,,,,,,,,,,,,,,,,,,,,,,,,,,
NMWJSZQ,1915-05-08,0,New York State,regular,,Wilkes-Barre,2,,Elmira,4,,,1:47,,,,,data/boxscores/transcript/1915/1915-ESG/ESG-19150506.txt,"Elmira Star-Gazette, May 10, 1915",0,1,0,0,0,0,0,0,1,,,,,,,,,,,0,0,0,0,0,2,2,0,x,,,,,,,,,,
GZMWVWS,1915-05-08,0,New York State,regular,,Syracuse,,,Troy,,,,,,,,,data/boxscores/transcript/1915/1915-ESG/ESG-19150506.txt,"Elmira Star-Gazette, May 10, 1915",,,,,,,,,,,,,,,,,,,,,,,,,,,,,,,,,,,,,,
MRHZBHP,1915-05-09,0,New York State,regular,,Syracuse,1,,Albany,2,,,2:01,,,,,data/boxscores/transcript/1915/1915-ESG/ESG-19150506.txt,"Elmira Star-Gazette, May 10, 1915",0,0,0,0,0,1,0,0,0,,,,,,,,,,,0,0,1,0,0,1,0,0,x,,,,,,,,,,
PBKPDWM,1915-05-09,0,New York State,regular,,Wilkes-Barre,5,,Binghamton,0,,,2:10,,,,,data/boxscores/transcript/1915/1915-ESG/ESG-19150506.txt,"Elmira Star-Gazette, May 10, 1915",1,0,1,0,2,1,0,0,0,,,,,,,,,,,0,0,0,0,0,0,0,0,0,,,,,,,,,,
SSKHTZQ,1915-05-09,0,New York State,regular,,Scranton,3,,Elmira,14,,,1:59,,,,,data/boxscores/transcript/1915/1915-ESG/ESG-19150506.txt,"Elmira Star-Gazette, May 10, 1915",1,0,0,2,0,0,0,0,0,,,,,,,,,,,2,7,1,0,1,6,0,0,x,,,,,,,,,,
VGWTQVG,1915-05-09,0,New York State,regular,,Utica,6,,Troy,7,,,2:20,,,,2,data/boxscores/transcript/1915/1915-ESG/ESG-19150506.txt,"Elmira Star-Gazette, May 10, 1915",2,0,0,0,1,2,0,0,0,1,,,,,,,,,,0,0,0,0,4,0,0,0,2,1,,,,,,,,,
NMDWLRZ,1915-05-10,0,New York State,regular,,Syracuse,1,,Albany,3,,,1:58,,,,,data/boxscores/transcript/1915/1915-ESG/ESG-19150506.txt,"Elmira Star-Gazette, May 11, 1915",0,0,0,0,0,1,0,0,0,,,,,,,,,,,1,0,1,0,1,0,0,0,x,,,,,,,,,,
KBVTMYH,1915-05-10,0,New York State,regular,,Wilkes-Barre,3,,Binghamton,9,,,1:55,,,,,data/boxscores/transcript/1915/1915-ESG/ESG-19150506.txt,"Elmira Star-Gazette, May 11, 1915",0,0,0,0,0,3,0,0,0,,,,,,,,,,,5,0,0,1,0,3,0,0,x,,,,,,,,,,
XTJBSGK,1915-05-10,0,New York State,regular,,Scranton,13,,Elmira,10,,,2:25,,,,,data/boxscores/transcript/1915/1915-ESG/ESG-19150506.txt,"Elmira Star-Gazette, May 11, 1915",2,0,0,7,1,0,2,1,0,,,,,,,,,,,0,0,0,0,4,3,2,1,0,,,,,,,,,,
WGYBBNB,1915-05-10,0,New York State,regular,,Utica,11,,Troy,1,,,1:50,,,,,data/boxscores/transcript/1915/1915-ESG/ESG-19150506.txt,"Elmira Star-Gazette, May 11, 1915",3,0,3,2,0,3,0,0,0,,,,,,,,,,,0,0,0,0,0,0,0,0,1,,,,,,,,,,
DDYZFLJ,1915-05-11,0,New York State,regular,,Syracuse,0,,Albany,2,,,1:30,,,,,data/boxscores/transcript/1915/1915-ESG/ESG-19150506.txt,"Elmira Star-Gazette, May 12, 1915",0,0,0,0,0,0,0,0,0,,,,,,,,,,,0,0,2,0,0,0,0,0,x,,,,,,,,,,
SXLDZJF,1915-05-11,0,New York State,regular,,Wilkes-Barre,6,,Binghamton,4,,,1:50,,,,,data/boxscores/transcript/1915/1915-ESG/ESG-19150506.txt,"Elmira Star-Gazette, May 12, 1915",3,0,1,0,0,0,0,1,1,,,,,,,,,,,0,2,1,0,0,0,1,0,0,,,,,,,,,,
MDJJGQR,1915-05-11,0,New York State,regular,,Scranton,2,,Elmira,3,,,2:00,,,,,data/boxscores/transcript/1915/1915-ESG/ESG-19150506.txt,"Elmira Star-Gazette, May 12, 1915",0,0,0,0,0,1,0,1,0,,,,,,,,,,,0,0,1,0,0,0,1,1,x,,,,,,,,,,
VGLZWQS,1915-05-11,0,New York State,regular,,Utica,2,,Troy,3,,,1:50,,,,,data/boxscores/transcript/1915/1915-ESG/ESG-19150506.txt,"Elmira Star-Gazette, May 12, 1915",0,1,0,0,0,0,0,1,0,,,,,,,,,,,0,0,2,0,1,0,0,0,x,,,,,,,,,,
GZXPMXM,1915-05-12,0,New York State,regular,,Binghamton,8,,Scranton,7,,,2:40,,,,,data/boxscores/transcript/1915/1915-ESG/ESG-19150506.txt,"Elmira Star-Gazette, May 13, 1915",0,1,3,0,0,0,4,0,0,,,,,,,,,,,0,0,3,0,3,0,1,0,0,,,,,,,,,,
JQHQVXB,1915-05-12,0,New York State,regular,,Troy,1,,Syracuse,2,,,1:35,,,,,data/boxscores/transcript/1915/1915-ESG/ESG-19150506.txt,"Elmira Star-Gazette, May 13, 1915",0,0,0,0,0,1,0,0,0,,,,,,,,,,,1,0,0,0,0,0,1,0,x,,,,,,,,,,
WVLJHCJ,1915-05-12,0,New York State,regular,,Albany,1,,Utica,2,,,1:31,,,,,data/boxscores/transcript/1915/1915-ESG/ESG-19150506.txt,"Elmira Star-Gazette, May 13, 1915",0,0,0,1,0,0,0,0,0,,,,,,,,,,,0,1,0,0,0,1,0,0,x,,,,,,,,,,
TXXMZLN,1915-05-12,0,New York State,regular,,Elmira,4,,Wilkes-Barre,5,,,2:10,,,,,data/boxscores/transcript/1915/1915-ESG/ESG-19150506.txt,"Elmira Star-Gazette, May 13, 1915",0,4,0,0,0,0,0,0,0,,,,,,,,,,,0,0,0,0,0,3,2,0,x,,,,,,,,,,
PGTHSKX,1915-05-13,0,New York State,regular,,Binghamton,,,Scranton,,,,,,postponed,rain,,data/boxscores/transcript/1915/1915-ESG/ESG-19150513.txt,"Elmira Star-Gazette, May 14, 1915",,,,,,,,,,,,,,,,,,,,,,,,,,,,,,,,,,,,,,
NZTHXKK,1915-05-13,0,New York State,regular,,Troy,,,Syracuse,,,,,,postponed,rain,,data/boxscores/transcript/1915/1915-ESG/ESG-19150513.txt,"Elmira Star-Gazette, May 14, 1915",,,,,,,,,,,,,,,,,,,,,,,,,,,,,,,,,,,,,,
SZKGGQY,1915-05-13,0,New York State,regular,,Albany,,,Utica,,,,,,postponed,rain,,data/boxscores/transcript/1915/1915-ESG/ESG-19150513.txt,"Elmira Star-Gazette, May 14, 1915",,,,,,,,,,,,,,,,,,,,,,,,,,,,,,,,,,,,,,
WYXKTJF,1915-05-13,0,New York State,regular,,Elmira,2,,Wilkes-Barre,3,,,2:00,,,,,data/boxscores/transcript/1915/1915-ESG/ESG-19150513.txt,"Elmira Star-Gazette, May 14, 1915",2,0,0,0,0,0,0,0,0,,,,,,,,,,,0,1,0,0,1,0,1,0,x,,,,,,,,,,
DVBWHQR,1915-05-14,0,New York State,regular,,Binghamton,4,,Scranton,7,,,2:00,,,,,data/boxscores/transcript/1915/1915-ESG/ESG-19150513.txt,"Elmira Star-Gazette, May 15, 1915",0,0,0,0,0,0,1,3,0,,,,,,,,,,,5,1,0,0,0,0,0,1,x,,,,,,,,,,
SZRHGMK,1915-05-14,0,New York State,regular,,Troy,7,,Syracuse,6,,,1:55,,,,,data/boxscores/transcript/1915/1915-ESG/ESG-19150513.txt,"Elmira Star-Gazette, May 15, 1915",0,2,0,0,1,0,0,4,0,,,,,,,,,,,0,0,0,3,0,3,0,0,0,,,,,,,,,,
CXBTKGX,1915-05-14,0,New York State,regular,,Albany,6,,Utica,8,,,2:09,,,,,data/boxscores/transcript/1915/1915-ESG/ESG-19150513.txt,"Elmira Star-Gazette, May 15, 1915",3,0,0,2,1,0,0,0,0,,,,,,,,,,,0,4,1,0,0,0,2,1,x,,,,,,,,,,
YGWYFSX,1915-05-14,0,New York State,regular,,Elmira,4,,Wilkes-Barre,0,,,1:45,,,,,data/boxscores/transcript/1915/1915-ESG/ESG-19150513.txt,"Elmira Star-Gazette, May 15, 1915",0,1,0,0,2,0,1,0,0,,,,,,,,,,,0,0,0,0,0,0,0,0,0,,,,,,,,,,
ZXTPCQV,1915-05-15,0,New York State,regular,,Elmira,1,,Scranton,5,,,1:40,,,,,data/boxscores/transcript/1915/1915-ESG/ESG-19150513.txt,"Elmira Star-Gazette, May 17, 1915",1,0,0,0,0,0,0,0,0,,,,,,,,,,,0,0,0,1,4,0,0,0,x,,,,,,,,,,
ZBZYBCN,1915-05-15,0,New York State,regular,,Albany,3,,Syracuse,4,,,,,,,,data/boxscores/transcript/1915/1915-ESG/ESG-19150513.txt,"Elmira Star-Gazette, May 17, 1915",0,0,1,0,0,0,0,0,2,0,,,,,,,,,,1,0,0,0,2,0,0,0,0,1,,,,,,,,,
TXGLJRJ,1915-05-15,0,New York State,regular,,Troy,13,,Utica,3,,,,,,,,data/boxscores/transcript/1915/1915-ESG/ESG-19150513.txt,"Elmira Star-Gazette, May 17, 1915",0,0,0,0,1,4,0,5,3,,,,,,,,,,,0,0,1,0,0,0,0,0,2,,,,,,,,,,
XRCNTKX,1915-05-15,1,New York State,regular,,Binghamton,3,,Wilkes-Barre,4,,,,,,,,data/boxscores/transcript/1915/1915-ESG/ESG-19150513.txt,"Elmira Star-Gazette, May 17, 1915",0,0,0,2,0,0,0,1,0,,,,,,,,,,,0,0,0,0,0,0,0,1,3,,,,,,,,,,
SBJZBJX,1915-05-15,2,New York State,regular,,Binghamton,2,,Wilkes-Barre,6,,,,,,,,data/boxscores/transcript/1915/1915-ESG/ESG-19150513.txt,"Elmira Star-Gazette, May 17, 1915",0,0,0,0,2,0,0,,,,,,,,,,,,,0,0,4,2,0,0,x,,,,,,,,,,,,
VPXZRXY,1915-05-17,0,New York State,regular,,Elmira,,,Scranton,,,,,,postponed,rain,,data/boxscores/transcript/1915/1915-ESG/ESG-19150513.txt,"Elmira Star-Gazette, May 18, 1915",,,,,,,,,,,,,,,,,,,,,,,,,,,,,,,,,,,,,,
MFBPHYL,1915-05-17,0,New York State,regular,,Albany,,,Syracuse,,,,,,postponed,rain,,data/boxscores/transcript/1915/1915-ESG/ESG-19150513.txt,"Elmira Star-Gazette, May 18, 1915",,,,,,,,,,,,,,,,,,,,,,,,,,,,,,,,,,,,,,
YVFWDWQ,1915-05-17,0,New York State,regular,,Troy,,,Utica,,,,,,postponed,rain,,data/boxscores/transcript/1915/1915-ESG/ESG-19150513.txt,"Elmira Star-Gazette, May 18, 1915",,,,,,,,,,,,,,,,,,,,,,,,,,,,,,,,,,,,,,
XNMHTHK,1915-05-17,0,New York State,regular,,Binghamton,,,Wilkes-Barre,,,,,,postponed,rain,,data/boxscores/transcript/1915/1915-ESG/ESG-19150513.txt,"Elmira Star-Gazette, May 18, 1915",,,,,,,,,,,,,,,,,,,,,,,,,,,,,,,,,,,,,,
LRSDQWH,1915-05-18,0,New York State,regular,,Syracuse,2,,Binghamton,4,,,2:00,,,,,data/boxscores/transcript/1915/1915-ESG/ESG-19150513.txt,"Elmira Star-Gazette, May 19, 1915",0,0,0,2,0,0,0,0,0,,,,,,,,,,,0,1,3,0,0,0,0,0,x,,,,,,,,,,
FVMFRTL,1915-05-18,0,New York State,regular,,Utica,5,,Elmira,6,,,1:45,,,,,data/boxscores/transcript/1915/1915-ESG/ESG-19150513.txt,"Elmira Star-Gazette, May 19, 1915",2,0,1,0,0,0,0,0,2,,,,,,,,,,,1,1,1,3,0,0,0,0,x,,,,,,,,,,
DMJFLKR,1915-05-18,0,New York State,regular,,Wilkes-Barre,2,,Scranton,1,,,2:00,,,,,data/boxscores/transcript/1915/1915-ESG/ESG-19150513.txt,"Elmira Star-Gazette, May 19, 1915",0,0,0,1,1,0,0,0,0,,,,,,,,,,,0,0,0,0,0,0,0,0,1,,,,,,,,,,
HKGYGMJ,1915-05-18,0,New York State,regular,,Albany,3,,Troy,4,,,1:55,,,,,data/boxscores/transcript/1915/1915-ESG/ESG-19150513.txt,"Elmira Star-Gazette, May 19, 1915",1,0,0,0,1,0,0,1,0,,,,,,,,,,,0,0,0,0,0,0,3,1,x,,,,,,,,,,
CMLQWCP,1915-05-19,0,New York State,regular,,Troy,4,,Albany,3,,,1:40,,,,,data/boxscores/transcript/1915/1915-ESG/ESG-19150513.txt,"Elmira Star-Gazette, May 20, 1915",0,0,0,0,0,0,3,1,x,,,,,,,,,,,1,0,0,0,1,0,0,1,0,,,,,,,,,,
DTTPTQF,1915-05-19,0,New York State,regular,,Syracuse,2,,Binghamton,8,,,1:50,,,,,data/boxscores/transcript/1915/1915-ESG/ESG-19150513.txt,"Elmira Star-Gazette, May 20, 1915",2,0,0,0,0,0,0,0,0,,,,,,,,,,,1,0,0,2,1,0,0,4,x,,,,,,,,,,
FKCZTQZ,1915-05-19,0,New York State,regular,,Utica,9,,Elmira,4,,,1:30,,,,,data/boxscores/transcript/1915/1915-ESG/ESG-19150513.txt,"Elmira Star-Gazette, May 20, 1915",1,0,2,2,0,1,2,0,1,,,,,,,,,,,0,0,0,0,0,0,0,0,4,,,,,,,,,,
HHKJMRN,1915-05-19,0,New York State,regular,,Wilkes-Barre,3,,Scranton,4,,,1:50,,,,,data/boxscores/transcript/1915/1915-ESG/ESG-19150513.txt,"Elmira Star-Gazette, May 20, 1915",0,0,0,0,0,3,0,0,0,,,,,,,,,,,0,2,2,0,0,0,0,0,x,,,,,,,,,,
GCFPPLC,1915-05-20,0,New York State,regular,,Syracuse,1,,Binghamton,4,,,1:55,,,,,data/boxscores/transcript/1915/1915-ESG/ESG-19150520.txt,"Elmira Star-Gazette, May 21, 1915",1,0,0,0,0,0,0,0,0,,,,,,,,,,,0,0,1,0,0,0,3,0,x,,,,,,,,,,
QCYFLST,1915-05-20,0,New York State,regular,,Utica,0,,Elmira,2,,,1:12,,,,,data/boxscores/transcript/1915/1915-ESG/ESG-19150520.txt,"Elmira Star-Gazette, May 21, 1915",0,0,0,0,0,0,0,0,0,,,,,,,,,,,0,1,0,0,0,0,1,0,x,,,,,,,,,,
WMNYZHS,1915-05-20,0,New York State,regular,,Wilkes-Barre,4,,Scranton,5,,,1:50,,,,,data/boxscores/transcript/1915/1915-ESG/ESG-19150520.txt,"Elmira Star-Gazette, May 21, 1915",1,0,0,0,0,0,0,3,0,,,,,,,,,,,1,0,0,0,0,0,1,3,x,,,,,,,,,,
JGRHDSL,1915-05-20,0,New York State,regular,,Albany,4,,Troy,5,,,1:40,,,,,data/boxscores/transcript/1915/1915-ESG/ESG-19150520.txt,"Elmira Star-Gazette, May 21, 1915",0,0,1,0,0,2,0,1,0,,,,,,,,,,,0,4,1,0,0,0,0,0,x,,,,,,,,,,
BXWGNBJ,1915-05-21,0,New York State,regular,,Troy,,,Albany,,,,,,postponed,rain,,data/boxscores/transcript/1915/1915-ESG/ESG-19150520.txt,"Elmira Star-Gazette, May 22, 1915",,,,,,,,,,,,,,,,,,,,,,,,,,,,,,,,,,,,,,
BMGJBJD,1915-05-21,0,New York State,regular,,Utica,,,Binghamton,,,,,,postponed,rain,,data/boxscores/transcript/1915/1915-ESG/ESG-19150520.txt,"Elmira Star-Gazette, May 22, 1915",,,,,,,,,,,,,,,,,,,,,,,,,,,,,,,,,,,,,,
GVJGRRN,1915-05-21,0,New York State,regular,,Syracuse,,,Elmira,,,,,,postponed,rain,,data/boxscores/transcript/1915/1915-ESG/ESG-19150520.txt,"Elmira Star-Gazette, May 22, 1915",,,,,,,,,,,,,,,,,,,,,,,,,,,,,,,,,,,,,,
RRHPZYK,1915-05-21,0,New York State,regular,,Scranton,,,Wilkes-Barre,,,,,,postponed,rain,,data/boxscores/transcript/1915/1915-ESG/ESG-19150520.txt,"Elmira Star-Gazette, May 22, 1915",,,,,,,,,,,,,,,,,,,,,,,,,,,,,,,,,,,,,,
NVPCZGK,1915-05-22,0,New York State,regular,,Utica,2,,Binghamton,10,,,,,,,,data/boxscores/transcript/1915/1915-ESG/ESG-19150520.txt,"Elmira Star-Gazette, May 24, 1915",0,0,0,2,0,0,0,0,0,,,,,,,,,,,2,0,0,3,0,0,4,1,x,,,,,,,,,,
QXHKKHP,1915-05-22,0,New York State,regular,,Syracuse,3,,Elmira,10,,,2:04,,,,,data/boxscores/transcript/1915/1915-ESG/ESG-19150520.txt,"Elmira Star-Gazette, May 24, 1915",0,2,1,0,0,0,0,0,0,,,,,,,,,,,3,4,0,0,0,1,0,2,x,,,,,,,,,,
VXDPCTR,1915-05-22,0,New York State,regular,,Albany,1,,Troy,2,,,,,,,,data/boxscores/transcript/1915/1915-ESG/ESG-19150520.txt,"Elmira Star-Gazette, May 24, 1915",1,0,0,0,0,0,0,0,0,,,,,,,,,,,0,0,0,0,1,0,0,0,1,,,,,,,,,,
JYVHKKC,1915-05-23,0,New York State,regular,,Troy,0,,Albany,2,,,1:50,,,,,data/boxscores/transcript/1915/1915-ESG/ESG-19150520.txt,"Elmira Star-Gazette, May 24, 1915",0,0,0,0,0,0,0,0,0,,,,,,,,,,,0,0,0,1,0,1,0,0,x,,,,,,,,,,
RJMZCMF,1915-05-23,0,New York State,regular,,Syracuse,6,,Elmira,5,,,2:08,,,,,data/boxscores/transcript/1915/1915-ESG/ESG-19150520.txt,"Elmira Star-Gazette, May 24, 1915",0,0,0,1,0,2,0,0,3,,,,,,,,,,,0,1,0,0,0,1,2,1,0,,,,,,,,,,
SFSLFTB,1915-05-23,0,New York State,regular,,Binghamton,2,,Utica,7,,,1:52,,,,,data/boxscores/transcript/1915/1915-ESG/ESG-19150520.txt,"Elmira Star-Gazette, May 24, 1915",0,0,0,2,0,0,0,0,0,,,,,,,,,,,1,0,1,1,0,0,0,4,x,,,,,,,,,,
GPWFYMM,1915-05-24,0,New York State,regular,,Elmira,2,,Albany,4,,,1:33,,,,,data/boxscores/transcript/1915/1915-ESG/ESG-19150520.txt,"Elmira Star-Gazette, May 25, 1915",0,0,0,0,2,0,0,0,0,,,,,,,,,,,1,0,2,0,0,1,0,0,x,,,,,,,,,,
DTVCZQN,1915-05-24,0,New York State,regular,,Scranton,4,,Syracuse,3,,,2:40,,,,,data/boxscores/transcript/1915/1915-ESG/ESG-19150520.txt,"Elmira Star-Gazette, May 25, 1915",0,0,0,3,0,0,0,0,0,0,0,0,1,,,,,,,0,1,0,0,2,0,0,0,0,0,0,0,0,,,,,,
MXQGSJJ,1915-05-24,0,New York State,regular,,Binghamton,5,,Troy,4,,,1:40,,,,,data/boxscores/transcript/1915/1915-ESG/ESG-19150520.txt,"Elmira Star-Gazette, May 25, 1915",0,0,0,1,2,0,1,0,0,,,,,,,,,,,0,0,0,1,2,0,1,0,0,,,,,,,,,,
JBTRZFP,1915-05-24,0,New York State,regular,,Wilkes-Barre,0,,Utica,5,,,1:45,,,,,data/boxscores/transcript/1915/1915-ESG/ESG-19150520.txt,"Elmira Star-Gazette, May 25, 1915",0,0,0,0,0,0,0,0,0,,,,,,,,,,,0,0,2,0,0,1,0,2,x,,,,,,,,,,
VLRZFDT,1915-05-25,0,New York State,regular,,Elmira,3,,Albany,1,,,2:00,,,,,data/boxscores/transcript/1915/1915-ESG/ESG-19150520.txt,"Elmira Star-Gazette, May 26, 1915",0,0,0,0,0,1,0,0,0,0,2,,,,,,,,,0,0,1,0,0,0,0,0,0,0,0,,,,,,,,
FVDRFYM,1915-05-25,0,New York State,regular,,Scranton,9,,Syracuse,8,,,2:45,,,,,data/boxscores/transcript/1915/1915-ESG/ESG-19150520.txt,"Elmira Star-Gazette, May 26, 1915",0,4,0,0,0,0,1,3,1,,,,,,,,,,,4,1,3,0,0,0,0,0,0,,,,,,,,,,
CLJXTKG,1915-05-25,0,New York State,regular,,Binghamton,3,,Troy,11,,,2:00,,,,,data/boxscores/transcript/1915/1915-ESG/ESG-19150520.txt,"Elmira Star-Gazette, May 26, 1915",1,0,0,0,0,0,1,1,0,,,,,,,,,,,1,0,7,0,0,0,1,2,X,,,,,,,,,,
NWNRRDW,1915-05-25,0,New York State,regular,,Wilkes-Barre,1,,Utica,2,,,1:38,,,,2,data/boxscores/transcript/1915/1915-ESG/ESG-19150520.txt,"Elmira Star-Gazette, May 26, 1915",0,1,0,0,0,0,0,0,0,0,,,,,,,,,,1,0,0,0,0,0,0,0,0,1,,,,,,,,,
NZXBSST,1915-05-26,0,New York State,regular,,Elmira,,,Albany,,,,,,postponed,rain,,data/boxscores/transcript/1915/1915-ESG/ESG-19150520.txt,"Elmira Star-Gazette, May 27, 1915",,,,,,,,,,,,,,,,,,,,,,,,,,,,,,,,,,,,,,
GPRZZFR,1915-05-26,0,New York State,regular,,Scranton,,,Syracuse,,,,,,postponed,rain,,data/boxscores/transcript/1915/1915-ESG/ESG-19150520.txt,"Elmira Star-Gazette, May 27, 1915",,,,,,,,,,,,,,,,,,,,,,,,,,,,,,,,,,,,,,
MSTXXKQ,1915-05-26,0,New York State,regular,,Binghamton,,,Troy,,,,,,postponed,rain,,data/boxscores/transcript/1915/1915-ESG/ESG-19150520.txt,"Elmira Star-Gazette, May 27, 1915",,,,,,,,,,,,,,,,,,,,,,,,,,,,,,,,,,,,,,
NRMYLHP,1915-05-26,0,New York State,regular,,Wilkes-Barre,,,Utica,,,,,,postponed,rain,,data/boxscores/transcript/1915/1915-ESG/ESG-19150520.txt,"Elmira Star-Gazette, May 27, 1915",,,,,,,,,,,,,,,,,,,,,,,,,,,,,,,,,,,,,,
JBDKGMW,1915-05-27,0,New York State,regular,,Binghamton,4,,Albany,4,,,2:55,,,,,data/boxscores/transcript/1915/1915-ESG/ESG-19150527.txt,"Elmira Star-Gazette, May 28, 1915",0,2,0,0,0,0,0,0,0,2,0,0,0,0,,,,,,0,0,0,0,0,1,0,1,0,2,0,0,0,0,,,,,
GJXZGDB,1915-05-27,0,New York State,regular,,Wilkes-Barre,2,,Syracuse,13,,,2:15,,,,,data/boxscores/transcript/1915/1915-ESG/ESG-19150527.txt,"Elmira Star-Gazette, May 28, 1915",0,0,0,0,0,0,1,1,0,,,,,,,,,,,0,1,7,3,1,0,1,0,x,,,,,,,,,,
QXRNHXV,1915-05-27,0,New York State,regular,,Elmira,5,,Troy,8,,,1:40,,,,,data/boxscores/transcript/1915/1915-ESG/ESG-19150527.txt,"Elmira Star-Gazette, May 28, 1915",1,0,0,0,0,0,1,2,1,,,,,,,,,,,0,0,2,0,3,1,0,2,X,,,,,,,,,,
VXKLPWZ,1915-05-27,0,New York State,regular,,Scranton,1,,Utica,7,,,1:24,,,,,data/boxscores/transcript/1915/1915-ESG/ESG-19150527.txt,"Elmira Star-Gazette, May 28, 1915",0,0,0,0,0,0,0,0,0,,,,,,,,,,,0,1,3,0,0,0,1,2,x,,,,,,,,,,
YGXYJJM,1915-05-28,0,New York State,regular,,Binghamton,1,,Albany,0,,,1:37,,,,,data/boxscores/transcript/1915/1915-ESG/ESG-19150527.txt,"Elmira Star-Gazette, May 29, 1915",0,0,1,0,0,0,0,0,0,,,,,,,,,,,0,0,0,0,0,0,0,0,0,,,,,,,,,,
XVRHVRZ,1915-05-28,0,New York State,regular,,Wilkes-Barre,5,,Syracuse,6,,,2:00,,,,,data/boxscores/transcript/1915/1915-ESG/ESG-19150527.txt,"Elmira Star-Gazette, May 29, 1915",0,0,0,1,0,0,0,2,2,,,,,,,,,,,0,0,0,4,0,2,0,0,x,,,,,,,,,,
LDMGFML,1915-05-28,0,New York State,regular,,Elmira,2,,Troy,6,,,1:48,,,,,data/boxscores/transcript/1915/1915-ESG/ESG-19150527.txt,"Elmira Star-Gazette, May 29, 1915",0,0,2,0,0,0,0,0,0,,,,,,,,,,,0,2,0,1,0,1,0,2,X,,,,,,,,,,
TPGKXFJ,1915-05-28,0,New York State,regular,,Scranton,1,,Utica,3,,,1:36,,,,,data/boxscores/transcript/1915/1915-ESG/ESG-19150527.txt,"Elmira Star-Gazette, May 29, 1915",0,0,0,0,1,0,0,0,0,,,,,,,,,,,0,2,0,0,0,0,0,1,x,,,,,,,,,,
WRCHLWL,1915-05-29,0,New York State,regular,,Binghamton,10,,Albany,7,,,,,,,,data/boxscores/transcript/1915/1915-ESG/ESG-19150527.txt,"Elmira Star-Gazette, June 1, 1915",0,0,2,0,1,0,0,2,2,0,0,0,0,0,3,,,,,4,0,2,0,0,0,0,0,1,0,0,0,0,0,0,,,,
NMCMFJV,1915-05-29,0,New York State,regular,,Wilkes-Barre,6,,Syracuse,7,,,,,,,,data/boxscores/transcript/1915/1915-ESG/ESG-19150527.txt,"Elmira Star-Gazette, June 1, 1915",0,0,0,0,2,4,0,0,0,,,,,,,,,,,1,0,4,0,0,0,0,0,2,,,,,,,,,,
WDVDPFB,1915-05-29,0,New York State,regular,,Elmira,12,,Troy,3,,,,,,,,data/boxscores/transcript/1915/1915-ESG/ESG-19150527.txt,"Elmira Star-Gazette, June 1, 1915",0,0,0,0,0,0,2,10,0,,,,,,,,,,,0,0,0,1,0,1,0,0,0,,,,,,,,,,
CGHCPVG,1915-05-29,0,New York State,regular,,Scranton,1,,Utica,0,,,,,,,,data/boxscores/transcript/1915/1915-ESG/ESG-19150527.txt,"Elmira Star-Gazette, June 1, 1915",1,0,0,0,0,0,0,0,0,,,,,,,,,,,0,0,0,0,0,0,0,0,0,,,,,,,,,,
WQQRXWK,1915-05-30,0,New York State,regular,,Binghamton,2,,Elmira,8,,,1:55,,,,,data/boxscores/transcript/1915/1915-ESG/ESG-19150527.txt,"Elmira Star-Gazette, June 1, 1915",0,1,0,0,0,0,0,0,1,,,,,,,,,,,2,0,1,2,0,0,0,3,x,,,,,,,,,,
KGHWCXW,1915-05-30,0,New York State,regular,,Wilkes-Barre,2,,Syracuse,3,,,,,,,,data/boxscores/transcript/1915/1915-ESG/ESG-19150527.txt,"Elmira Star-Gazette, June 1, 1915",0,0,0,1,0,0,1,0,0,0,,,,,,,,,,0,0,0,0,0,2,0,0,0,1,,,,,,,,,
PTPCYBK,1915-05-30,0,New York State,regular,,Albany,4,,Troy,12,,,,,,,,data/boxscores/transcript/1915/1915-ESG/ESG-19150527.txt,"Elmira Star-Gazette, June 1, 1915",1,0,0,0,0,0,0,0,3,,,,,,,,,,,0,2,0,3,2,2,3,0,x,,,,,,,,,,
PQWMWJN,1915-05-30,0,New York State,regular,,Scranton,0,,Utica,0,,,,,,,,data/boxscores/transcript/1915/1915-ESG/ESG-19150527.txt,"Elmira Star-Gazette, June 1, 1915",0,0,0,0,0,0,0,0,0,,,,,,,,,,,0,6,0,0,0,0,1,1,x,,,,,,,,,,
JZWDQGK,1915-05-31,2,New York State,regular,,Troy,4,,Albany,5,,,2:03,,,,2,data/boxscores/transcript/1915/1915-ESG/ESG-19150527.txt,"Elmira Star-Gazette, June 1, 1915",0,0,0,2,1,1,0,0,0,0,,,,,,,,,,2,0,0,0,0,0,0,0,2,1,,,,,,,,,
XFQMMLM,1915-05-31,2,New York State,regular,,Elmira,9,,Binghamton,5,,,2:20,,,,,data/boxscores/transcript/1915/1915-ESG/ESG-19150527.txt,"Elmira Star-Gazette, June 1, 1915",0,0,0,2,0,1,0,2,0,0,0,0,4,,,,,,,0,0,0,0,0,2,3,0,0,0,0,0,0,,,,,,
ZFGQZTP,1915-05-31,1,New York State,regular,,Binghamton,1,,Elmira,4,,,2:00,,,,,data/boxscores/transcript/1915/1915-ESG/ESG-19150527.txt,"Elmira Star-Gazette, June 1, 1915",0,1,0,0,0,0,0,0,0,,,,,,,,,,,0,3,0,0,0,0,1,0,x,,,,,,,,,,
LSSLWFS,1915-05-31,1,New York State,regular,,Wilkes-Barre,3,,Scranton,4,,,2:45,,,,,data/boxscores/transcript/1915/1915-ESG/ESG-19150527.txt,"Elmira Star-Gazette, June 1, 1915",0,0,0,1,1,0,0,0,1,0,0,,,,,,,,,1,0,0,0,1,0,0,1,0,0,1,,,,,,,,
ZJKQCPS,1915-05-31,1,New York State,regular,,Utica,6,,Syracuse,7,,,1:45,,,,,data/boxscores/transcript/1915/1915-ESG/ESG-19150527.txt,"Elmira Star-Gazette, June 1, 1915",0,0,5,0,0,1,0,,,,,,,,,,,,,3,2,0,0,2,0,0,,,,,,,,,,,,
HLTVVTC,1915-05-31,1,New York State,regular,,Albany,7,,Troy,3,,,1:45,,,,,data/boxscores/transcript/1915/1915-ESG/ESG-19150527.txt,"Elmira Star-Gazette, June 1, 1915",0,0,5,0,0,2,0,0,0,,,,,,,,,,,2,0,0,0,0,0,1,0,0,,,,,,,,,,
CHKFLGC,1915-05-31,2,New York State,regular,,Syracuse,2,,Utica,4,,,1:41,,,,,data/boxscores/transcript/1915/1915-ESG/ESG-19150527.txt,"Elmira Star-Gazette, June 1, 1915",0,0,0,0,0,0,2,0,0,,,,,,,,,,,0,0,0,1,0,0,1,2,x,,,,,,,,,,
SHXTTYK,1915-05-31,2,New York State,regular,,Scranton,3,,Wilkes-Barre,8,,,2:00,,,,,data/boxscores/transcript/1915/1915-ESG/ESG-19150527.txt,"Elmira Star-Gazette, June 1, 1915",0,1,0,0,0,0,1,0,1,,,,,,,,,,,0,0,0,3,1,4,0,0,x,,,,,,,,,,
FYSZKMM,1915-06-01,0,New York State,regular,,Troy,,,Binghamton,,,,,,postponed,Troy players failed to make trip due to non-payment of salaries; game initially listed as forfeit but changed to postponed after situation is resolved,,data/boxscores/transcript/1915/1915-ESG/ESG-19150527.txt,"Elmira Star-Gazette, June 2, 1915",,,,,,,,,,,,,,,,,,,,,,,,,,,,,,,,,,,,,,
FGVMNHP,1915-06-01,0,New York State,regular,,Albany,3,,Elmira,5,,,1:50,,,,,data/boxscores/transcript/1915/1915-ESG/ESG-19150527.txt,"Elmira Star-Gazette, June 2, 1915",1,0,0,0,0,0,1,1,0,,,,,,,,,,,1,1,0,1,0,0,1,1,x,,,,,,,,,,
LWFKWLK,1915-06-01,0,New York State,regular,,Syracuse,11,,Scranton,10,,,2:15,,,,,data/boxscores/transcript/1915/1915-ESG/ESG-19150527.txt,"Elmira Star-Gazette, June 2, 1915",0,1,1,2,2,0,0,0,5,,,,,,,,,,,0,6,1,0,0,0,0,2,1,,,,,,,,,,
QJDJPTR,1915-06-01,0,New York State,regular,,Utica,4,,Wilkes-Barre,10,,,1:40,,,,,data/boxscores/transcript/1915/1915-ESG/ESG-19150527.txt,"Elmira Star-Gazette, June 2, 1915",1,0,0,0,1,0,0,0,2,,,,,,,,,,,3,3,0,0,0,3,1,0,x,,,,,,,,,,
DRGVKLD,1915-06-02,0,New York State,regular,,Troy,,,Binghamton,,,,,,postponed,Troy players failed to make trip due to non-payment of salaries; game initially listed as forfeit but changed to postponed after situation is resolved,,data/boxscores/transcript/1915/1915-ESG/ESG-19150527.txt,"Elmira Star-Gazette, June 3, 1915",,,,,,,,,,,,,,,,,,,,,,,,,,,,,,,,,,,,,,
RNJYZNJ,1915-06-02,0,New York State,regular,,Albany,1,,Elmira,5,,,1:40,,,,,data/boxscores/transcript/1915/1915-ESG/ESG-19150527.txt,"Elmira Star-Gazette, June 3, 1915",0,0,0,0,0,0,0,1,0,,,,,,,,,,,0,0,0,0,0,4,0,1,x,,,,,,,,,,
QTNKDQQ,1915-06-02,0,New York State,regular,,Syracuse,,,Scranton,,,,,,postponed,rain,,data/boxscores/transcript/1915/1915-ESG/ESG-19150527.txt,"Elmira Star-Gazette, June 3, 1915",,,,,,,,,,,,,,,,,,,,,,,,,,,,,,,,,,,,,,
FZJXSSM,1915-06-02,0,New York State,regular,,Utica,,,Wilkes-Barre,,,,,,postponed,rain,,data/boxscores/transcript/1915/1915-ESG/ESG-19150527.txt,"Elmira Star-Gazette, June 3, 1915",,,,,,,,,,,,,,,,,,,,,,,,,,,,,,,,,,,,,,
DJXZKWB,1915-06-03,0,New York State,regular,,Troy,,,Binghamton,,,,,,postponed,Troy players failed to make trip due to non-payment of salaries; game initially listed as forfeit but changed to postponed after situation is resolved,,data/boxscores/transcript/1915/1915-ESG/ESG-19150603.txt,"Elmira Star-Gazette, June 4, 1915",,,,,,,,,,,,,,,,,,,,,,,,,,,,,,,,,,,,,,
SBKYDDN,1915-06-03,0,New York State,regular,,Albany,7,,Elmira,4,,,2:00,,,,,data/boxscores/transcript/1915/1915-ESG/ESG-19150603.txt,"Elmira Star-Gazette, June 4, 1915",3,2,0,0,0,0,1,0,1,,,,,,,,,,,0,0,0,0,0,4,0,0,0,,,,,,,,,,
RYMFDPM,1915-06-03,0,New York State,regular,,Syracuse,11,,Scranton,12,,,2:10,,,,,data/boxscores/transcript/1915/1915-ESG/ESG-19150603.txt,"Elmira Star-Gazette, June 4, 1915",2,1,5,0,0,0,0,2,1,,,,,,,,,,,1,1,0,1,6,1,2,0,x,,,,,,,,,,
BGHNVWS,1915-06-03,0,New York State,regular,,Utica,4,,Wilkes-Barre,5,,,2:15,,,,1,data/boxscores/transcript/1915/1915-ESG/ESG-19150603.txt,"Elmira Star-Gazette, June 4, 1915",1,0,0,0,1,0,0,1,1,0,,,,,,,,,,0,1,0,1,2,0,0,1,0,1,,,,,,,,,
XHSFHDF,1915-06-04,0,New York State,regular,,Albany,7,,Binghamton,6,,,2:10,,,,,data/boxscores/transcript/1915/1915-ESG/ESG-19150603.txt,"Elmira Star-Gazette, June 5, 1915",3,0,2,0,0,0,0,0,2,,,,,,,,,,,4,0,0,0,0,1,0,0,1,,,,,,,,,,
LKYTJTW,1915-06-04,0,New York State,regular,,Troy,6,,Elmira,1,,,1:45,,,,,data/boxscores/transcript/1915/1915-ESG/ESG-19150603.txt,"Elmira Star-Gazette, June 5, 1915",1,0,0,0,4,0,1,0,0,,,,,,,,,,,0,0,0,0,1,0,0,0,0,,,,,,,,,,
RTPLDJP,1915-06-04,0,New York State,regular,,Utica,3,,Scranton,2,,,1:45,,,,,data/boxscores/transcript/1915/1915-ESG/ESG-19150603.txt,"Elmira Star-Gazette, June 5, 1915",0,0,0,0,0,0,0,3,0,,,,,,,,,,,0,1,1,0,0,0,0,0,0,,,,,,,,,,
FVRQVCF,1915-06-04,0,New York State,regular,,Syracuse,3,,Wilkes-Barre,6,,,1:55,,,,,data/boxscores/transcript/1915/1915-ESG/ESG-19150603.txt,"Elmira Star-Gazette, June 5, 1915",0,0,0,2,0,1,0,0,0,,,,,,,,,,,0,0,2,1,0,2,0,1,x,,,,,,,,,,
MKKGVJF,1915-06-05,1,New York State,regular,,Albany,4,,Binghamton,5,,,,,,,,data/boxscores/transcript/1915/1915-ESG/ESG-19150603.txt,"Elmira Star-Gazette, June 7, 1915",0,1,0,0,1,2,0,0,0,,,,,,,,,,,0,0,0,3,0,0,0,2,x,,,,,,,,,,
YHYFCBD,1915-06-05,2,New York State,regular,,Albany,10,,Binghamton,16,,,,,,,,data/boxscores/transcript/1915/1915-ESG/ESG-19150603.txt,"Elmira Star-Gazette, June 7, 1915",4,0,2,0,2,0,2,,,,,,,,,,,,,6,0,0,6,4,0,x,,,,,,,,,,,,
NSFYLTC,1915-06-05,0,New York State,regular,,Troy,4,,Elmira,6,,,1:45,,,,,data/boxscores/transcript/1915/1915-ESG/ESG-19150603.txt,"Elmira Star-Gazette, June 7, 1915",0,0,0,3,0,0,0,0,1,,,,,,,,,,,1,0,0,0,0,3,0,2,x,,,,,,,,,,
JCVXVSX,1915-06-05,0,New York State,regular,,Utica,0,,Scranton,4,,,,,,,,data/boxscores/transcript/1915/1915-ESG/ESG-19150603.txt,"Elmira Star-Gazette, June 7, 1915",0,0,0,0,0,0,0,0,0,,,,,,,,,,,2,0,0,0,0,0,0,2,x,,,,,,,,,,
RXMPZFB,1915-06-05,0,New York State,regular,,Syracuse,2,,Wilkes-Barre,3,,,,,,,,data/boxscores/transcript/1915/1915-ESG/ESG-19150603.txt,"Elmira Star-Gazette, June 7, 1915",0,0,0,0,1,0,0,1,0,,,,,,,,,,,0,1,0,0,0,1,0,0,1,,,,,,,,,,
PNYVXGQ,1915-06-06,0,New York State,regular,,Troy,1,,Elmira,3,,,1:44,,,,,data/boxscores/transcript/1915/1915-ESG/ESG-19150603.txt,"Elmira Star-Gazette, June 7, 1915",0,0,0,0,0,0,0,1,0,,,,,,,,,,,3,0,0,0,0,0,0,0,x,,,,,,,,,,
QVCZVVW,1915-06-06,0,New York State,regular,,Wilkes-Barre,3,,Syracuse,9,,,2:10,,,,,data/boxscores/transcript/1915/1915-ESG/ESG-19150603.txt,"Elmira Star-Gazette, June 7, 1915",1,0,0,0,0,2,0,0,0,,,,,,,,,,,1,1,0,2,0,3,0,2,x,,,,,,,,,,
KXHTVZS,1915-06-06,0,New York State,regular,,Scranton,3,,Utica,5,,,1:48,,,,,data/boxscores/transcript/1915/1915-ESG/ESG-19150603.txt,"Elmira Star-Gazette, June 7, 1915",1,2,0,0,0,0,0,0,0,,,,,,,,,,,0,0,0,1,1,0,3,0,x,,,,,,,,,,
FPDMJLN,1915-06-07,0,New York State,regular,,Troy,4,,Scranton,5,,,1:50,,,,,data/boxscores/transcript/1915/1915-ESG/ESG-19150603.txt,"Elmira Star-Gazette, June 8, 1915",3,0,0,0,0,0,0,0,1,,,,,,,,,,,3,0,0,0,1,0,1,0,x,,,,,,,,,,
LPZWPPG,1915-06-07,0,New York State,regular,,Elmira,14,,Syracuse,4,,,2:00,,,,,data/boxscores/transcript/1915/1915-ESG/ESG-19150603.txt,"Elmira Star-Gazette, June 8, 1915",4,1,2,0,0,0,1,2,4,,,,,,,,,,,0,0,0,3,0,0,1,0,0,,,,,,,,,,
ZNKQHFG,1915-06-07,0,New York State,regular,,Binghamton,1,,Utica,2,,,1:32,,,,,data/boxscores/transcript/1915/1915-ESG/ESG-19150603.txt,"Elmira Star-Gazette, June 8, 1915",0,0,0,0,0,1,0,0,0,,,,,,,,,,,0,0,0,0,0,0,0,2,x,,,,,,,,,,
RJMHGHJ,1915-06-07,0,New York State,regular,,Albany,1,,Wilkes-Barre,5,,,1:50,,,,,data/boxscores/transcript/1915/1915-ESG/ESG-19150603.txt,"Elmira Star-Gazette, June 8, 1915",0,0,0,0,0,0,0,0,1,,,,,,,,,,,2,0,0,0,3,0,0,0,x,,,,,,,,,,
DJHTCWZ,1915-06-08,0,New York State,regular,,Troy,0,,Scranton,9,,,1:50,,,,,data/boxscores/transcript/1915/1915-ESG/ESG-19150603.txt,"Elmira Star-Gazette, June 9, 1915",0,0,0,0,0,0,0,0,0,,,,,,,,,,,0,0,0,0,0,1,7,1,x,,,,,,,,,,
LRGSHBQ,1915-06-08,0,New York State,regular,,Elmira,4,,Syracuse,7,,,2:00,,,,,data/boxscores/transcript/1915/1915-ESG/ESG-19150603.txt,"Elmira Star-Gazette, June 9, 1915",0,0,0,0,0,0,1,3,0,,,,,,,,,,,4,0,0,1,0,1,0,1,x,,,,,,,,,,
NYPNMZK,1915-06-08,0,New York State,regular,,Binghamton,0,,Utica,2,,,1:24,,,,,data/boxscores/transcript/1915/1915-ESG/ESG-19150603.txt,"Elmira Star-Gazette, June 9, 1915",0,0,0,0,0,0,0,0,0,,,,,,,,,,,0,0,0,0,0,1,1,0,x,,,,,,,,,,
FSFVXHK,1915-06-08,0,New York State,regular,,Albany,3,,Wilkes-Barre,9,,,1:45,,,,,data/boxscores/transcript/1915/1915-ESG/ESG-19150603.txt,"Elmira Star-Gazette, June 9, 1915",2,0,0,0,1,0,0,0,0,,,,,,,,,,,0,0,1,2,0,1,0,5,x,,,,,,,,,,
ZGJRRKY,1915-06-09,0,New York State,regular,,Troy,1,,Scranton,0,,,1:45,,,,,data/boxscores/transcript/1915/1915-ESG/ESG-19150603.txt,"Elmira Star-Gazette, June 10, 1915",1,0,0,0,0,0,0,0,0,,,,,,,,,,,0,0,0,0,0,0,0,0,0,,,,,,,,,,
TPPFNLX,1915-06-09,0,New York State,regular,,Elmira,8,,Syracuse,5,,,1:45,,,,,data/boxscores/transcript/1915/1915-ESG/ESG-19150603.txt,"Elmira Star-Gazette, June 10, 1915",0,1,0,0,2,4,1,,,,,,,,,,,,,0,0,0,0,0,0,5,,,,,,,,,,,,
CMDKQVH,1915-06-09,0,New York State,regular,,Binghamton,2,,Utica,3,,,1:42,,,,,data/boxscores/transcript/1915/1915-ESG/ESG-19150603.txt,"Elmira Star-Gazette, June 10, 1915",0,1,0,0,0,0,1,0,0,,,,,,,,,,,0,1,0,0,0,1,1,0,x,,,,,,,,,,
RYYJCPV,1915-06-09,0,New York State,regular,,Albany,10,,Wilkes-Barre,6,,,2:20,,,,,data/boxscores/transcript/1915/1915-ESG/ESG-19150603.txt,"Elmira Star-Gazette, June 10, 1915",0,1,1,1,0,2,0,3,2,,,,,,,,,,,0,2,2,0,0,0,2,0,0,,,,,,,,,,
QSQMBJZ,1915-06-10,0,New York State,regular,,Albany,1,,Scranton,7,,,2:00,,,,,data/boxscores/transcript/1915/1915-ESG/ESG-19150610.txt,"Elmira Star-Gazette, June 11, 1915",0,0,0,1,0,0,0,0,0,,,,,,,,,,,3,0,1,0,0,0,3,0,x,,,,,,,,,,
TRHBTJP,1915-06-10,0,New York State,regular,,Binghamton,5,,Syracuse,6,,,2:00,,,,#1,data/boxscores/transcript/1915/1915-ESG/ESG-19150610.txt,"Elmira Star-Gazette, June 11, 1915",1,0,0,0,2,1,0,1,0,0,,,,,,,,,,4,0,0,0,0,0,0,1,0,1,,,,,,,,,
MJZYMZS,1915-06-10,0,New York State,regular,,Elmira,0,,Utica,7,,,1:30,,,,,data/boxscores/transcript/1915/1915-ESG/ESG-19150610.txt,"Elmira Star-Gazette, June 11, 1915",0,0,0,0,0,0,0,0,0,,,,,,,,,,,3,2,0,0,2,0,0,0,x,,,,,,,,,,
WVTDFBZ,1915-06-10,0,New York State,regular,,Troy,3,,Wilkes-Barre,4,,,1:45,,,,,data/boxscores/transcript/1915/1915-ESG/ESG-19150610.txt,"Elmira Star-Gazette, June 11, 1915",1,0,0,0,0,0,0,0,0,,,,,,,,,,,0,0,0,0,0,0,0,0,0,,,,,,,,,,
BXMGPDX,1915-06-11,0,New York State,regular,,Albany,2,,Scranton,3,,,1:37,,,,,data/boxscores/transcript/1915/1915-ESG/ESG-19150610.txt,"Elmira Star-Gazette, June 12, 1915",0,0,0,0,0,0,0,1,1,,,,,,,,,,,0,1,1,0,1,0,0,0,x,,,,,,,,,,
KRDSCNW,1915-06-11,0,New York State,regular,,Binghamton,,,Syracuse,,,,,,postponed,rain,,data/boxscores/transcript/1915/1915-ESG/ESG-19150610.txt,"Elmira Star-Gazette, June 12, 1915",,,,,,,,,,,,,,,,,,,,,,,,,,,,,,,,,,,,,,
QDMBJRV,1915-06-11,0,New York State,regular,,Elmira,,,Utica,,,,,,postponed,wet grounds,,data/boxscores/transcript/1915/1915-ESG/ESG-19150610.txt,"Elmira Star-Gazette, June 12, 1915",,,,,,,,,,,,,,,,,,,,,,,,,,,,,,,,,,,,,,
GDVNJPS,1915-06-11,0,New York State,regular,,Troy,2,,Wilkes-Barre,3,,,1:45,,,,,data/boxscores/transcript/1915/1915-ESG/ESG-19150610.txt,"Elmira Star-Gazette, June 12, 1915",0,0,0,0,1,0,0,0,1,,,,,,,,,,,0,1,0,0,0,0,0,2,x,,,,,,,,,,
QQHJFKT,1915-06-12,0,New York State,regular,,Albany,4,,Scranton,5,,,,,,,,data/boxscores/transcript/1915/1915-ESG/ESG-19150610.txt,"Elmira Star-Gazette, June 14, 1915",0,1,0,1,0,1,1,0,0,,,,,,,,,,,0,3,0,0,0,0,0,2,x,,,,,,,,,,
CCTQHGJ,1915-06-12,1,New York State,regular,,Binghamton,9,,Syracuse,6,,,,,,,,data/boxscores/transcript/1915/1915-ESG/ESG-19150610.txt,"Elmira Star-Gazette, June 14, 1915",1,1,0,0,0,0,4,0,0,0,3,,,,,,,,,0,1,0,0,4,1,0,0,0,0,0,,,,,,,,
LYPXXRF,1915-06-12,2,New York State,regular,,Binghamton,4,,Syracuse,2,,,,,,,,data/boxscores/transcript/1915/1915-ESG/ESG-19150610.txt,"Elmira Star-Gazette, June 14, 1915",1,0,0,0,3,0,0,,,,,,,,,,,,,0,0,2,0,0,0,0,,,,,,,,,,,,
SLJYPJH,1915-06-12,0,New York State,regular,,Elmira,5,,Utica,7,,,1:25,,,,,data/boxscores/transcript/1915/1915-ESG/ESG-19150610.txt,"Elmira Star-Gazette, June 14, 1915",2,0,0,0,0,0,2,0,1,,,,,,,,,,,0,0,3,0,1,0,2,1,x,,,,,,,,,,
NJSMHHY,1915-06-12,0,New York State,regular,,Troy,2,,Wilkes-Barre,0,,,,,,,,data/boxscores/transcript/1915/1915-ESG/ESG-19150610.txt,"Elmira Star-Gazette, June 14, 1915",0,1,1,0,0,0,0,0,0,,,,,,,,,,,0,0,0,0,0,0,0,0,0,,,,,,,,,,
RBHXMCB,1915-06-13,0,New York State,regular,,Syracuse,1,,Albany,2,,,1:44,,,,0,data/boxscores/transcript/1915/1915-ESG/ESG-19150610.txt,"Elmira Star-Gazette, June 14, 1915",0,0,1,0,0,0,0,0,0,0,,,,,,,,,,0,1,0,0,0,0,0,0,0,1,,,,,,,,,
BGWXQBY,1915-06-13,0,New York State,regular,,Scranton,3,,Elmira,7,,,1:45,,,,,data/boxscores/transcript/1915/1915-ESG/ESG-19150610.txt,"Elmira Star-Gazette, June 14, 1915",0,0,0,0,0,0,0,3,0,,,,,,,,,,,0,0,2,5,0,0,0,0,x,,,,,,,,,,
HXHZBXG,1915-06-13,0,New York State,regular,,Binghamton,6,,Troy,4,,,1:51,,,,,data/boxscores/transcript/1915/1915-ESG/ESG-19150610.txt,"Elmira Star-Gazette, June 14, 1915",0,0,2,0,1,3,0,0,0,,,,,,,,,,,0,0,1,3,0,0,0,0,0,,,,,,,,,,
DSJGDCH,1915-06-13,0,New York State,regular,,Wilkes-Barre,1,,Utica,5,,,1:40,,,,,data/boxscores/transcript/1915/1915-ESG/ESG-19150610.txt,"Elmira Star-Gazette, June 14, 1915",0,0,0,0,0,1,0,0,0,,,,,,,,,,,1,0,2,0,0,0,0,2,x,,,,,,,,,,
PGGQZJM,1915-06-14,0,New York State,regular,,Syracuse,3,,Albany,9,,,2:18,,,,,data/boxscores/transcript/1915/1915-ESG/ESG-19150610.txt,"Elmira Star-Gazette, June 15, 1915",1,0,1,0,0,1,0,0,0,,,,,,,,,,,0,1,0,0,0,4,3,1,x,,,,,,,,,,
QSTHYYG,1915-06-14,0,New York State,regular,,Wilkes-Barre,1,,Binghamton,7,,,2:00,,,,,data/boxscores/transcript/1915/1915-ESG/ESG-19150610.txt,"Elmira Star-Gazette, June 15, 1915",0,0,0,0,0,0,0,1,0,,,,,,,,,,,0,0,1,0,4,0,2,0,x,,,,,,,,,,
BXVHZRC,1915-06-14,0,New York State,regular,,Scranton,2,,Elmira,5,,,1:45,,,,,data/boxscores/transcript/1915/1915-ESG/ESG-19150610.txt,"Elmira Star-Gazette, June 15, 1915",0,0,2,0,0,0,0,0,0,,,,,,,,,,,1,0,0,0,1,0,0,3,x,,,,,,,,,,
DFPNWDD,1915-06-14,0,New York State,regular,,Utica,0,,Troy,6,,,1:21,,,,,data/boxscores/transcript/1915/1915-ESG/ESG-19150610.txt,"Elmira Star-Gazette, June 15, 1915",0,0,0,0,0,0,0,0,0,,,,,,,,,,,2,0,1,0,0,0,0,3,x,,,,,,,,,,
DHNLXCC,1915-06-15,0,New York State,regular,,Syracuse,,,Albany,,,,,,postponed,rain,,data/boxscores/transcript/1915/1915-ESG/ESG-19150610.txt,"Elmira Star-Gazette, June 16, 1915",,,,,,,,,,,,,,,,,,,,,,,,,,,,,,,,,,,,,,
SJFGXSD,1915-06-15,0,New York State,regular,,Wilkes-Barre,,,Binghamton,,,,,,postponed,rain,,data/boxscores/transcript/1915/1915-ESG/ESG-19150610.txt,"Elmira Star-Gazette, June 16, 1915",,,,,,,,,,,,,,,,,,,,,,,,,,,,,,,,,,,,,,
NXWDLXW,1915-06-15,0,New York State,regular,,Scranton,,,Elmira,,,,,,postponed,rain,,data/boxscores/transcript/1915/1915-ESG/ESG-19150610.txt,"Elmira Star-Gazette, June 16, 1915",,,,,,,,,,,,,,,,,,,,,,,,,,,,,,,,,,,,,,
BWDGPTY,1915-06-15,0,New York State,regular,,Utica,,,Troy,,,,,,postponed,rain,,data/boxscores/transcript/1915/1915-ESG/ESG-19150610.txt,"Elmira Star-Gazette, June 16, 1915",,,,,,,,,,,,,,,,,,,,,,,,,,,,,,,,,,,,,,
WVCZGGW,1915-06-16,1,New York State,regular,,Utica,3,,Albany,1,,,1:37,,,,,data/boxscores/transcript/1915/1915-ESG/ESG-19150610.txt,"Elmira Star-Gazette, June 17, 1915",2,0,0,0,1,0,0,0,0,,,,,,,,,,,0,0,0,1,0,0,0,0,0,,,,,,,,,,
NBBKHYW,1915-06-16,2,New York State,regular,,Utica,0,,Albany,3,,,1:12,,,,,data/boxscores/transcript/1915/1915-ESG/ESG-19150610.txt,"Elmira Star-Gazette, June 17, 1915",0,0,0,0,0,0,0,,,,,,,,,,,,,0,0,0,0,0,3,x,,,,,,,,,,,,
PPNJGMZ,1915-06-16,1,New York State,regular,,Scranton,10,,Binghamton,4,,,1:57,,,,,data/boxscores/transcript/1915/1915-ESG/ESG-19150610.txt,"Elmira Star-Gazette, June 17, 1915",0,4,2,0,1,1,0,0,1,,,,,,,,,,,0,0,0,2,0,1,0,0,1,,,,,,,,,,
NJYVBQD,1915-06-16,2,New York State,regular,,Scranton,4,,Binghamton,5,,,1:40,,,,2,data/boxscores/transcript/1915/1915-ESG/ESG-19150610.txt,"Elmira Star-Gazette, June 17, 1915",0,4,0,0,0,0,0,,,,,,,,,,,,,1,0,0,2,0,0,2,,,,,,,,,,,,
GFFXHDM,1915-06-16,0,New York State,regular,,Wilkes-Barre,3,,Elmira,4,,,2:20,,,,2,data/boxscores/transcript/1915/1915-ESG/ESG-19150610.txt,"Elmira Star-Gazette, June 17, 1915",0,0,0,0,0,0,3,0,0,0,0,,,,,,,,,0,0,1,0,2,0,0,0,0,0,1,,,,,,,,
QWRHJVL,1915-06-16,0,New York State,regular,,Syracuse,8,,Troy,3,,,1:49,,,,,data/boxscores/transcript/1915/1915-ESG/ESG-19150610.txt,"Elmira Star-Gazette, June 17, 1915",0,0,0,0,0,0,0,5,3,,,,,,,,,,,0,1,0,0,0,1,1,0,0,,,,,,,,,,
WTGGQTP,1915-06-17,0,New York State,regular,,Scranton,1,,Binghamton,9,,,2:00,,,,,data/boxscores/transcript/1915/1915-ESG/ESG-19150617.txt,"Elmira Star-Gazette, June 18, 1915",0,0,0,0,0,1,0,0,0,,,,,,,,,,,0,1,1,0,3,0,0,4,x,,,,,,,,,,
LVRRGFM,1915-06-17,0,New York State,regular,,Wilkes-Barre,10,,Elmira,13,,,2:15,,,,,data/boxscores/transcript/1915/1915-ESG/ESG-19150617.txt,"Elmira Star-Gazette, June 18, 1915",1,0,4,1,0,0,3,1,0,,,,,,,,,,,0,0,5,0,0,0,6,2,x,,,,,,,,,,
CLFZGYY,1915-06-18,0,New York State,regular,,Scranton,7,,Binghamton,6,,,2:00,,,,,data/boxscores/transcript/1915/1915-ESG/ESG-19150617.txt,"Elmira Star-Gazette, June 19, 1915",1,2,1,0,0,1,1,0,0,1,,,,,,,,,,2,0,0,2,0,1,0,1,0,0,,,,,,,,,
YNQZRMQ,1915-06-18,0,New York State,regular,,Wilkes-Barre,0,,Elmira,4,,,1:45,,,,,data/boxscores/transcript/1915/1915-ESG/ESG-19150617.txt,"Elmira Star-Gazette, June 19, 1915",0,0,0,0,0,0,0,0,0,,,,,,,,,,,2,0,1,0,0,1,0,0,x,,,,,,,,,,
LPQSRKR,1915-06-18,1,New York State,regular,,Syracuse,5,,Troy,1,,,1:30,,,,,data/boxscores/transcript/1915/1915-ESG/ESG-19150617.txt,"Elmira Star-Gazette, June 19, 1915",2,2,0,0,0,1,0,0,0,,,,,,,,,,,0,0,0,0,1,0,0,0,0,,,,,,,,,,
QGNDWKF,1915-06-18,2,New York State,regular,,Syracuse,1,,Troy,4,,,1:50,,,,,data/boxscores/transcript/1915/1915-ESG/ESG-19150617.txt,"Elmira Star-Gazette, June 19, 1915",0,0,0,0,1,0,0,0,0,,,,,,,,,,,1,0,1,0,0,0,0,2,x,,,,,,,,,,
JNKWLYY,1915-06-18,0,New York State,regular,,Albany,3,,Utica,4,,,1:35,,,,2,data/boxscores/transcript/1915/1915-ESG/ESG-19150617.txt,"Elmira Star-Gazette, June 19, 1915",0,1,0,1,0,0,1,0,0,,,,,,,,,,,0,0,3,0,0,0,0,0,1,,,,,,,,,,
TQHCDJH,1915-06-19,0,New York State,regular,,Binghamton,6,,Scranton,1,,,,,,,,data/boxscores/transcript/1915/1915-ESG/ESG-19150617.txt,"Elmira Star-Gazette, June 21, 1915",0,1,3,0,0,0,0,0,2,,,,,,,,,,,0,0,0,0,0,0,0,0,1,,,,,,,,,,
XVTMCLL,1915-06-19,0,New York State,regular,,Troy,5,,Syracuse,3,,,,,,,,data/boxscores/transcript/1915/1915-ESG/ESG-19150617.txt,"Elmira Star-Gazette, June 21, 1915",0,0,0,1,4,0,0,0,0,,,,,,,,,,,0,0,2,0,0,0,0,0,1,,,,,,,,,,
WMDRTRB,1915-06-19,0,New York State,regular,,Albany,,,Utica,,,,,,postponed,rain,,data/boxscores/transcript/1915/1915-ESG/ESG-19150617.txt,"Elmira Star-Gazette, June 21, 1915",,,,,,,,,,,,,,,,,,,,,,,,,,,,,,,,,,,,,,
MHCHJQW,1915-06-19,1,New York State,regular,,Elmira,,,Wilkes-Barre,,,,,,postponed,rain,,data/boxscores/transcript/1915/1915-ESG/ESG-19150617.txt,"Elmira Star-Gazette, June 21, 1915",,,,,,,,,,,,,,,,,,,,,,,,,,,,,,,,,,,,,,
SVMVJLW,1915-06-19,2,New York State,regular,,Elmira,1,,Wilkes-Barre,4,,,1:20,,,,,data/boxscores/transcript/1915/1915-ESG/ESG-19150617.txt,"Elmira Star-Gazette, June 21, 1915",0,0,0,0,0,0,1,0,0,,,,,,,,,,,2,0,0,0,0,0,2,0,x,,,,,,,,,,
CFBGNLM,1915-06-20,0,New York State,regular,,Wilkes-Barre,8,,Elmira,6,,,2:05,,,,,data/boxscores/transcript/1915/1915-ESG/ESG-19150617.txt,"Elmira Star-Gazette, June 21, 1915",0,0,4,2,0,0,0,1,1,,,,,,,,,,,0,1,2,0,0,2,0,1,0,,,,,,,,,,
XCYMBHB,1915-06-20,1,New York State,regular,,Troy,4,,Syracuse,3,,,2:00,,,,,data/boxscores/transcript/1915/1915-ESG/ESG-19150617.txt,"Elmira Star-Gazette, June 21, 1915",0,0,0,0,2,0,0,0,2,,,,,,,,,,,1,0,0,0,0,2,0,0,0,,,,,,,,,,
TGRQVYQ,1915-06-20,2,New York State,regular,,Troy,4,,Syracuse,7,,,1:40,,,,,data/boxscores/transcript/1915/1915-ESG/ESG-19150617.txt,"Elmira Star-Gazette, June 21, 1915",0,0,0,0,0,4,0,,,,,,,,,,,,,0,0,4,0,3,0,x,,,,,,,,,,,,
FWYWVJC,1915-06-20,1,New York State,regular,,Albany,0,,Utica,4,,,1:17,,,,,data/boxscores/transcript/1915/1915-ESG/ESG-19150617.txt,"Elmira Star-Gazette, June 21, 1915",0,0,0,0,0,0,0,0,0,,,,,,,,,,,1,1,0,0,2,0,0,0,x,,,,,,,,,,
KBTMPZN,1915-06-20,2,New York State,regular,,Albany,0,,Utica,2,,,,,,,,data/boxscores/transcript/1915/1915-ESG/ESG-19150617.txt,"Elmira Star-Gazette, June 21, 1915",0,0,0,0,0,0,0,,,,,,,,,,,,,0,2,0,0,0,0,x,,,,,,,,,,,,
DDCHDKY,1915-06-21,1,New York State,regular,,Binghamton,8,,Scranton,4,,,2:00,,,,,data/boxscores/transcript/1915/1915-ESG/ESG-19150617.txt,"Elmira Star-Gazette, June 22, 1915",0,0,0,5,0,3,0,0,0,,,,,,,,,,,1,3,0,0,0,0,0,0,0,,,,,,,,,,
YTHFPHZ,1915-06-21,2,New York State,regular,,Binghamton,7,,Scranton,4,,,1:20,,,,,data/boxscores/transcript/1915/1915-ESG/ESG-19150617.txt,"Elmira Star-Gazette, June 22, 1915",0,0,0,1,0,0,6,,,,,,,,,,,,,1,2,0,0,0,1,0,,,,,,,,,,,,
LTNGDXD,1915-06-21,0,New York State,regular,,Troy,,,Syracuse,,,,,,postponed,rain,,data/boxscores/transcript/1915/1915-ESG/ESG-19150617.txt,"Elmira Star-Gazette, June 22, 1915",,,,,,,,,,,,,,,,,,,,,,,,,,,,,,,,,,,,,,
RQNRTTR,1915-06-21,0,New York State,regular,,Albany,1,,Utica,8,,,1:19,,,,,data/boxscores/transcript/1915/1915-ESG/ESG-19150617.txt,"Elmira Star-Gazette, June 22, 1915",1,0,0,0,0,0,0,0,0,,,,,,,,,,,0,3,1,0,2,1,0,1,x,,,,,,,,,,
HFWZYJY,1915-06-21,0,New York State,regular,,Elmira,8,,Wilkes-Barre,7,,,2:15,,,,,data/boxscores/transcript/1915/1915-ESG/ESG-19150617.txt,"Elmira Star-Gazette, June 22, 1915",2,0,1,0,0,1,0,0,4,,,,,,,,,,,0,0,1,0,5,0,1,0,0,,,,,,,,,,
QFTHGVQ,1915-06-22,0,New York State,regular,,Elmira,,,Scranton,,,,,,postponed,rain,,data/boxscores/transcript/1915/1915-ESG/ESG-19150617.txt,"Elmira Star-Gazette, June 23, 1915",,,,,,,,,,,,,,,,,,,,,,,,,,,,,,,,,,,,,,
XDNZQBK,1915-06-22,0,New York State,regular,,Albany,,,Syracuse,,,,,,postponed,rain,,data/boxscores/transcript/1915/1915-ESG/ESG-19150617.txt,"Elmira Star-Gazette, June 23, 1915",,,,,,,,,,,,,,,,,,,,,,,,,,,,,,,,,,,,,,
QBKQKGV,1915-06-22,0,New York State,regular,,Troy,,,Utica,,,,,,postponed,rain,,data/boxscores/transcript/1915/1915-ESG/ESG-19150617.txt,"Elmira Star-Gazette, June 23, 1915",,,,,,,,,,,,,,,,,,,,,,,,,,,,,,,,,,,,,,
TKRSFNG,1915-06-22,0,New York State,regular,,Binghamton,,,Wilkes-Barre,,,,,,postponed,rain,,data/boxscores/transcript/1915/1915-ESG/ESG-19150617.txt,"Elmira Star-Gazette, June 23, 1915",,,,,,,,,,,,,,,,,,,,,,,,,,,,,,,,,,,,,,
TWGZNFJ,1915-06-23,0,New York State,regular,,Elmira,,,Scranton,,,,,,postponed,rain,,data/boxscores/transcript/1915/1915-ESG/ESG-19150617.txt,"Elmira Star-Gazette, June 24, 1915",,,,,,,,,,,,,,,,,,,,,,,,,,,,,,,,,,,,,,
NQMYYKX,1915-06-23,0,New York State,regular,,Albany,,,Syracuse,,,,,,postponed,rain,,data/boxscores/transcript/1915/1915-ESG/ESG-19150617.txt,"Elmira Star-Gazette, June 24, 1915",,,,,,,,,,,,,,,,,,,,,,,,,,,,,,,,,,,,,,
DSFXKFC,1915-06-23,0,New York State,regular,,Troy,1,,Utica,2,,,1:49,,,,0,data/boxscores/transcript/1915/1915-ESG/ESG-19150617.txt,"Elmira Star-Gazette, June 24, 1915",0,0,0,0,0,0,0,0,1,0,0,,,,,,,,,0,0,1,0,0,0,0,0,0,0,1,,,,,,,,
KBZGSVM,1915-06-23,1,New York State,regular,,Binghamton,4,,Wilkes-Barre,6,,,2:00,,,,,data/boxscores/transcript/1915/1915-ESG/ESG-19150617.txt,"Elmira Star-Gazette, June 24, 1915",2,1,0,0,0,0,0,0,1,,,,,,,,,,,0,4,0,1,0,0,1,0,x,,,,,,,,,,
QWJRYPF,1915-06-23,2,New York State,regular,,Binghamton,1,,Wilkes-Barre,0,,,1:20,,,,,data/boxscores/transcript/1915/1915-ESG/ESG-19150617.txt,"Elmira Star-Gazette, June 24, 1915",0,0,1,0,0,0,0,,,,,,,,,,,,,0,0,0,0,0,0,0,,,,,,,,,,,,
NLGQYGG,1915-06-24,1,New York State,regular,,Elmira,6,,Scranton,3,,,1:26,,,,,data/boxscores/transcript/1915/1915-ESG/ESG-19150624.txt,"Elmira Star-Gazette, June 25, 1915",0,0,0,0,0,0,0,5,1,,,,,,,,,,,0,1,0,0,0,1,0,1,0,,,,,,,,,,
WXZVTKW,1915-06-24,2,New York State,regular,,Elmira,1,,Scranton,3,,,1:30,,,,,data/boxscores/transcript/1915/1915-ESG/ESG-19150624.txt,"Elmira Star-Gazette, June 25, 1915",0,0,0,0,0,1,0,0,0,,,,,,,,,,,0,0,0,0,2,0,0,1,x,,,,,,,,,,
QFXNNJZ,1915-06-24,1,New York State,regular,,Albany,6,,Syracuse,5,,,3:50,,,,,data/boxscores/transcript/1915/1915-ESG/ESG-19150624.txt,"Elmira Star-Gazette, June 25, 1915",0,0,0,3,0,2,0,0,0,0,0,0,0,0,0,0,0,0,1,0,0,1,0,4,0,0,0,0,0,0,0,0,0,0,0,0,0,0
QVGJHVK,1915-06-24,2,New York State,regular,,Albany,2,,Syracuse,2,,,1:20,,,,,data/boxscores/transcript/1915/1915-ESG/ESG-19150624.txt,"Elmira Star-Gazette, June 25, 1915",1,0,1,0,0,,,,,,,,,,,,,,,0,1,1,0,0,,,,,,,,,,,,,,
SYXZLLZ,1915-06-24,1,New York State,regular,,Troy,2,,Utica,1,,,1:28,,,,,data/boxscores/transcript/1915/1915-ESG/ESG-19150624.txt,"Elmira Star-Gazette, June 25, 1915",0,0,0,0,1,0,0,0,0,1,,,,,,,,,,0,0,1,0,0,0,0,0,0,0,,,,,,,,,
GWYRJVR,1915-06-24,2,New York State,regular,,Troy,0,,Utica,1,,,:58,,,,,data/boxscores/transcript/1915/1915-ESG/ESG-19150624.txt,"Elmira Star-Gazette, June 25, 1915",0,0,0,0,0,0,0,,,,,,,,,,,,,0,0,0,0,0,0,1,,,,,,,,,,,,
QDPHMDV,1915-06-24,0,New York State,regular,,Binghamton,8,,Wilkes-Barre,6,,,2:00,,,,,data/boxscores/transcript/1915/1915-ESG/ESG-19150624.txt,"Elmira Star-Gazette, June 25, 1915",1,0,2,0,0,0,4,0,1,,,,,,,,,,,1,0,0,0,2,3,0,0,0,,,,,,,,,,
NNBVNZY,1915-06-25,0,New York State,regular,,Scranton,3,,Albany,2,,,1:55,,,,,data/boxscores/transcript/1915/1915-ESG/ESG-19150624.txt,"Elmira Star-Gazette, June 26, 1915",0,0,0,0,0,0,1,2,0,,,,,,,,,,,0,0,0,0,0,0,2,0,0,,,,,,,,,,
YXNSVGH,1915-06-25,0,New York State,regular,,Syracuse,3,,Binghamton,3,,,1:40,,,,,data/boxscores/transcript/1915/1915-ESG/ESG-19150624.txt,"Elmira Star-Gazette, June 26, 1915",0,1,1,0,0,0,1,0,,,,,,,,,,,,0,2,0,0,0,0,0,1,,,,,,,,,,,
SWTQSTH,1915-06-25,0,New York State,regular,,Utica,3,,Elmira,10,,,1:42,,,,,data/boxscores/transcript/1915/1915-ESG/ESG-19150624.txt,"Elmira Star-Gazette, June 26, 1915",0,2,1,0,0,0,0,0,0,,,,,,,,,,,1,0,1,0,0,4,0,4,x,,,,,,,,,,
QYTCDTS,1915-06-25,0,New York State,regular,,Wilkes-Barre,0,,Troy,6,,,1:31,,,,,data/boxscores/transcript/1915/1915-ESG/ESG-19150624.txt,"Elmira Star-Gazette, June 26, 1915",0,0,0,0,0,0,0,0,0,,,,,,,,,,,1,1,1,0,0,1,0,2,x,,,,,,,,,,
CRNVBTW,1915-06-26,0,New York State,regular,,Scranton,1,,Albany,4,,,,,,,,data/boxscores/transcript/1915/1915-ESG/ESG-19150624.txt,"Elmira Star-Gazette, June 28, 1915",0,0,0,0,0,1,0,0,0,,,,,,,,,,,0,2,0,0,0,1,0,1,x,,,,,,,,,,
FYWRLMX,1915-06-26,1,New York State,regular,,Syracuse,1,,Binghamton,11,,,,,,,,data/boxscores/transcript/1915/1915-ESG/ESG-19150624.txt,"Elmira Star-Gazette, June 28, 1915",0,0,0,0,0,0,0,1,0,,,,,,,,,,,0,2,0,1,1,2,3,2,x,,,,,,,,,,
GFYDNDV,1915-06-26,2,New York State,regular,,Syracuse,2,,Binghamton,5,,,,,,,,data/boxscores/transcript/1915/1915-ESG/ESG-19150624.txt,"Elmira Star-Gazette, June 28, 1915",1,0,0,0,1,0,0,,,,,,,,,,,,,3,0,1,1,0,0,x,,,,,,,,,,,,
JJGWCWJ,1915-06-26,0,New York State,regular,,Utica,3,,Elmira,2,,,1:25,,,,,data/boxscores/transcript/1915/1915-ESG/ESG-19150624.txt,"Elmira Star-Gazette, June 28, 1915",0,1,1,0,0,0,0,0,1,,,,,,,,,,,1,0,0,0,0,0,0,0,1,,,,,,,,,,
JVCCBDF,1915-06-26,0,New York State,regular,,Wilkes-Barre,4,,Troy,5,,,,,,,,data/boxscores/transcript/1915/1915-ESG/ESG-19150624.txt,"Elmira Star-Gazette, June 28, 1915",1,0,0,0,2,0,0,1,0,,,,,,,,,,,0,0,1,0,0,1,1,2,x,,,,,,,,,,
LFYDZWY,1915-06-27,0,New York State,regular,,Scranton,2,,Albany,1,,,1:39,,,,,data/boxscores/transcript/1915/1915-ESG/ESG-19150624.txt,"Elmira Star-Gazette, June 28, 1915",0,0,1,0,0,0,1,0,0,,,,,,,,,,,0,1,0,0,0,0,0,0,0,,,,,,,,,,
GBQRKJJ,1915-06-27,0,New York State,regular,,Utica,8,,Elmira,5,,,1:48,,,,,data/boxscores/transcript/1915/1915-ESG/ESG-19150624.txt,"Elmira Star-Gazette, June 28, 1915",2,0,0,1,0,3,2,0,0,,,,,,,,,,,0,0,0,0,1,0,4,0,0,,,,,,,,,,
BTPWJSB,1915-06-27,0,New York State,regular,,Binghamton,2,,Syracuse,7,,,1:45,,,,,data/boxscores/transcript/1915/1915-ESG/ESG-19150624.txt,"Elmira Star-Gazette, June 28, 1915",0,0,0,1,0,0,0,1,0,,,,,,,,,,,0,2,0,2,1,0,0,2,x,,,,,,,,,,
LKHBXBF,1915-06-28,0,New York State,regular,,Wilkes-Barre,4,,Albany,1,,,1:59,,,,,data/boxscores/transcript/1915/1915-ESG/ESG-19150624.txt,"Elmira Star-Gazette, June 29, 1915",1,0,0,0,0,2,1,0,0,,,,,,,,,,,1,0,0,0,0,0,0,0,0,,,,,,,,,,
HGYGDNQ,1915-06-28,0,New York State,regular,,Utica,8,,Binghamton,5,,,1:37,,,,,data/boxscores/transcript/1915/1915-ESG/ESG-19150624.txt,"Elmira Star-Gazette, June 29, 1915",2,0,0,1,0,3,2,0,0,,,,,,,,,,,0,0,0,0,1,0,4,0,0,,,,,,,,,,
NBYYTCB,1915-06-28,0,New York State,regular,,Syracuse,6,,Elmira,7,,,1:55,,,,,data/boxscores/transcript/1915/1915-ESG/ESG-19150624.txt,"Elmira Star-Gazette, June 29, 1915",0,0,1,0,0,4,0,0,1,,,,,,,,,,,1,0,0,4,0,0,0,2,x,,,,,,,,,,
WPVYDYF,1915-06-28,0,New York State,regular,,Scranton,6,,Troy,1,,,1:49,,,,,data/boxscores/transcript/1915/1915-ESG/ESG-19150624.txt,"Elmira Star-Gazette, June 29, 1915",0,0,0,0,0,4,0,2,0,,,,,,,,,,,0,0,0,0,0,0,0,1,0,,,,,,,,,,
TCFSPPB,1915-06-29,0,New York State,regular,,Wilkes-Barre,9,,Albany,5,,,1:55,,,,,data/boxscores/transcript/1915/1915-ESG/ESG-19150624.txt,"Elmira Star-Gazette, June 30, 1915",1,2,0,0,0,1,5,0,0,,,,,,,,,,,1,1,0,0,1,0,0,0,2,,,,,,,,,,
KCZRNGF,1915-06-29,1,New York State,regular,,Utica,1,,Binghamton,3,,,,,,,,data/boxscores/transcript/1915/1915-ESG/ESG-19150624.txt,"Elmira Star-Gazette, June 30, 1915",0,0,0,0,0,1,0,0,0,,,,,,,,,,,3,0,0,0,0,0,0,0,x,,,,,,,,,,
HGJFRMH,1915-06-29,2,New York State,regular,,Utica,2,,Binghamton,4,,,1:20,,,,,data/boxscores/transcript/1915/1915-ESG/ESG-19150624.txt,"Elmira Star-Gazette, June 30, 1915",1,0,0,1,0,0,0,,,,,,,,,,,,,1,0,0,1,0,2,x,,,,,,,,,,,,
QLQSFML,1915-06-29,0,New York State,regular,,Syracuse,2,,Elmira,9,,,1:49,,,,,data/boxscores/transcript/1915/1915-ESG/ESG-19150624.txt,"Elmira Star-Gazette, June 30, 1915",0,0,0,0,1,0,0,0,1,,,,,,,,,,,1,4,0,2,0,0,0,2,x,,,,,,,,,,
JPGSXQJ,1915-06-29,0,New York State,regular,,Scranton,6,,Troy,4,,,1:49,,,,,data/boxscores/transcript/1915/1915-ESG/ESG-19150624.txt,"Elmira Star-Gazette, June 30, 1915",0,0,0,3,1,0,0,0,2,,,,,,,,,,,2,0,1,0,0,0,0,1,0,,,,,,,,,,
VRPHXXJ,1915-06-30,0,New York State,regular,,Wilkes-Barre,,,Albany,,,,,,postponed,rain,,data/boxscores/transcript/1915/1915-ESG/ESG-19150624.txt,"Elmira Star-Gazette, July 1, 1915",,,,,,,,,,,,,,,,,,,,,,,,,,,,,,,,,,,,,,
KTQZKFW,1915-06-30,0,New York State,regular,,Utica,,,Binghamton,,,,,,postponed,rain,,data/boxscores/transcript/1915/1915-ESG/ESG-19150624.txt,"Elmira Star-Gazette, July 1, 1915",,,,,,,,,,,,,,,,,,,,,,,,,,,,,,,,,,,,,,
BXFXLGK,1915-06-30,0,New York State,regular,,Syracuse,,,Elmira,,,,,,postponed,rain,,data/boxscores/transcript/1915/1915-ESG/ESG-19150624.txt,"Elmira Star-Gazette, July 1, 1915",,,,,,,,,,,,,,,,,,,,,,,,,,,,,,,,,,,,,,
SGKPYJV,1915-06-30,0,New York State,regular,,Scranton,,,Troy,,,,,,postponed,rain,,data/boxscores/transcript/1915/1915-ESG/ESG-19150624.txt,"Elmira Star-Gazette, July 1, 1915",,,,,,,,,,,,,,,,,,,,,,,,,,,,,,,,,,,,,,
JQQDGWT,1915-07-01,0,New York State,regular,,Binghamton,0,,Elmira,5,,,1:35,,,,,data/boxscores/transcript/1915/1915-ESG/ESG-19150701.txt,"Elmira Star-Gazette, July 2, 1915",0,0,0,0,0,0,0,0,0,,,,,,,,,,,0,0,0,1,0,0,0,4,x,,,,,,,,,,
ZDQYXNT,1915-07-01,0,New York State,regular,,Wilkes-Barre,4,,Scranton,3,,,1:55,,,,,data/boxscores/transcript/1915/1915-ESG/ESG-19150701.txt,"Elmira Star-Gazette, July 2, 1915",0,0,0,0,0,1,0,3,0,,,,,,,,,,,1,0,0,0,1,0,1,0,0,,,,,,,,,,
QTYRHXG,1915-07-01,0,New York State,regular,,Utica,,,Syracuse,,,,,,postponed,rain,,data/boxscores/transcript/1915/1915-ESG/ESG-19150701.txt,"Elmira Star-Gazette, July 2, 1915",,,,,,,,,,,,,,,,,,,,,,,,,,,,,,,,,,,,,,
VQGXBZW,1915-07-01,0,New York State,regular,,Albany,,,Troy,,,,,,postponed,rain,,data/boxscores/transcript/1915/1915-ESG/ESG-19150701.txt,"Elmira Star-Gazette, July 2, 1915",,,,,,,,,,,,,,,,,,,,,,,,,,,,,,,,,,,,,,
TQGPZRW,1915-07-02,0,New York State,regular,,Binghamton,,,Elmira,,,,,,postponed,rain,,data/boxscores/transcript/1915/1915-ESG/ESG-19150701.txt,"Elmira Star-Gazette, July 3, 1915",,,,,,,,,,,,,,,,,,,,,,,,,,,,,,,,,,,,,,
VQDJNWQ,1915-07-02,0,New York State,regular,,Wilkes-Barre,,,Scranton,,,,,,postponed,rain,,data/boxscores/transcript/1915/1915-ESG/ESG-19150701.txt,"Elmira Star-Gazette, July 3, 1915",,,,,,,,,,,,,,,,,,,,,,,,,,,,,,,,,,,,,,
LYLNWRZ,1915-07-02,1,New York State,regular,,Utica,1,,Syracuse,6,,,1:37,,,,,data/boxscores/transcript/1915/1915-ESG/ESG-19150701.txt,"Elmira Star-Gazette, July 3, 1915",0,0,0,0,0,0,0,0,1,,,,,,,,,,,0,1,1,1,1,0,0,2,x,,,,,,,,,,
STGRTVM,1915-07-02,2,New York State,regular,,Utica,2,,Syracuse,0,,,1:10,,,,,data/boxscores/transcript/1915/1915-ESG/ESG-19150701.txt,"Elmira Star-Gazette, July 3, 1915",1,0,0,0,0,0,1,,,,,,,,,,,,,0,0,0,0,0,0,0,,,,,,,,,,,,
PKLVJWV,1915-07-02,0,New York State,regular,,Albany,2,,Troy,11,,,1:50,,,,,data/boxscores/transcript/1915/1915-ESG/ESG-19150701.txt,"Elmira Star-Gazette, July 3, 1915",0,0,1,1,0,0,0,0,0,,,,,,,,,,,1,4,0,0,0,0,4,2,x,,,,,,,,,,
CRXCDKJ,1915-07-03,1,New York State,regular,,Troy,,,Albany,,,,,,,,,data/boxscores/transcript/1915/1915-ESG/ESG-19150701.txt,"Elmira Star-Gazette, June 06, 1915",,,,,,,,,,,,,,,,,,,,,,,,,,,,,,,,,,,,,,
WDYMNXS,1915-07-03,2,New York State,regular,,Troy,,,Albany,,,,,,,,,data/boxscores/transcript/1915/1915-ESG/ESG-19150701.txt,"Elmira Star-Gazette, June 06, 1915",,,,,,,,,,,,,,,,,,,,,,,,,,,,,,,,,,,,,,
FBFTJXT,1915-07-03,0,New York State,regular,,Elmira,,,Binghamton,,,,,,,,,data/boxscores/transcript/1915/1915-ESG/ESG-19150701.txt,"Elmira Star-Gazette, June 06, 1915",,,,,,,,,,,,,,,,,,,,,,,,,,,,,,,,,,,,,,
QPBXKGW,1915-07-03,0,New York State,regular,,Syracuse,,,Utica,,,,,,,,,data/boxscores/transcript/1915/1915-ESG/ESG-19150701.txt,"Elmira Star-Gazette, June 06, 1915",,,,,,,,,,,,,,,,,,,,,,,,,,,,,,,,,,,,,,
FMNHWDN,1915-07-03,1,New York State,regular,,Scranton,,,Wilkes-Barre,,,,,,,,,data/boxscores/transcript/1915/1915-ESG/ESG-19150701.txt,"Elmira Star-Gazette, June 06, 1915",,,,,,,,,,,,,,,,,,,,,,,,,,,,,,,,,,,,,,
WTSZRZT,1915-07-03,2,New York State,regular,,Scranton,,,Wilkes-Barre,,,,,,,,,data/boxscores/transcript/1915/1915-ESG/ESG-19150701.txt,"Elmira Star-Gazette, June 06, 1915",,,,,,,,,,,,,,,,,,,,,,,,,,,,,,,,,,,,,,
LKPBQFH,1915-07-04,0,New York State,regular,,Troy,,,Albany,,,,,,,,,data/boxscores/transcript/1915/1915-ESG/ESG-19150701.txt,"Elmira Star-Gazette, June 06, 1915",,,,,,,,,,,,,,,,,,,,,,,,,,,,,,,,,,,,,,
DXTTBJD,1915-07-04,0,New York State,regular,,Binghamton,3,,Elmira,4,,,1:45,,,,,data/boxscores/transcript/1915/1915-ESG/ESG-19150701.txt,"Elmira Star-Gazette, July 6, 1915",0,0,0,0,0,3,0,0,0,,,,,,,,,,,0,2,0,0,0,0,2,0,x,,,,,,,,,,
JFCPTXC,1915-07-04,0,New York State,regular,,Syracuse,,,Utica,,,,,,,,,data/boxscores/transcript/1915/1915-ESG/ESG-19150701.txt,"Elmira Star-Gazette, June 06, 1915",,,,,,,,,,,,,,,,,,,,,,,,,,,,,,,,,,,,,,
NPCQDQQ,1915-07-05,0,New York State,regular,,Troy,1,,Albany,4,,,1:41,,,,,data/boxscores/transcript/1915/1915-ESG/ESG-19150701.txt,"Elmira Star-Gazette, July 6, 1915",0,0,0,0,0,0,0,1,0,,,,,,,,,,,1,1,0,2,0,0,0,0,x,,,,,,,,,,
WDNXDMM,1915-07-05,1,New York State,regular,,Elmira,1,,Binghamton,4,,,1:40,,,,,data/boxscores/transcript/1915/1915-ESG/ESG-19150701.txt,"Elmira Star-Gazette, July 6, 1915",1,0,0,0,0,0,0,0,0,,,,,,,,,,,1,0,0,2,0,1,0,0,x,,,,,,,,,,
GLVSXYC,1915-07-05,2,New York State,regular,,Binghamton,1,,Elmira,5,,,1:33,,,,,data/boxscores/transcript/1915/1915-ESG/ESG-19150701.txt,"Elmira Star-Gazette, July 6, 1915",0,1,0,0,0,0,0,0,0,,,,,,,,,,,3,2,0,0,0,0,0,0,x,,,,,,,,,,
VNVGTSZ,1915-07-05,2,New York State,regular,,Wilkes-Barre,5,,Scranton,6,,,2:00,,,,,data/boxscores/transcript/1915/1915-ESG/ESG-19150701.txt,"Elmira Star-Gazette, July 6, 1915",0,0,0,0,2,1,0,0,2,,,,,,,,,,,0,0,0,0,0,4,0,0,2,,,,,,,,,,
WXGJSSX,1915-07-05,0,New York State,regular,,Utica,1,,Syracuse,2,,,1:50,,,,,data/boxscores/transcript/1915/1915-ESG/ESG-19150701.txt,"Elmira Star-Gazette, July 6, 1915",0,0,0,0,0,0,0,0,1,,,,,,,,,,,1,0,1,0,0,0,0,0,x,,,,,,,,,,
ZWLMJQX,1915-07-05,1,New York State,regular,,Scranton,4,,Wilkes-Barre,5,,,2:00,,,,#1,data/boxscores/transcript/1915/1915-ESG/ESG-19150701.txt,"Elmira Star-Gazette, July 6, 1915",0,0,0,0,1,0,3,0,0,0,0,,,,,,,,,2,0,0,1,0,1,0,0,0,0,1,,,,,,,,
GJTVKTB,1915-07-06,0,New York State,regular,,Binghamton,3,,Albany,2,,,2:00,,,,,data/boxscores/transcript/1915/1915-ESG/ESG-19150701.txt,"Elmira Star-Gazette, July 7, 1915",3,0,0,0,0,0,0,0,0,,,,,,,,,,,1,0,0,0,0,0,0,0,1,,,,,,,,,,
NVJXSZF,1915-07-06,0,New York State,regular,,Binghamton,0,,Albany,4,,,1:30,,,,,data/boxscores/transcript/1915/1915-ESG/ESG-19150701.txt,"Elmira Star-Gazette, July 7, 1915",0,0,0,0,0,0,0,0,0,,,,,,,,,,,0,3,0,0,0,1,0,0,x,,,,,,,,,,
TSGCJHD,1915-07-06,0,New York State,regular,,Wilkes-Barre,1,,Syracuse,2,,,1:55,,,,,data/boxscores/transcript/1915/1915-ESG/ESG-19150701.txt,"Elmira Star-Gazette, July 7, 1915",0,0,0,1,0,0,0,0,0,,,,,,,,,,,0,2,0,0,0,0,0,0,x,,,,,,,,,,
FWWNKWH,1915-07-06,0,New York State,regular,,Elmira,5,,Troy,3,,,1:50,,,,,data/boxscores/transcript/1915/1915-ESG/ESG-19150701.txt,"Elmira Star-Gazette, July 7, 1915",1,1,0,0,0,3,0,0,0,,,,,,,,,,,1,0,2,0,0,0,0,0,0,,,,,,,,,,
RKTDFBS,1915-07-06,0,New York State,regular,,Scranton,8,,Utica,4,,,1:51,,,,,data/boxscores/transcript/1915/1915-ESG/ESG-19150701.txt,"Elmira Star-Gazette, July 7, 1915",0,0,0,0,1,1,0,1,1,4,,,,,,,,,,3,0,0,0,0,0,1,0,0,0,,,,,,,,,
FQZNYJQ,1915-07-07,1,New York State,regular,,Wilkes-Barre,6,,Syracuse,4,,,1:40,,,,,data/boxscores/transcript/1915/1915-ESG/ESG-19150701.txt,"Elmira Star-Gazette, July 8, 1915",1,0,0,0,1,2,0,2,0,,,,,,,,,,,1,0,0,0,0,0,0,3,0,,,,,,,,,,
LQLJYQG,1915-07-07,2,New York State,regular,,Wilkes-Barre,2,,Syracuse,6,,,1:35,,,,,data/boxscores/transcript/1915/1915-ESG/ESG-19150701.txt,"Elmira Star-Gazette, July 8, 1915",0,0,1,0,1,0,0,,,,,,,,,,,,,1,3,0,0,0,2,x,,,,,,,,,,,,
NXBZQSY,1915-07-07,0,New York State,regular,,Elmira,4,,Troy,3,,,1:40,,,,,data/boxscores/transcript/1915/1915-ESG/ESG-19150701.txt,"Elmira Star-Gazette, July 8, 1915",0,0,0,0,4,0,0,0,0,,,,,,,,,,,1,0,0,0,0,2,0,0,0,,,,,,,,,,
MQRKXHJ,1915-07-07,0,New York State,regular,,Scranton,0,,Utica,3,,,1:21,,,,,data/boxscores/transcript/1915/1915-ESG/ESG-19150701.txt,"Elmira Star-Gazette, July 8, 1915",0,0,0,0,0,0,0,0,0,,,,,,,,,,,0,1,1,0,0,0,1,0,x,,,,,,,,,,
