game.key,league.year,league.name,game.date,game.number,game.phase,name.last,name.first,club.name,pos,seq,B_AB,B_R,B_ER,B_H,B_2B,B_3B,B_HR,B_RBI,B_BB,B_SO,B_HP,B_SH,B_SF,B_SB,B_XO,B_LOB,B_ROE,P_IP,P_TBF,P_R,P_ER,P_H,P_BB,P_SO,P_HP,P_WP,P_BK,F_PO,F_A,F_E,F_DP,F_TP,F_PB,F_SB
BPRXGWS,1915,New York State League,1915-05-06,0,regular,Oakes,,Albany,lf,1,4,0,,0,,,,,,,,,,1,,,,,,,,,,,,,,0,0,0,,,,
BPRXGWS,1915,New York State League,1915-05-06,0,regular,O'Rourke,,Albany,2b,2,4,0,,0,,,,,,,,,,,,,,,,,,,,,,,,1,2,0,,,,
BPRXGWS,1915,New York State League,1915-05-06,0,regular,Meyer,,Albany,rf,3,4,0,,0,,,,,,,,,,,,,,,,,,,,,,,,1,0,0,,,,
BPRXGWS,1915,New York State League,1915-05-06,0,regular,Durgin,,Albany,1b,4,3,1,,1,,1,,,,,,,,,,,,,,,,,,,,,,13,2,0,2,,,
BPRXGWS,1915,New York State League,1915-05-06,0,regular,Gillespie,,Albany,3b,5,4,0,,1,,,,,,,,,,,,,,,,,,,,,,,,1,3,0,,,,
BPRXGWS,1915,New York State League,1915-05-06,0,regular,Baxter,,Albany,ss,6,3,0,,2,1,,,,,,,,,,,,,,,,,,,,,,,4,5,0,1,,,
BPRXGWS,1915,New York State League,1915-05-06,0,regular,Wilcox,,Albany,cf,7,3,0,,0,,,,,,,,,,,,,,,,,,,,,,,,0,0,0,,,,
BPRXGWS,1915,New York State League,1915-05-06,0,regular,Clougher,,Albany,c,8,3,0,,1,1,,,,,,,,,,,,,,,,,,,,,,,7,3,0,,,,
BPRXGWS,1915,New York State League,1915-05-06,0,regular,Jacobs,,Albany,p,9,2,0,,2,,,,,,,,1,,,,,,,,,,,,6,2,,,0,4,0,,,,
BPRXGWS,1915,New York State League,1915-05-06,0,regular,TOTALS,,Albany,,,30,1,,7,,,,,,,,,,,,6,1,,,,,,,,,,,27,19,0,,,,
BPRXGWS,1915,New York State League,1915-05-06,0,regular,Kroy,,Utica,rf,1,3,1,,1,,,,,,,1,,,,,,,,,,,,,,,,,2,0,0,,,,
BPRXGWS,1915,New York State League,1915-05-06,0,regular,Evans,,Utica,3b,2,4,1,,1,1,,,,,,,,,,,,,,,,,,,,,,,3,2,0,,,,
BPRXGWS,1915,New York State League,1915-05-06,0,regular,Reichle,,Utica,cf,3,4,0,,1,,,,,,,,,,,,,,,,,,,,,,,,1,0,0,,,,
BPRXGWS,1915,New York State League,1915-05-06,0,regular,Wagner,,Utica,lf,4,4,0,,1,,,,,,,,,,,,,,,,,,,,,,,,1,0,0,,,,
BPRXGWS,1915,New York State League,1915-05-06,0,regular,Cranston,,Utica,2b,5,2,1,,1,,,,,,,1,1,,,,,,,,,,,,,,,,3,6,1,3,,,
BPRXGWS,1915,New York State League,1915-05-06,0,regular,Walsh,,Utica,1b,6,4,0,,1,,,,,,,,,,1,,,,,,,,,,,,,,11,0,0,3,,,
BPRXGWS,1915,New York State League,1915-05-06,0,regular,O'Neill,,Utica,ss,7,4,0,,1,,,,,,,,,,,,,,,,,,,,,,,,1,2,0,2,,,
BPRXGWS,1915,New York State League,1915-05-06,0,regular,Ahles,,Utica,c,8,4,1,,2,1,,,,,,,,,,,,,,,,,,,,,,,5,1,0,,,,
BPRXGWS,1915,New York State League,1915-05-06,0,regular,Taylor,,Utica,p,9,2,0,,0,,,,,,,,1,,,,,,,,,,,3,5,,,,0,3,0,,,,
BPRXGWS,1915,New York State League,1915-05-06,0,regular,TOTALS,,Utica,,,31,4,3,9,,,,,,,,,,,,4,,,,,,,,,,,,27,14,1,,,,
JXCGNZG,1915,New York State League,1915-05-06,0,regular,Hunter,,Elmira,rf,1,5,2,,2,,,1,,,,,,,,,,,,,,,,,,,,,1,0,0,,,,
JXCGNZG,1915,New York State League,1915-05-06,0,regular,Conroy,,Elmira,lf,2,4,1,,1,1,,,,,,,,,,,,,,,,,,,,,,,2,0,0,,,,
JXCGNZG,1915,New York State League,1915-05-06,0,regular,Ward,,Elmira,1b,3,4,1,,1,1,,,,,,,,,,,,,,,,,,,,,,,8,1,0,1,,,
JXCGNZG,1915,New York State League,1915-05-06,0,regular,Johnson,,Elmira,ss,4,2,1,,2,,,,,,,,1,,,,,,,,,,,,,,,,4,4,1,1,,,
JXCGNZG,1915,New York State League,1915-05-06,0,regular,Catiz,,Elmira,3b,5,3,0,,1,,,,,,,,1,,,,,,,,,,,,,,,,0,1,2,,,,
JXCGNZG,1915,New York State League,1915-05-06,0,regular,Loudy,,Elmira,2b,6,4,0,,1,1,,,,,,,,,,1.0,,,,,,,,,,,,,1,2,0,1,,,
JXCGNZG,1915,New York State League,1915-05-06,0,regular,Sullivan,,Elmira,cf,7,4,0,,1,,,,,,,,,,,,,,,,,,,,,,,,1,0,0,,,,
JXCGNZG,1915,New York State League,1915-05-06,0,regular,Bemis,,Elmira,c,8,4,0,,0,,,,,,,,,,,,,,,,,,,,,,,,10,1,0,,,,
JXCGNZG,1915,New York State League,1915-05-06,0,regular,Dessau,,Elmira,p,9,3,1,,2,1,,,,,,,,,,,,,,,,,,4,7,,,,0,6,0,,,,
JXCGNZG,1915,New York State League,1915-05-06,0,regular,TOTALS,,Elmira,,,33,6,2,11,,,,,,,,,,,,7,1,,,,,,,,,,,27,15,3,,,,
JXCGNZG,1915,New York State League,1915-05-06,0,regular,Priest,,Wilkes-Barre,2b,1,4,0,,1,,,,,,,,,,,,,,,,,,,,,,,,0,3,0,,,,
JXCGNZG,1915,New York State League,1915-05-06,0,regular,Brown,,Wilkes-Barre,ph,10,1,0,,0,,,,,,,,,,,,,,,,,,,,,,,,0,0,0,,,,
JXCGNZG,1915,New York State League,1915-05-06,0,regular,Ginn,,Wilkes-Barre,rf,2,4,0,,0,,,,,,,,,,,,,,,,,,,,,,,,2,0,0,,,,
JXCGNZG,1915,New York State League,1915-05-06,0,regular,Hoffman,,Wilkes-Barre,cf,3,4,0,,1,,,,,,,,,,,,,,,,,,,,,,,,1,0,0,,,,
JXCGNZG,1915,New York State League,1915-05-06,0,regular,O'Rourke,,Wilkes-Barre,ss,4,4,0,,0,,,,,,,,,,,,,,,,,,,,,,,,2,2,1,,,,
JXCGNZG,1915,New York State League,1915-05-06,0,regular,De Groff,,Wilkes-Barre,lf,5,4,1,,1,,,,,,,,,,,,,,,,,,,,,,,,3,0,0,,,,
JXCGNZG,1915,New York State League,1915-05-06,0,regular,Noonan,,Wilkes-Barre,1b,6,4,1,,2,,,,,,,,,,,,,,,,,,,,,,,,10,0,0,,,,
JXCGNZG,1915,New York State League,1915-05-06,0,regular,Burke,,Wilkes-Barre,3b,7,4,1,,0,,,,,,,,,,,,,,,,,,,,,,,,1,1,0,,,,
JXCGNZG,1915,New York State League,1915-05-06,0,regular,Briger,,Wilkes-Barre,c,8,3,2,,1,,,1,,,,,,,,,,,,,,,,,,,,,4,0,0,,,,
JXCGNZG,1915,New York State League,1915-05-06,0,regular,McGinley,,Wilkes-Barre,p,9,1,0,,0,,,,,,,,1,,,,,,,,,,,2,3,,2,,0,3,0,,,,
JXCGNZG,1915,New York State League,1915-05-06,0,regular,TOTALS,,Wilkes-Barre,,,33,5,1,6,,,,,,,,,,,,6,3,,,,,,,,,,,23,9,1,,,,
KZHYJDT,1915,New York State League,1915-05-06,0,regular,Becker,,Binghamton,cf,1,5,0,,1,,,,,,,,,,,,,,,,,,,,,,,,0,0,0,,,,
KZHYJDT,1915,New York State League,1915-05-06,0,regular,Irving,,Binghamton,lf,2,3,2,,2,,,,,,,,,,1,,,,,,,,,,,,,,3,0,0,,,,
KZHYJDT,1915,New York State League,1915-05-06,0,regular,Curray,,Binghamton,2b,3,4,1,,1,,1,,,,,,,,,,,,,,,,,,,,,,1,2,2,,,,
KZHYJDT,1915,New York State League,1915-05-06,0,regular,Kay,,Binghamton,rf,4,5,3,,2,,1,,,,,,,,1,,,,,,,,,,,,,,0,0,0,,,,
KZHYJDT,1915,New York State League,1915-05-06,0,regular,Pepe,,Binghamton,ss,5,5,3,,3,1,1,,,,,,,,1,,,,,,,,,,,,,,1,2,2,,,,
KZHYJDT,1915,New York State League,1915-05-06,0,regular,Gonzales,,Binghamton,2b,6,4,0,,2,,,,,,,,,1,,,,,,,,,,,,,,,1,3,1,,,,
KZHYJDT,1915,New York State League,1915-05-06,0,regular,Calhoun,,Binghamton,1b,7,4,0,,1,1,,,,,,,,,,,,,,,,,,,,,,,15,1,1,,,,
KZHYJDT,1915,New York State League,1915-05-06,0,regular,Peterson,,Binghamton,c,8,4,1,,1,,,,,,,,,,,,,,,,,,,,,,,,5,0,0,,,,
KZHYJDT,1915,New York State League,1915-05-06,0,regular,O'Connor,,Binghamton,p,9,4,0,,1,1,,,,,,,,,,,,,,,,,,1,4,,,,1,5,0,,,,
KZHYJDT,1915,New York State League,1915-05-06,0,regular,TOTALS,,Binghamton,,,38,10,3,14,,,,,,,,,,,,7,3,,,,,,,,,,,27,13,6,,,,
KZHYJDT,1915,New York State League,1915-05-06,0,regular,Murray,,Scranton,3b,1,3,2,,1,,,,,,,,,,,,,,,,,,,,,,,,2,2,1,,,,
KZHYJDT,1915,New York State League,1915-05-06,0,regular,Scull,,Scranton,p,10,3,0,,0,,,,,,,,,,,,,,5.2,,,,11,1,2,,,,0,2,0,,,,
KZHYJDT,1915,New York State League,1915-05-06,0,regular,Hartman,,Scranton,ss,2,5,1,,1,,,,,,,,,,,,,,,,,,,,,,,,4,3,0,,,,
KZHYJDT,1915,New York State League,1915-05-06,0,regular,Corcoran,,Scranton,lf,3,5,0,,0,,,,,,,,,,,,,,,,,,,,,,,,2,0,0,,,,
KZHYJDT,1915,New York State League,1915-05-06,0,regular,Mullen,,Scranton,2b,4,5,1,,1,1,,,,,,,,,,,,,,,,,,,,,,,1,2,1,,,,
KZHYJDT,1915,New York State League,1915-05-06,0,regular,Strait,,Scranton,rf,5,5,1,,0,,,,,,,,,,,,,,,,,,,,,,,,1,1,1,,,,
KZHYJDT,1915,New York State League,1915-05-06,0,regular,Maisel,,Scranton,cf,6,4,1,,2,,,,,,,,,,,,,,,,,,,,,,,,2,0,0,,,,
KZHYJDT,1915,New York State League,1915-05-06,0,regular,Cruickshank,,Scranton,1b,7,4,1,,0,1,,,,,,,,,1,,,,,,,,,,,,,,10,0,0,,,,
KZHYJDT,1915,New York State League,1915-05-06,0,regular,Miller,,Scranton,c,8,4,0,,2,1,,,,,,,,,,,,,,,,,,,,,,,2,1,1,,,,
KZHYJDT,1915,New York State League,1915-05-06,0,regular,Breckenridge,,Scranton,p,9,1,0,,0,,,,,,,,,,,,,,2.1,,,,3,2,1,,,,0,0,0,,,,
KZHYJDT,1915,New York State League,1915-05-06,0,regular,TOTALS,,Scranton,,,39,7,1,7,,,,,,,,,,,,3,4,,,,,,,,,,,25,11,4,,,,
LMXBCHH,1915,New York State League,1915-05-06,0,regular,McConnell,,Syracuse,2b,1,4,0,,1,,,,,,,,,,,,,,,,,,,,,,,,0,4,2,,,,
LMXBCHH,1915,New York State League,1915-05-06,0,regular,Frill,,Syracuse,p,10,3,0,,0,,,,,,,,,,,,,,,,,,,3,2,1,,,2,1,0,,,,
LMXBCHH,1915,New York State League,1915-05-06,0,regular,O'Neill,,Syracuse,lf,2,4,1,,2,,,,,,,1,,,1,,,,,,,,,,,,,,1,1,0,,,,
LMXBCHH,1915,New York State League,1915-05-06,0,regular,Russell,,Syracuse,1b,3,2,0,,1,,,,,,,,,,,,,,,,,,,,,,,,2,0,0,1,,,
LMXBCHH,1915,New York State League,1915-05-06,0,regular,Jarosick,,Syracuse,1b,4,3,0,,0,,,,,,,,,,,,,,,,,,,,,,,,8,0,0,,,,
LMXBCHH,1915,New York State League,1915-05-06,0,regular,Denninger,,Syracuse,rf,5,5,1,,1,1,,,,,,,,,,,,,,,,,,,,,,,0,0,0,,,,
LMXBCHH,1915,New York State League,1915-05-06,0,regular,Riley,,Syracuse,cf,6,5,0,,1,,,,,,,1,,,,,,,,,,,,,,,,,3,0,0,,,,
LMXBCHH,1915,New York State League,1915-05-06,0,regular,Burrell,,Syracuse,3b,7,1,0,,0,,,,,,,1,,,,,,,,,,,,,,,,,4,3,0,1,,,
LMXBCHH,1915,New York State League,1915-05-06,0,regular,Moseley,,Syracuse,ss,8,3,0,,1,,,,,,,,,,,,,,,,,,,,,,,,4,1,0,,,,
LMXBCHH,1915,New York State League,1915-05-06,0,regular,Snell,,Syracuse,c,9,3,0,,0,,,,,,,1,,,,,,,,,,,,,,,,,2,1,0,,,,
LMXBCHH,1915,New York State League,1915-05-06,0,regular,TOTALS,,Syracuse,,,33,2,,7,,,,,,,,,,,,10,,,,,,,,,,,,24,11,2,,,,
LMXBCHH,1915,New York State League,1915-05-06,0,regular,Gough,,Troy,rf,1,5,1,,1,,,,,,,,,,,,,,,,,,,,,,,,2,0,0,,,,
LMXBCHH,1915,New York State League,1915-05-06,0,regular,Genest,,Troy,cf,2,3,1,,2,,,1,,,,,,,,,,,,,,,,,,,,,2,1,0,,,,
LMXBCHH,1915,New York State League,1915-05-06,0,regular,Reid,,Troy,3b,3,3,0,,0,,,,,,,,,,,,,,,,,,,,,,,,1,4,0,,,,
LMXBCHH,1915,New York State League,1915-05-06,0,regular,Cook,,Troy,2b,4,1,1,,1,,,,,,,1,1,,,,,,,,,,,,,,,,0,3,0,,,,
LMXBCHH,1915,New York State League,1915-05-06,0,regular,Bruggy,,Troy,1b,5,3,1,,0,,,,,,,,1,,,,,,,,,,,,,,,,11,0,1,,,,
LMXBCHH,1915,New York State League,1915-05-06,0,regular,Hilley,,Troy,lf,6,4,0,,1,,,,,,,,,,,,,,,,,,,,,,,,0,0,0,,,,
LMXBCHH,1915,New York State League,1915-05-06,0,regular,Tamsett,,Troy,ss,7,3,1,,2,1,,,,,,,1,,,,,,,,,,,,,,,,3,1,0,,,,
LMXBCHH,1915,New York State League,1915-05-06,0,regular,Fitzgerald,,Troy,c,8,4,1,,2,,,1,,,,,,,,,,,,,,,,,,,,,8,0,0,,,,
LMXBCHH,1915,New York State League,1915-05-06,0,regular,Parson,,Troy,p,9,3,1,,0,,,,,,,,,,,,,,,,,,,6,7,4,,,0,2,0,,,,
LMXBCHH,1915,New York State League,1915-05-06,0,regular,TOTALS,,Troy,,,29,7,,9,,,,,,,,,,,,5,2,,,,,,,,,,,27,11,1,,,,
PXNVHFB,1915,New York State League,1915-05-07,0,regular,Hunter,,Elmira,rf,1,3,0,,0,,,,,,,,,,,,,,,,,,,,,,,,3,0,0,,,,
PXNVHFB,1915,New York State League,1915-05-07,0,regular,Doyle,,Elmira,p,10,2,0,,1,,,,,,,,,,,,,,8,,,,4,1,4,,1,,0,0,0,,,,
PXNVHFB,1915,New York State League,1915-05-07,0,regular,Conroy,,Elmira,lf,2,4,0,,1,,,,,,,,,,,,,,,,,,,,,,,,4,0,0,,,,
PXNVHFB,1915,New York State League,1915-05-07,0,regular,Ward,,Elmira,1b,3,3,0,,0,,,,,,,,,,,,,,,,,,,,,,,,5,0,0,,,,
PXNVHFB,1915,New York State League,1915-05-07,0,regular,Johnson,,Elmira,ss,4,4,0,,1,,,,,,,,,,,,,,,,,,,,,,,,3,1,0,,,,
PXNVHFB,1915,New York State League,1915-05-07,0,regular,Catiz,,Elmira,3b,5,4,1,,1,1,,,,,,,,,,,,,,,,,,,,,,,0,3,0,,,,
PXNVHFB,1915,New York State League,1915-05-07,0,regular,Loudy,,Elmira,2b,6,3,0,,1,,,,,,,,,1,,,,,,,,,,,,,,,2,0,0,,,,
PXNVHFB,1915,New York State League,1915-05-07,0,regular,Sullivan,,Elmira,cf,7,3,0,,0,,,,,,,,,,,,,,,,,,,,,,,,3,0,0,,,,
PXNVHFB,1915,New York State League,1915-05-07,0,regular,Bemis,,Elmira,c,8,4,0,,1,,,,,,,,,,,,,,,,,,,,,,,,7,3,0,,,,
PXNVHFB,1915,New York State League,1915-05-07,0,regular,Caporal,,Elmira,p,9,0,0,,0,,,,,,,,,,,,,,1,,,,3,,1,2,,1,0,2,0,,,,
PXNVHFB,1915,New York State League,1915-05-07,0,regular,TOTALS,,Elmira,,,30,1,,6,,,,,,,,,,,,7,,,,,,,,,,,,27,9,0,,,,
PXNVHFB,1915,New York State League,1915-05-07,0,regular,Priest,,Wilkes-Barre,2b,1,4,0,,2,,,,,,,,,,,,,,,,,,,,,,,,2,3,0,1,,,
PXNVHFB,1915,New York State League,1915-05-07,0,regular,Ginn,,Wilkes-Barre,rf,2,3,1,,1,,,,,,,,,,,,,,,,,,,,,,,,2,0,0,,,,
PXNVHFB,1915,New York State League,1915-05-07,0,regular,Hoffman,,Wilkes-Barre,cf,3,3,1,,0,,,,,,,1,,,,,,,,,,,,,,,,,8,1,0,,,,
PXNVHFB,1915,New York State League,1915-05-07,0,regular,O'Rourke,,Wilkes-Barre,ss,4,4,1,,2,1,,,,,,,,,,,,,,,,,,,,,,,2,2,0,,,,
PXNVHFB,1915,New York State League,1915-05-07,0,regular,DeGroff,,Wilkes-Barre,lf,5,3,1,,1,,,,,,,1,,,,,,,,,,,,,,,,,2,0,0,,,,
PXNVHFB,1915,New York State League,1915-05-07,0,regular,Noonan,,Wilkes-Barre,1b,6,4,0,,1,1,,,,,,,,,,,,,,,,,,,,,,,7,0,0,1,,,
PXNVHFB,1915,New York State League,1915-05-07,0,regular,Burke,,Wilkes-Barre,3b,7,3,0,,0,,,,,,,,1,,,,,,,,,,,,,,,,0,2,0,1,,,
PXNVHFB,1915,New York State League,1915-05-07,0,regular,Briger,,Wilkes-Barre,c,8,4,0,,0,,,,,,,,,,,,,,,,,,,,,,,,4,0,0,,,1,
PXNVHFB,1915,New York State League,1915-05-07,0,regular,Phillips,,Wilkes-Barre,p,9,3,0,,0,,,,,,,,,,,,,,,,,,,4,4,,,,0,1,0,,,,
PXNVHFB,1915,New York State League,1915-05-07,0,regular,TOTALS,,Wilkes-Barre,,,31,4,,7,,,,,,,,,,,,3,,,,,,,,,,,,27,9,0,,,,
GZMWVWS,1915,New York State League,1915-05-08,0,regular,TOTALS,,Syracuse,,,,2,,,,,,,,,,,,,,,,,,,,,,,,,,,,,,,,
GZMWVWS,1915,New York State League,1915-05-08,0,regular,TOTALS,,Troy,,,,4,,,,,,,,,,,,,,,,,,,,,,,,,,,,,,,,
HKFGFZR,1915,New York State League,1915-05-08,0,regular,TOTALS,,Binghamton,,,,6,,,,,,,,,,,,,,,,,,,,,,,,,,,,,,,,
HKFGFZR,1915,New York State League,1915-05-08,0,regular,TOTALS,,Scranton,,,,2,,,,,,,,,,,,,,,,,,,,,,,,,,,,,,,,
NMWJSZQ,1915,New York State League,1915-05-08,0,regular,Hunter,,Elmira,rf,1,4,0,,2,,,,,,,,,,,,,,,,,,,,,,,,2,0,0,,,,
NMWJSZQ,1915,New York State League,1915-05-08,0,regular,Conroy,,Elmira,cf,2,3,1,,0,,,,,,,,,,,,,,,,,,,,,,,,2,0,0,,,,
NMWJSZQ,1915,New York State League,1915-05-08,0,regular,Ward,,Elmira,1b,3,4,1,,1,,,1,,,,,,,,,,,,,,,,,,,,,9,0,0,1,,,
NMWJSZQ,1915,New York State League,1915-05-08,0,regular,Meusel,,Elmira,lf,4,3,0,,0,,,,,,,,,,,,,,,,,,,,,,,,1,0,0,,,,
NMWJSZQ,1915,New York State League,1915-05-08,0,regular,Johnson,,Elmira,ss,5,2,0,,0,,,,,,,,1,,,,,,,,,,,,,,,,2,5,1,1,,,
NMWJSZQ,1915,New York State League,1915-05-08,0,regular,Catiz,,Elmira,3b,6,3,1,,1,,,,,,,,,,,,,,,,,,,,,,,,2,2,0,,,,
NMWJSZQ,1915,New York State League,1915-05-08,0,regular,Loudy,,Elmira,2b,7,3,1,,0,,,,,,,,,,,,,,,,,,,,,,,,3,1,0,1,,,
NMWJSZQ,1915,New York State League,1915-05-08,0,regular,Ritter,,Elmira,c,8,3,0,,0,,,,,,,,1,,,,,,,,,,,,,,,,5,1,0,,,,
NMWJSZQ,1915,New York State League,1915-05-08,0,regular,Nicholson,,Elmira,p,9,3,0,,1,,,,,,,,,,,,,,,,,,,2,5,1,,,1,3,0,,,,
NMWJSZQ,1915,New York State League,1915-05-08,0,regular,TOTALS,,Elmira,,,28,4,2,5,,,,,,,,,,,,7,1,,,,,,,,,,,27,12,1,,,,
NMWJSZQ,1915,New York State League,1915-05-08,0,regular,Priest,,Wilkes-Barre,2b,1,4,0,,0,,,,,,,,,,,,,,,,,,,,,,,,0,2,0,,,,
NMWJSZQ,1915,New York State League,1915-05-08,0,regular,Brown,,Wilkes-Barre,rf,2,4,1,,2,1,,1,,,,,,,,,,,,,,,,,,,,,1,0,0,,,,
NMWJSZQ,1915,New York State League,1915-05-08,0,regular,Hoffman,,Wilkes-Barre,cf,3,3,0,,0,,,,,,,,,,,,,,,,,,,,,,,,3,0,0,,,,
NMWJSZQ,1915,New York State League,1915-05-08,0,regular,O'Rourke,,Wilkes-Barre,ss,4,2,1,,0,,,,,,,1,,,,,,,,,,,,,,,,,1,2,1,,,,
NMWJSZQ,1915,New York State League,1915-05-08,0,regular,DeGroff,,Wilkes-Barre,lf,5,4,0,,1,1,,,,,,,,,,,,,,,,,,,,,,,2,0,0,,,,
NMWJSZQ,1915,New York State League,1915-05-08,0,regular,Noonan,,Wilkes-Barre,1b,6,4,0,,0,,,,,,,,,,,,,,,,,,,,,,,,13,1,0,,,,
NMWJSZQ,1915,New York State League,1915-05-08,0,regular,Burke,,Wilkes-Barre,3b,7,4,0,,0,,,,,,,,,,,,,,,,,,,,,,,,2,2,0,,,,
NMWJSZQ,1915,New York State League,1915-05-08,0,regular,Briger,,Wilkes-Barre,c,8,2,0,,0,,,,,,,,,,,,,,,,,,,,,,,,1,0,0,,,,
NMWJSZQ,1915,New York State League,1915-05-08,0,regular,Bretski,,Wilkes-Barre,p,9,3,0,,1,,,,,,,,,,,,,,,,,,,5,1,,,,1,8,0,,,,
NMWJSZQ,1915,New York State League,1915-05-08,0,regular,TOTALS,,Wilkes-Barre,,,30,2,1,4,,,,,,,,,,,,4,,,,,,,,,,,,24,15,1,,,,
WMTNXJJ,1915,New York State League,1915-05-08,0,regular,TOTALS,,Albany,,,,4,,,,,,,,,,,,,,,,,,,,,,,,,,,,,,,,
WMTNXJJ,1915,New York State League,1915-05-08,0,regular,TOTALS,,Utica,,,,2,,,,,,,,,,,,,,,,,,,,,,,,,,,,,,,,
MRHZBHP,1915,New York State League,1915-05-09,0,regular,Oakes,,Albany,lf,1,4,1,,0,,,,,,,,,,3,,,,,,,,,,,,,,4,0,0,,,,
MRHZBHP,1915,New York State League,1915-05-09,0,regular,O'Rourke,,Albany,2b,2,4,0,,0,,,,,,,,,,1,,,,,,,,,,,,,,3,3,0,,,,
MRHZBHP,1915,New York State League,1915-05-09,0,regular,Meyer,,Albany,rf,3,3,0,,0,,,,,,,,,,,,,,,,,,,,,,,,0,0,0,,,,
MRHZBHP,1915,New York State League,1915-05-09,0,regular,Durgin,,Albany,1b,4,3,1,,1,,,,,,,,,,1,,,,,,,,,,,,,,12,1,0,1,,,
MRHZBHP,1915,New York State League,1915-05-09,0,regular,Gillespie,,Albany,3b,5,4,0,,0,,,,,,,,,,,,,,,,,,,,,,,,2,2,0,,,,
MRHZBHP,1915,New York State League,1915-05-09,0,regular,Baxter,,Albany,ss,6,4,0,,2,,,,,,,,,,1,,,,,,,,,,,,,,3,2,0,1,,,
MRHZBHP,1915,New York State League,1915-05-09,0,regular,Miller,,Albany,cf,7,3,0,,1,,,,,,,,,,1,,,,,,,,,,,,,,0,0,0,,,,
MRHZBHP,1915,New York State League,1915-05-09,0,regular,Clougher,,Albany,c,8,3,0,,1,,,,,,,,,,1,,,,,,,,,,,,,,3,1,0,,,,
MRHZBHP,1915,New York State League,1915-05-09,0,regular,Weiss,,Albany,p,9,3,0,,0,,,,,,,,,,,,,,,,,,,4,3,,,,0,5,0,,,,
MRHZBHP,1915,New York State League,1915-05-09,0,regular,TOTALS,,Albany,,,31,2,,5,,,,,,,,,,,,8,4,,,,,,,,,,,27,14,0,,,,
MRHZBHP,1915,New York State League,1915-05-09,0,regular,McConnell,,Syracuse,2b,1,3,0,,0,,,,,,,,1,,,,,,,,,,,,,,,,3,0,0,,,,
MRHZBHP,1915,New York State League,1915-05-09,0,regular,O'Neill,,Syracuse,lf,2,4,0,,3,1,,,,,,,,,,,,,,,,,,,,,,,3,0,0,,,,
MRHZBHP,1915,New York State League,1915-05-09,0,regular,Deininger,,Syracuse,1b,3,3,0,,0,,,,,,,,,,1,,,,,,,,,,,,,,5,0,0,,,,
MRHZBHP,1915,New York State League,1915-05-09,0,regular,Riley,,Syracuse,cf,4,4,0,,0,,,,,,,,,,,,,,,,,,,,,,,,1,0,0,,,,
MRHZBHP,1915,New York State League,1915-05-09,0,regular,Burrell,,Syracuse,3b,5,2,0,,0,,,,,,,,,,,,,,,,,,,,,,,,0,1,1,,,,
MRHZBHP,1915,New York State League,1915-05-09,0,regular,Smith,,Syracuse,rf,6,1,0,,0,,,,,,,,1,,,,,,,,,,,,,,,,0,1,1,,,,
MRHZBHP,1915,New York State League,1915-05-09,0,regular,Moseley,,Syracuse,ss,7,3,0,,0,,,,,,,,,,,,,,,,,,,,,,,,5,2,1,,,,
MRHZBHP,1915,New York State League,1915-05-09,0,regular,Snell,,Syracuse,c,8,3,0,,0,,,,,,,,,,,,,,,,,,,,,,,,7,1,2,,,,
MRHZBHP,1915,New York State League,1915-05-09,0,regular,Meehan,,Syracuse,p,9,2,1,,0,,,,,,,,,,,,,,,,,,,3,7,,,,0,2,0,,,,
MRHZBHP,1915,New York State League,1915-05-09,0,regular,TOTALS,,Syracuse,,,25,1,,3,,,,,,,,,,,,3,,,,,,,,,,,,24,7,5,,,,
PBKPDWM,1915,New York State League,1915-05-09,0,regular,Becker,,Binghamton,cf,1,3,0,,0,,,,,,,,,,,,,,,,,,,,,,,,0,0,0,,,,
PBKPDWM,1915,New York State League,1915-05-09,0,regular,Reiger,,Binghamton,p,10,2,0,,0,,,,,,,,,,,,,,7,,,,6,7,1,1,1,,0,1,0,,,,
PBKPDWM,1915,New York State League,1915-05-09,0,regular,Adams,,Binghamton,p,11,1,0,,0,,,,,,,,,,,,,,2,,,,1,1,1,,,,0,1,0,,,,
PBKPDWM,1915,New York State League,1915-05-09,0,regular,Kenney,,Binghamton,ph,12,1,0,,0,,,,,,,,,,,,,,,,,,,,,,,,0,0,0,,,,
PBKPDWM,1915,New York State League,1915-05-09,0,regular,Letter,,Binghamton,cf,2,1,0,,0,,,,,,,,,,,,,,,,,,,,,,,,0,0,0,,,,
PBKPDWM,1915,New York State League,1915-05-09,0,regular,Irving,,Binghamton,lf,3,4,0,,1,,,,,,,,,,,,,,,,,,,,,,,,3,0,1,,,,
PBKPDWM,1915,New York State League,1915-05-09,0,regular,Currey,,Binghamton,2b,4,4,0,,2,,1,,,,,,,,,,,,,,,,,,,,,,2,5,0,,,,
PBKPDWM,1915,New York State League,1915-05-09,0,regular,Kay,,Binghamton,rf,5,3,0,,0,,,,,,,,,,,,,,,,,,,,,,,,0,0,0,,,,
PBKPDWM,1915,New York State League,1915-05-09,0,regular,Pepe,,Binghamton,ss,6,4,0,,1,,,,,,,,,,,,,,,,,,,,,,,,2,5,0,,,,
PBKPDWM,1915,New York State League,1915-05-09,0,regular,Gonzales,,Binghamton,2b,7,4,0,,1,,,,,,,,,,,,,,,,,,,,,,,,1,4,1,,,,
PBKPDWM,1915,New York State League,1915-05-09,0,regular,Calhoun,,Binghamton,1b,8,4,0,,2,,,,,,,,,,,,,,,,,,,,,,,,16,0,1,,,,
PBKPDWM,1915,New York State League,1915-05-09,0,regular,Peterson,,Binghamton,c,9,3,0,,2,,,,,,,,,,,,,,,,,,,,,,,,3,1,0,,,,
PBKPDWM,1915,New York State League,1915-05-09,0,regular,TOTALS,,Binghamton,,,34,0,,9,,,,,,,,,,,,8,,,,,,,,,,,,27,17,3,,,,
PBKPDWM,1915,New York State League,1915-05-09,0,regular,Prieste,,Wilkes-Barre,2b,1,3,1,,0,,,,,,,,,,1,,,,,,,,,,,,,,4,1,0,,,,
PBKPDWM,1915,New York State League,1915-05-09,0,regular,Brown,,Wilkes-Barre,rf,2,3,1,,0,,,,,,,,1,,1,,,,,,,,,,,,,,1,0,0,,,,
PBKPDWM,1915,New York State League,1915-05-09,0,regular,Hoffman,,Wilkes-Barre,cf,3,3,2,,3,1,,,,,,1,,,,,,,,,,,,,,,,,1,0,0,,,,
PBKPDWM,1915,New York State League,1915-05-09,0,regular,O'Rourke,,Wilkes-Barre,ss,4,4,0,,1,,,,,,,,1,,,,,,,,,,,,,,,,1,1,0,,,,
PBKPDWM,1915,New York State League,1915-05-09,0,regular,DeGroff,,Wilkes-Barre,lf,5,5,1,,1,,,,,,,,,,,,,,,,,,,,,,,,2,1,0,,,,
PBKPDWM,1915,New York State League,1915-05-09,0,regular,Giddo,,Wilkes-Barre,1b,6,3,0,,1,,,,,,,,,,,,,,,,,,,,,,,,6,0,0,,,,
PBKPDWM,1915,New York State League,1915-05-09,0,regular,Burke,,Wilkes-Barre,3b,7,3,0,,1,,,,,,,,1,,,,,,,,,,,,,,,,0,0,0,,,,
PBKPDWM,1915,New York State League,1915-05-09,0,regular,Briger,,Wilkes-Barre,c,8,2,0,,0,,,,,,,,1,,,,,,,,,,,,,,,,12,0,0,,,,
PBKPDWM,1915,New York State League,1915-05-09,0,regular,North,,Wilkes-Barre,p,9,4,0,,0,,,,,,,,,,,,,,,,,,,1,12,,1,,0,1,0,,,,
PBKPDWM,1915,New York State League,1915-05-09,0,regular,TOTALS,,Wilkes-Barre,,,30,5,,7,,,,,,,,,,,,10,1,,,,,,,,,,,27,4,0,,,,
SSKHTZQ,1915,New York State League,1915-05-09,0,regular,Hunter,,Elmira,rf,1,3,2,,3,2,,1,,,,1,,,1,,,,,,,,,,,,,,0,0,0,,,,
SSKHTZQ,1915,New York State League,1915-05-09,0,regular,Rogers,,Elmira,c,10,1,0,,0,,,,,,,,,,,,,,,,,,,,,,,,0,0,0,,,,
SSKHTZQ,1915,New York State League,1915-05-09,0,regular,Caporal,,Elmira,p,11,4,1,,1,,,,,,,,,,,,,,,,,,,1,2,,,,0,3,0,,,,
SSKHTZQ,1915,New York State League,1915-05-09,0,regular,Conroy,,Elmira,3b,2,5,1,,1,,,,,,,,,,,,,,,,,,,,,,,,1,2,0,,,,
SSKHTZQ,1915,New York State League,1915-05-09,0,regular,Clouser,,Elmira,3b,3,0,0,,0,,,,,,,,,,,,,,,,,,,,,,,,0,1,0,,,,
SSKHTZQ,1915,New York State League,1915-05-09,0,regular,Ward,,Elmira,1b,4,4,1,,1,,,,,,,,1,,,,,,,,,,,,,,,,15,1,1,,,,
SSKHTZQ,1915,New York State League,1915-05-09,0,regular,Meusel,,Elmira,lf,5,5,2,,3,,,,,,,,,,1,,,,,,,,,,,,,,2,0,0,,,,
SSKHTZQ,1915,New York State League,1915-05-09,0,regular,Johnson,,Elmira,ss,6,4,2,,2,,,,,,,,,,,,,,,,,,,,,,,,1,5,0,,,,
SSKHTZQ,1915,New York State League,1915-05-09,0,regular,Sullivan,,Elmira,cf,7,5,1,,1,,,1,,,,,,,,,,,,,,,,,,,,,1,0,0,,,,
SSKHTZQ,1915,New York State League,1915-05-09,0,regular,Loudy,,Elmira,2b,8,5,2,,4,2,,,,,,,,,,,,,,,,,,,,,,,3,4,0,,,,
SSKHTZQ,1915,New York State League,1915-05-09,0,regular,Ritter,,Elmira,c,9,4,2,,1,,1,,,,,,,,,,,,,,,,,,,,,,4,1,0,,,,
SSKHTZQ,1915,New York State League,1915-05-09,0,regular,TOTALS,,Elmira,,,40,14,11,17,,,,,,,,,,,,5,2,,,,,,,,,,,27,17,1,,,,
SSKHTZQ,1915,New York State League,1915-05-09,0,regular,Murray,,Scranton,3b,1,3,1,,0,,,,,,,,,,,,,,,,,,,,,,,,1,4,0,,,,
SSKHTZQ,1915,New York State League,1915-05-09,0,regular,Keating,,Scranton,c,10,1,0,,0,,,,,,,,,,,,,,,,,,,,,,,,0,1,0,,,,
SSKHTZQ,1915,New York State League,1915-05-09,0,regular,Bates,,Scranton,p,11,0,0,,0,,,,,,,,,,,,,,1,,,,5,2,,1,,,0,0,1,,,,
SSKHTZQ,1915,New York State League,1915-05-09,0,regular,Scull,,Scranton,p,12,3,0,,0,,,,,,,,,,,,,,7,,,,10,1,2,,,,0,3,0,,,,
SSKHTZQ,1915,New York State League,1915-05-09,0,regular,Hartman,,Scranton,ss,2,3,0,,0,,,,,,,,1,,,,,,,,,,,,,,,,3,1,1,,,,
SSKHTZQ,1915,New York State League,1915-05-09,0,regular,Corcoran,,Scranton,lf,3,4,1,,2,1,,,,,,,,,,,,,,,,,,,,,,,3,0,0,,,,
SSKHTZQ,1915,New York State League,1915-05-09,0,regular,Mullen,,Scranton,2b,4,3,0,,0,,,,,,,,,,,,,,,,,,,,,,,,2,1,1,,,,
SSKHTZQ,1915,New York State League,1915-05-09,0,regular,Breckenridge,,Scranton,2b,5,1,0,,0,,,,,,,,,,,,,,,,,,,,,,,,1,0,0,,,,
SSKHTZQ,1915,New York State League,1915-05-09,0,regular,Strait,,Scranton,rf,6,4,1,,1,,,1,,,,,,,,,,,,,,,,,,,,,1,0,0,,,,
SSKHTZQ,1915,New York State League,1915-05-09,0,regular,Maisel,,Scranton,cf,7,4,0,,1,,,,,,,,,,,,,,,,,,,,,,,,2,0,0,,,,
SSKHTZQ,1915,New York State League,1915-05-09,0,regular,Cruickshank,,Scranton,1b,8,3,0,,1,,,,,,,,,,1,,,,,,,,,,,,,,7,2,0,,,,
SSKHTZQ,1915,New York State League,1915-05-09,0,regular,Miller,,Scranton,c,9,3,0,,0,,,,,,,,,,,,,,,,,,,,,,,,4,1,0,,,,
SSKHTZQ,1915,New York State League,1915-05-09,0,regular,TOTALS,,Scranton,,,32,3,1,5,,,,,,,,,,,,4,1,,,,,,,,,,,24,13,3,,,,
VGWTQVG,1915,New York State League,1915-05-09,0,regular,Gough,,Troy,rf,1,5,1,,2,,,,,,,,,,,,,,,,,,,,,,,,0,0,0,,,,
VGWTQVG,1915,New York State League,1915-05-09,0,regular,Tracey,,Troy,ph,10,0,0,,0,,,,,,,,,,,,,,,,,,,,,,,,0,0,0,,,,
VGWTQVG,1915,New York State League,1915-05-09,0,regular,Hilly,,Troy,pr,11,0,1,,0,,,,,,,,,,,,,,,,,,,,,,,,0,0,0,,,,
VGWTQVG,1915,New York State League,1915-05-09,0,regular,Owens,,Troy,p,12,0,0,,0,,,,,,,,,,,,,,1,,,,,1,1,,,,0,1,0,,,,
VGWTQVG,1915,New York State League,1915-05-09,0,regular,Fitzgerald,,Troy,ph,13,1,1,,1,,,,,,,,,,,,,,,,,,,,,,,,0,0,0,,,,
VGWTQVG,1915,New York State League,1915-05-09,0,regular,Winters,,Troy,ph,14,0,0,,0,,,,,,,,,,,,,,,,,,,,,,,,0,0,0,,,,
VGWTQVG,1915,New York State League,1915-05-09,0,regular,Genest,,Troy,cf,2,4,1,,2,2,,,,,,,,,,,,,,,,,,,,,,,1,0,0,,,,
VGWTQVG,1915,New York State League,1915-05-09,0,regular,Reid,,Troy,3b,3,4,0,,2,2,,,,,,,,,,,,,,,,,,,,,,,2,3,0,,,,
VGWTQVG,1915,New York State League,1915-05-09,0,regular,Crowthers,,Troy,2b,4,4,0,,2,1,,,,,,,,,,,,,,,,,,,,,,,1,2,0,,,,
VGWTQVG,1915,New York State League,1915-05-09,0,regular,Bruggy,,Troy,1b,5,5,0,,0,,,,,,,,,,,,,,,,,,,,,,,,12,1,0,,,,
VGWTQVG,1915,New York State League,1915-05-09,0,regular,Feara,,Troy,lf,6,5,1,,1,,,,,,,,,,,,,,,,,,,,,,,,1,0,0,,,,
VGWTQVG,1915,New York State League,1915-05-09,0,regular,Tamsett,,Troy,ss,7,4,1,,0,,,,,,,,,,,,,,,,,,,,,,,,2,4,0,,,,
VGWTQVG,1915,New York State League,1915-05-09,0,regular,McGrath,,Troy,c,8,4,1,,1,,,,,,,,,,,,,,,,,,,,,,,,11,3,2,,,1,
VGWTQVG,1915,New York State League,1915-05-09,0,regular,Matteson,,Troy,p,9,3,0,,0,,,,,,,,,,,,,,9,,,,8,2,10,,1,,0,2,0,,,,
VGWTQVG,1915,New York State League,1915-05-09,0,regular,TOTALS,,Troy,,,39,7,,11,,,,,,,,,,,,5,1,,,,,,,,,,,30,16,2,,,,
VGWTQVG,1915,New York State League,1915-05-09,0,regular,Kroy,,Utica,rf,1,4,1,,1,,,,,,,,,,,,,,,,,,,,,,,,1,0,0,,,,
VGWTQVG,1915,New York State League,1915-05-09,0,regular,Evans,,Utica,3b,2,4,3,,0,,,,,,,,,,2,,,,,,,,,,,,,,3,2,0,,,,
VGWTQVG,1915,New York State League,1915-05-09,0,regular,Reichle,,Utica,cf,3,4,0,,2,2,,,,,,,1,,,,,,,,,,,,,,,,1,0,1,,,,
VGWTQVG,1915,New York State League,1915-05-09,0,regular,Wagner,,Utica,lf,4,4,0,,1,,,,,,,,,,,,,,,,,,,,,,,,2,1,0,1,,,
VGWTQVG,1915,New York State League,1915-05-09,0,regular,Cranston,,Utica,2b,5,5,0,,1,,,,,,,,,,,,,,,,,,,,,,,,4,1,0,,,,
VGWTQVG,1915,New York State League,1915-05-09,0,regular,Walsh,,Utica,1b,6,4,1,,0,,,,,,,,,,,,,,,,,,,,,,,,9,0,0,,,,
VGWTQVG,1915,New York State League,1915-05-09,0,regular,O'Neill,,Utica,ss,7,4,1,,2,2,,,,,,,,,,,,,,,,,,,,,,,2,2,0,1,,,
VGWTQVG,1915,New York State League,1915-05-09,0,regular,Ahearn,,Utica,c,8,3,0,,0,,,,,,,,,,,,,,,,,,,,,,,,7,1,0,,,,
VGWTQVG,1915,New York State League,1915-05-09,0,regular,Oberlin,,Utica,p,9,4,0,,1,1,,,,,,,,,,,,,,,,,,7,6,,,,0,1,1,,,,
VGWTQVG,1915,New York State League,1915-05-09,0,regular,TOTALS,,Utica,,,36,6,,8,,,,,,,,,,,,10,1,,,,,,,,,,,29,8,2,,,,
KBVTMYH,1915,New York State League,1915-05-10,0,regular,Becker,,Binghamton,cf,1,4,1,,1,,,,,,,,,,,,,,,,,,,,,,,,3,0,0,,,,
KBVTMYH,1915,New York State League,1915-05-10,0,regular,Irving,,Binghamton,lf,2,3,0,,0,,,,,,,,1,,,,,,,,,,,,,,,,4,0,0,,,,
KBVTMYH,1915,New York State League,1915-05-10,0,regular,Curry,,Binghamton,2b,3,4,1,,1,,,,,,,,,,1,,,,,,,,,,,,,,0,1,1,,,,
KBVTMYH,1915,New York State League,1915-05-10,0,regular,Kay,,Binghamton,rf,4,3,0,,2,,,,,,,,,,1,,,,,,,,,,,,,,1,0,0,,,,
KBVTMYH,1915,New York State League,1915-05-10,0,regular,Pepe,,Binghamton,ss,5,4,2,,1,,,,,,,,,,1,,,,,,,,,,,,,,1,2,0,,,,
KBVTMYH,1915,New York State League,1915-05-10,0,regular,Gonzales,,Binghamton,2b,6,2,3,,1,,,,,,,,1,,1,,,,,,,,,,,,,,0,2,1,,,,
KBVTMYH,1915,New York State League,1915-05-10,0,regular,Calhoun,,Binghamton,1b,7,4,1,,1,,,,,,,,,,1,,,,,,,,,,,,,,9,2,0,,,,
KBVTMYH,1915,New York State League,1915-05-10,0,regular,Peterson,,Binghamton,c,8,3,1,,0,,,,,,,,,,,,,,,,,,,,,,,,8,3,0,,,,
KBVTMYH,1915,New York State League,1915-05-10,0,regular,Powers,,Binghamton,p,9,4,0,,0,,,,,,,,,,,,,,,,,,,4,4,3,1,,1,4,1,,,,
KBVTMYH,1915,New York State League,1915-05-10,0,regular,TOTALS,,Binghamton,,,31,9,3,7,,,,,,,,,,,,3,2,,,,,,,,,,,27,11,3,,,,
KBVTMYH,1915,New York State League,1915-05-10,0,regular,Prieste,,Wilkes-Barre,2b,1,2,0,,0,,,,,,,,,,,,,,,,,,,,,,,,2,4,0,,,,
KBVTMYH,1915,New York State League,1915-05-10,0,regular,Brown,,Wilkes-Barre,rf,2,2,1,,0,,,,,,,,1,,,,,,,,,,,,,,,,2,0,0,,,,
KBVTMYH,1915,New York State League,1915-05-10,0,regular,Hoffman,,Wilkes-Barre,cf,3,2,1,,0,,,,,,,2,,,,,,,,,,,,,,,,,4,0,0,,,,
KBVTMYH,1915,New York State League,1915-05-10,0,regular,O'Rourke,,Wilkes-Barre,ss,4,3,1,,0,,,,,,,,,,,,,,,,,,,,,,,,0,2,1,,,,
KBVTMYH,1915,New York State League,1915-05-10,0,regular,DeGroff,,Wilkes-Barre,lf,5,4,0,,0,,,,,,,,,,,,,,,,,,,,,,,,3,0,0,,,,
KBVTMYH,1915,New York State League,1915-05-10,0,regular,Giddo,,Wilkes-Barre,1b,6,4,0,,0,,,,,,,,,,,,,,,,,,,,,,,,8,1,0,,,,
KBVTMYH,1915,New York State League,1915-05-10,0,regular,Burke,,Wilkes-Barre,3b,7,4,0,,0,,,,,,,,,,,,,,,,,,,,,,,,1,0,3,,,,
KBVTMYH,1915,New York State League,1915-05-10,0,regular,Briger,,Wilkes-Barre,c,8,3,0,,2,,,,,,,1,,,,,,,,,,,,,,,,,4,1,1,,,,
KBVTMYH,1915,New York State League,1915-05-10,0,regular,Meyers,,Wilkes-Barre,p,9,4,0,,0,,,,,,,,,,,,,,,,,,,3,2,,1,,0,3,1,,,,
KBVTMYH,1915,New York State League,1915-05-10,0,regular,TOTALS,,Wilkes-Barre,,,28,3,,2,,,,,,,,,,,,6,2,,,,,,,,,,,24,11,6,,,,
NMDWLRZ,1915,New York State League,1915-05-10,0,regular,Oakes,,Albany,lf,1,1,3,,1,1,,,,,,,1,,,,,,,,,,,,,,,,1,0,0,,,,
NMDWLRZ,1915,New York State League,1915-05-10,0,regular,O'Rourke,,Albany,2b,2,4,0,,1,,,,,,,,,,,,,,,,,,,,,,,,1,3,0,1,,,
NMDWLRZ,1915,New York State League,1915-05-10,0,regular,Meyer,,Albany,rf,3,4,0,,1,,,,,,,,,,,,,,,,,,,,,,,,1,0,0,,,,
NMDWLRZ,1915,New York State League,1915-05-10,0,regular,Durgin,,Albany,1b,4,4,0,,3,1,,,,,,,,,,,,,,,,,,,,,,,10,0,0,1,,,
NMDWLRZ,1915,New York State League,1915-05-10,0,regular,Gillespie,,Albany,3b,5,3,0,,3,,,,,,,,1,,,,,,,,,,,,,,,,1,0,0,,,,
NMDWLRZ,1915,New York State League,1915-05-10,0,regular,Baxter,,Albany,ss,6,4,0,,0,,,,,,,,,,,,,,,,,,,,,,,,0,0,0,,,,
NMDWLRZ,1915,New York State League,1915-05-10,0,regular,Miller,,Albany,cf,7,4,1,,4,,,,,,,,,,,,,,,,,,,,,,,,3,0,0,,,,
NMDWLRZ,1915,New York State League,1915-05-10,0,regular,O'Connor,,Albany,c,8,3,0,,0,,,,,,,,,,,,,,,,,,,,,,,,7,1,0,,,,
NMDWLRZ,1915,New York State League,1915-05-10,0,regular,Jacobs,,Albany,p,9,2,0,,1,,,,,,,,,,,,,,,,,,,5,7,,,1,0,2,0,1,,,
NMDWLRZ,1915,New York State League,1915-05-10,0,regular,TOTALS,,Albany,,,30,3,,9,,,,,,,,,,,,7,,,,,,,,,,,,27,10,0,,,,
NMDWLRZ,1915,New York State League,1915-05-10,0,regular,McConnell,,Syracuse,2b,1,5,1,,3,,,,,,,,,,,,,,,,,,,,,,,,2,3,0,1,,,
NMDWLRZ,1915,New York State League,1915-05-10,0,regular,Snell,,Syracuse,ph,10,1,0,,1,,,,,,,,,,,,,,,,,,,,,,,,0,0,0,,,,
NMDWLRZ,1915,New York State League,1915-05-10,0,regular,O'Neill,,Syracuse,lf,2,3,0,,1,1,,,,,,,,,,,,,,,,,,,,,,,3,0,0,,,,
NMDWLRZ,1915,New York State League,1915-05-10,0,regular,Deininger,,Syracuse,1b,3,3,0,,0,,,,,,,,,,,,,,,,,,,,,,,,9,0,0,1,,,
NMDWLRZ,1915,New York State League,1915-05-10,0,regular,Riley,,Syracuse,cf,4,4,0,,1,,,,,,,,,,1,,,,,,,,,,,,,,1,0,0,,,,
NMDWLRZ,1915,New York State League,1915-05-10,0,regular,Burrell,,Syracuse,3b,5,3,0,,1,,,,,,,,,,,,,,,,,,,,,,,,1,0,0,,,,
NMDWLRZ,1915,New York State League,1915-05-10,0,regular,Smith,,Syracuse,rf,6,4,0,,0,,,,,,,,,,,,,,,,,,,,,,,,2,0,0,,,,
NMDWLRZ,1915,New York State League,1915-05-10,0,regular,Moseley,,Syracuse,ss,7,3,0,,0,,,,,,,,,,,,,,,,,,,,,,,,2,0,0,,,,
NMDWLRZ,1915,New York State League,1915-05-10,0,regular,Jaroski,,Syracuse,c,8,3,0,,1,,,,,,,,,,,,,,,,,,,,,,,,3,1,0,,,,
NMDWLRZ,1915,New York State League,1915-05-10,0,regular,Bell,,Syracuse,p,9,3,0,,0,,,,,,,,,,,,,,,,,,,2,2,,,,0,3,0,,,,
NMDWLRZ,1915,New York State League,1915-05-10,0,regular,TOTALS,,Syracuse,,,32,1,,7,,,,,,,,,,,,9,,,,,,,,,,,,24,7,0,,,,
WGYBBNB,1915,New York State League,1915-05-10,0,regular,Gough,,Troy,rf,1,4,0,,1,,,,,,,,,,,,,,,,,,,,,,,,1,0,0,,,,
WGYBBNB,1915,New York State League,1915-05-10,0,regular,Winters,,Troy,p,10,4,0,,1,,,,,,,,,,,,,,,,,,,3,3,,1,,0,2,2,,,,
WGYBBNB,1915,New York State League,1915-05-10,0,regular,Genest,,Troy,cf,2,4,0,,2,,,,,,,,,,,,,,,,,,,,,,,,3,0,0,,,,
WGYBBNB,1915,New York State League,1915-05-10,0,regular,Reed,,Troy,3b,3,4,0,,0,,,,,,,,,,,,,,,,,,,,,,,,1,4,0,,,,
WGYBBNB,1915,New York State League,1915-05-10,0,regular,Cook,,Troy,2b,4,2,0,,0,,,,,,,,,,,,,,,,,,,,,,,,2,0,0,,,,
WGYBBNB,1915,New York State League,1915-05-10,0,regular,Crowthers,,Troy,2b,5,2,0,,0,,,,,,,,,,,,,,,,,,,,,,,,0,1,0,,,,
WGYBBNB,1915,New York State League,1915-05-10,0,regular,Tracey,,Troy,1b,6,4,0,,1,,,,,,,,,,,,,,,,,,,,,,,,11,0,0,,,,
WGYBBNB,1915,New York State League,1915-05-10,0,regular,Meara,,Troy,lf,7,4,1,,3,1,1,,,,,,,,1,,,,,,,,,,,,,,4,0,1,,,,
WGYBBNB,1915,New York State League,1915-05-10,0,regular,Tamsett,,Troy,ss,8,4,0,,0,,,,,,,,,,,,,,,,,,,,,,,,0,4,1,,,,
WGYBBNB,1915,New York State League,1915-05-10,0,regular,Bruggy,,Troy,c,9,4,0,,2,,,,,,,,,,,,,,,,,,,,,,,,5,3,1,,,,
WGYBBNB,1915,New York State League,1915-05-10,0,regular,TOTALS,,Troy,,,36,1,,10,,,,,,,,,,,,7,1,,,,,,,,,,,27,14,5,,,,
WGYBBNB,1915,New York State League,1915-05-10,0,regular,Kroy,,Utica,rf,1,6,1,,1,,,,,,,,,,,,,,,,,,,,,,,,1,1,0,,,,
WGYBBNB,1915,New York State League,1915-05-10,0,regular,Evans,,Utica,3b,2,4,2,,2,,,,,,,,,,3,,,,,,,,,,,,,,1,3,0,,,,
WGYBBNB,1915,New York State League,1915-05-10,0,regular,Reichle,,Utica,cf,3,5,2,,1,1,,,,,,,,,,,,,,,,,,,,,,,4,0,0,,,,
WGYBBNB,1915,New York State League,1915-05-10,0,regular,Wagner,,Utica,lf,4,3,3,,2,,,,,,,,,,,,,,,,,,,,,,,,0,0,0,,,,
WGYBBNB,1915,New York State League,1915-05-10,0,regular,Cranston,,Utica,2b,5,5,2,,3,1,,,,,,,,,1,,,,,,,,,,,,,,3,4,0,1,,,
WGYBBNB,1915,New York State League,1915-05-10,0,regular,Walsh,,Utica,1b,6,4,0,,0,,,,,,,,1,,,,,,,,,,,,,,,,13,1,0,1,,,
WGYBBNB,1915,New York State League,1915-05-10,0,regular,O'Neill,,Utica,ss,7,5,1,,2,1,,,,,,,,,,,,,,,,,,,,,,,1,3,1,,,,
WGYBBNB,1915,New York State League,1915-05-10,0,regular,Ahearn,,Utica,c,8,4,0,,0,,,,,,,,1,,,,,,,,,,,,,,,,3,0,0,,,,
WGYBBNB,1915,New York State League,1915-05-10,0,regular,Frock,,Utica,p,9,5,0,,2,,,,,,,,,,,,,,,,,,,,1,,,,1,4,0,,,,
WGYBBNB,1915,New York State League,1915-05-10,0,regular,TOTALS,,Utica,,,41,11,,13,,,,,,,,,,,,7,3,,,,,,,,,,,27,16,1,,,,
XTJBSGK,1915,New York State League,1915-05-10,0,regular,Hunter,,Elmira,rf,1,3,2,,2,,,,,,,,,,,,,,,,,,,,,,,,0,0,0,,,,
XTJBSGK,1915,New York State League,1915-05-10,0,regular,Nagle,,Elmira,p,10,3,0,,0,,,,,,,,,,,,,,5,,,,9,1,2,2,,,0,1,0,,,,
XTJBSGK,1915,New York State League,1915-05-10,0,regular,Rogers,,Elmira,ph,11,1,0,,0,,,,,,,,,,,,,,,,,,,,,,,,0,0,0,,,,
XTJBSGK,1915,New York State League,1915-05-10,0,regular,Conroy,,Elmira,3b,2,6,2,,3,2,,,,,,,,,,,,,,,,,,,,,,,0,1,1,,,,
XTJBSGK,1915,New York State League,1915-05-10,0,regular,Ward,,Elmira,1b,3,4,0,,1,,,,,,,,,,,,,,,,,,,,,,,,11,1,0,,,,
XTJBSGK,1915,New York State League,1915-05-10,0,regular,Meusel,,Elmira,lf,4,5,1,,0,,,,,,,,,,,,,,,,,,,,,,,,7,1,0,1,,,
XTJBSGK,1915,New York State League,1915-05-10,0,regular,Johnson,,Elmira,ss,5,4,2,,2,,,1,,,,,,,,,,,,,,,,,,,,,1,2,0,,,,
XTJBSGK,1915,New York State League,1915-05-10,0,regular,Sullivan,,Elmira,cf,6,5,1,,2,,,,,,,,,,,,,,,,,,,,,,,,1,1,1,,,,
XTJBSGK,1915,New York State League,1915-05-10,0,regular,Loudy,,Elmira,2b,7,5,1,,3,1,,,,,,,,,,,,,,,,,,,,,,,2,3,0,1,,,
XTJBSGK,1915,New York State League,1915-05-10,0,regular,Bemis,,Elmira,c,8,3,1,,2,1,,,,,,,,,,,,,,,,,,,,,,,4,2,0,,,1,
XTJBSGK,1915,New York State League,1915-05-10,0,regular,Dessau,,Elmira,p,9,1,0,,0,,,,,,,,,,,,,,4,,,,6,4,2,,1,,1,3,1,,,,
XTJBSGK,1915,New York State League,1915-05-10,0,regular,TOTALS,,Elmira,,,40,10,,15,,,,,,,,,,,,12,,,,,,,,,,,,27,15,3,,,,
XTJBSGK,1915,New York State League,1915-05-10,0,regular,Murray,,Scranton,3b,1,0,0,,0,,,,,,,,,,,,,,,,,,,,,,,,0,1,0,,,,
XTJBSGK,1915,New York State League,1915-05-10,0,regular,Strait,,Scranton,rf,10,4,2,,1,,,,,,,1,,,,,,,,,,,,,,,,,3,0,0,,,,
XTJBSGK,1915,New York State League,1915-05-10,0,regular,Miller,,Scranton,c,11,5,2,,3,,,,,,,,,,,,,,,,,,,,,,,,7,0,0,,,,
XTJBSGK,1915,New York State League,1915-05-10,0,regular,Hill,,Scranton,p,12,3,1,,2,1,,,,,,,,,,,,,5,,,,7,8,4,,,,0,1,0,,,,
XTJBSGK,1915,New York State League,1915-05-10,0,regular,Bordon,,Scranton,p,13,2,0,,0,,,,,,,,,,,,,,4,,,,8,1,2,,,,0,3,0,,,,
XTJBSGK,1915,New York State League,1915-05-10,0,regular,Breckenridge,,Scranton,3b,2,0,0,,0,,,,,,,,,,,,,,,,,,,,,,,,0,0,0,,,,
XTJBSGK,1915,New York State League,1915-05-10,0,regular,Cruickshank,,Scranton,1b,3,4,2,,1,,,,,,,,,,,,,,,,,,,,,,,,0,0,0,,,,
XTJBSGK,1915,New York State League,1915-05-10,0,regular,Maisel,,Scranton,cf,4,6,1,,1,,,1,,,,,,,,,,,,,,,,,,,,,0,0,0,,,,
XTJBSGK,1915,New York State League,1915-05-10,0,regular,Corcoran,,Scranton,lf-3b,5,6,1,,3,,,1,,,,,,,,,,,,,,,,,,,,,1,4,0,1,,,
XTJBSGK,1915,New York State League,1915-05-10,0,regular,Mullen,,Scranton,2b,6,4,1,,1,,,,,,,,,,,,,,,,,,,,,,,,4,1,0,,,,
XTJBSGK,1915,New York State League,1915-05-10,0,regular,Coughlin,,Scranton,pr,7,0,0,,0,,,,,,,,,,,,,,,,,,,,,,,,0,0,0,,,,
XTJBSGK,1915,New York State League,1915-05-10,0,regular,Slattery,,Scranton,1b,8,4,2,,2,,,1,,,,,,,1,,,,,,,,,,,,,,11,0,0,1,,,
XTJBSGK,1915,New York State League,1915-05-10,0,regular,Hartman,,Scranton,ss,9,4,1,,1,,,,,,,1,,,,,,,,,,,,,,,,,1,2,0,,,,
XTJBSGK,1915,New York State League,1915-05-10,0,regular,TOTALS,,Scranton,,,42,13,,15,,,,,,,,,,,,8,3,,,,,,,,,,,27,12,0,,,,
DDYZFLJ,1915,New York State League,1915-05-11,0,regular,Oakes,,Albany,lf,1,4,1,,2,,,,,,,,,,1,,,,,,,,,,,,,,1,0,0,,,,
DDYZFLJ,1915,New York State League,1915-05-11,0,regular,O'Rourke,,Albany,2b,2,3,1,,2,1,,,,,,,,,,,,,,,,,,,,,,,2,4,0,1,,,
DDYZFLJ,1915,New York State League,1915-05-11,0,regular,Meyer,,Albany,rf,3,4,0,,1,,,,,,,,,,1,,,,,,,,,,,,,,2,0,0,,,,
DDYZFLJ,1915,New York State League,1915-05-11,0,regular,Durgin,,Albany,1b,4,4,0,,0,,,,,,,,,,,,,,,,,,,,,,,,13,0,1,1,,,
DDYZFLJ,1915,New York State League,1915-05-11,0,regular,Gillespie,,Albany,3b,5,3,0,,0,,,,,,,,,,1,,,,,,,,,,,,,,0,2,0,,,,
DDYZFLJ,1915,New York State League,1915-05-11,0,regular,Baxter,,Albany,ss,6,4,0,,1,,,,,,,,,,,,,,,,,,,,,,,,1,4,0,,,,
DDYZFLJ,1915,New York State League,1915-05-11,0,regular,Miller,,Albany,cf,7,4,0,,0,,,,,,,,,,,,,,,,,,,,,,,,2,0,0,,,,
DDYZFLJ,1915,New York State League,1915-05-11,0,regular,Clougher,,Albany,c,8,2,0,,0,,,,,,,,,,,,,,,,,,,,,,,,6,1,0,,,,
DDYZFLJ,1915,New York State League,1915-05-11,0,regular,Gaiser,,Albany,p,9,3,0,,1,,,,,,,,,,,,,,,,,,,3,6,,,,0,3,0,1,,,
DDYZFLJ,1915,New York State League,1915-05-11,0,regular,TOTALS,,Albany,,,31,2,,7,,,,,,,,,,,,9,1,,,,,,,,,,,27,14,1,,,,
DDYZFLJ,1915,New York State League,1915-05-11,0,regular,McConnell,,Syracuse,2b,1,4,0,,0,,,,,,,,,,,,,,,,,,,,,,,,2,5,0,,,,
DDYZFLJ,1915,New York State League,1915-05-11,0,regular,O'Neill,,Syracuse,lf,2,4,0,,1,,,,,,,,,,,,,,,,,,,,,,,,3,0,0,,,,
DDYZFLJ,1915,New York State League,1915-05-11,0,regular,Deininger,,Syracuse,1b,3,4,0,,0,,,,,,,,,,,,,,,,,,,,,,,,14,0,0,,,,
DDYZFLJ,1915,New York State League,1915-05-11,0,regular,Riley,,Syracuse,cf,4,4,0,,0,,,,,,,,,,,,,,,,,,,,,,,,1,0,0,,,,
DDYZFLJ,1915,New York State League,1915-05-11,0,regular,Burrell,,Syracuse,3b,5,4,0,,1,,,,,,,,,,,,,,,,,,,,,,,,1,2,0,,,,
DDYZFLJ,1915,New York State League,1915-05-11,0,regular,Smith,,Syracuse,rf,6,2,0,,1,,,,,,,,,,,,,,,,,,,,,,,,1,0,0,,,,
DDYZFLJ,1915,New York State League,1915-05-11,0,regular,Moseley,,Syracuse,ss,7,3,0,,0,,,,,,,,,,,,,,,,,,,,,,,,0,2,1,,,,
DDYZFLJ,1915,New York State League,1915-05-11,0,regular,Jarsoick,,Syracuse,c,8,2,0,,0,,,,,,,,,,,,,,,,,,,,,,,,2,1,0,,,,
DDYZFLJ,1915,New York State League,1915-05-11,0,regular,Hammersley,,Syracuse,p,9,2,0,,0,,,,,,,,1,,,,,,,,,,,4,2,,,,0,3,0,,,,
DDYZFLJ,1915,New York State League,1915-05-11,0,regular,TOTALS,,Syracuse,,,29,0,,3,,,,,,,,,,,,6,1,,,,,,,,,,,24,13,1,,,,
MDJJGQR,1915,New York State League,1915-05-11,0,regular,Hunter,,Elmira,rf,1,4,1,,2,,,,,,,,,,1,,,,,,,,,,,,,,2,0,0,,,,
MDJJGQR,1915,New York State League,1915-05-11,0,regular,Conroy,,Elmira,3b,2,3,0,,0,,,,,,,,1,,,,,,,,,,,,,,,,2,2,1,,,,
MDJJGQR,1915,New York State League,1915-05-11,0,regular,Ward,,Elmira,1b,3,4,0,,1,,,,,,,,,,,,,,,,,,,,,,,,9,0,0,1,,,
MDJJGQR,1915,New York State League,1915-05-11,0,regular,Meusel,,Elmira,lf,4,4,0,,1,,,,,,,,,,,,,,,,,,,,,,,,0,0,0,,,,
MDJJGQR,1915,New York State League,1915-05-11,0,regular,Johnson,,Elmira,ss,5,3,1,,1,1,,,,,,,,,,,,,,,,,,,,,,,3,6,1,1,,,
MDJJGQR,1915,New York State League,1915-05-11,0,regular,Sullivan,,Elmira,cf,6,2,0,,0,,,,,,,,,,,,,,,,,,,,,,,,1,0,0,,,,
MDJJGQR,1915,New York State League,1915-05-11,0,regular,Loudy,,Elmira,2b,7,3,0,,1,,,,,,,,,,,,,,,,,,,,,,,,2,2,0,,,,
MDJJGQR,1915,New York State League,1915-05-11,0,regular,Bemis,,Elmira,c,8,1,1,,0,,,,,,,,,1,,,,,,,,,,,,,,,8,1,1,,,,
MDJJGQR,1915,New York State League,1915-05-11,0,regular,Doyle,,Elmira,p,9,2,0,,0,,,,,,,,,,,,,,,,,,,4,8,,,,0,1,0,1,,,
MDJJGQR,1915,New York State League,1915-05-11,0,regular,TOTALS,,Elmira,,,26,3,2,6,,,,,,,,,,,,3,2,,,,,,,,,,,27,12,3,,,,
MDJJGQR,1915,New York State League,1915-05-11,0,regular,Murray,,Scranton,3b,1,4,0,,2,1,,,,,,,,,,,,,,,,,,,,,,,0,0,1,,,,
MDJJGQR,1915,New York State League,1915-05-11,0,regular,Cruickshank,,Scranton,ph,10,1,0,,0,,,,,,,,,,,,,,,,,,,,,,,,0,0,0,,,,
MDJJGQR,1915,New York State League,1915-05-11,0,regular,Maisel,,Scranton,cf,2,5,0,,0,,,,,,,,,,,,,,,,,,,,,,,,4,0,0,,,,
MDJJGQR,1915,New York State League,1915-05-11,0,regular,Corcoran,,Scranton,lf,3,4,2,,2,,,,,,,,,,1,,,,,,,,,,,,,,1,1,0,,,,
MDJJGQR,1915,New York State League,1915-05-11,0,regular,Mullen,,Scranton,2b,4,4,0,,2,,,,,,,,,,,,,,,,,,,,,,,,4,2,1,,,,
MDJJGQR,1915,New York State League,1915-05-11,0,regular,Slattery,,Scranton,1b,5,2,0,,0,,,,,,,,,,1,,,,,,,,,,,,,,10,2,0,,,,
MDJJGQR,1915,New York State League,1915-05-11,0,regular,Hartman,,Scranton,ss,6,4,0,,0,,,,,,,,,,,,,,,,,,,,,,,,2,5,0,,,,
MDJJGQR,1915,New York State League,1915-05-11,0,regular,Strait,,Scranton,rf,7,3,0,,0,,,,,,,,,,,,,,,,,,,,,,,,2,0,0,,,,
MDJJGQR,1915,New York State League,1915-05-11,0,regular,Miller,,Scranton,c,8,4,0,,1,1,,,,,,,,,,,,,,,,,,,,,,,1,0,0,,,,
MDJJGQR,1915,New York State League,1915-05-11,0,regular,Breckenridge,,Scranton,p,9,3,0,,0,,,,,,,,,,,,,,,,,,,2,1,,,,0,6,0,,,,
MDJJGQR,1915,New York State League,1915-05-11,0,regular,TOTALS,,Scranton,,,34,2,1,7,,,,,,,,,,,,6,2,,,,,,,,,,,24,16,2,,,,
SXLDZJF,1915,New York State League,1915-05-11,0,regular,Becker,,Binghamton,cf,1,5,1,,2,,1,,,,,,,,,,,,,,,,,,,,,,0,0,1,,,,
SXLDZJF,1915,New York State League,1915-05-11,0,regular,Adams,,Binghamton,p,10,2,0,,1,,,,,,,,,,,,,,4.2,,,,6,1,6,1,,,0,1,0,,,,
SXLDZJF,1915,New York State League,1915-05-11,0,regular,Payne,,Binghamton,p,11,0,0,,0,,,,,,,,,,,,,,1,,,,2,,,,,,0,1,0,,,,
SXLDZJF,1915,New York State League,1915-05-11,0,regular,Kennedy,,Binghamton,ph,12,1,0,,0,,,,,,,,,,,,,,,,,,,,,,,,0,0,0,,,,
SXLDZJF,1915,New York State League,1915-05-11,0,regular,Irving,,Binghamton,lf,2,5,0,,1,,,,,,,,,,,,,,,,,,,,,,,,0,0,0,,,,
SXLDZJF,1915,New York State League,1915-05-11,0,regular,Curry,,Binghamton,2b,3,4,0,,1,,,,,,,,,,,,,,,,,,,,,,,,2,5,1,,,,
SXLDZJF,1915,New York State League,1915-05-11,0,regular,Kay,,Binghamton,rf,4,4,2,,2,1,,,,,,,,,,,,,,,,,,,,,,,1,0,0,,,,
SXLDZJF,1915,New York State League,1915-05-11,0,regular,Pepe,,Binghamton,ss,5,4,0,,1,1,,,,,,,,,,,,,,,,,,,,,,,2,3,0,,,,
SXLDZJF,1915,New York State League,1915-05-11,0,regular,Gonzales,,Binghamton,3b,6,3,1,,0,,,,,,,,,,,,,,,,,,,,,,,,3,1,0,,,,
SXLDZJF,1915,New York State League,1915-05-11,0,regular,Calhoun,,Binghamton,1b,7,4,0,,0,,,,,,,,,,,,,,,,,,,,,,,,14,0,0,,,,
SXLDZJF,1915,New York State League,1915-05-11,0,regular,Murphy,,Binghamton,c,8,3,0,,1,,,,,,,,,,,,,,,,,,,,,,,,5,1,0,,,,
SXLDZJF,1915,New York State League,1915-05-11,0,regular,O'Connor,,Binghamton,p,9,1,0,,0,,,,,,,,,,,,,,3.1,,,,8,,1,,,,0,1,0,,,,
SXLDZJF,1915,New York State League,1915-05-11,0,regular,TOTALS,,Binghamton,,,36,4,2,9,,,,,,,,,,,,6,2,,,,,,,,,,,27,13,2,,,,
SXLDZJF,1915,New York State League,1915-05-11,0,regular,Prieste,,Wilkes-Barre,2b,1,4,2,,1,1,,,,,,1,,,,,,,,,,,,,,,,,2,1,1,,,,
SXLDZJF,1915,New York State League,1915-05-11,0,regular,Brown,,Wilkes-Barre,rf,2,4,0,,2,,,,,,,,1,,,,,,,,,,,,,,,,2,0,0,,,,
SXLDZJF,1915,New York State League,1915-05-11,0,regular,Hoffman,,Wilkes-Barre,cf,3,4,1,,3,,,,,,,,,,,,,,,,,,,,,,,,1,0,0,,,,
SXLDZJF,1915,New York State League,1915-05-11,0,regular,O'Rourke,,Wilkes-Barre,ss,4,5,1,,1,,,,,,,,,,,,,,,,,,,,,,,,6,4,1,,,,
SXLDZJF,1915,New York State League,1915-05-11,0,regular,DeGroff,,Wilkes-Barre,lf,5,5,1,,3,,,,,,,,,,,,,,,,,,,,,,,,2,0,0,,,,
SXLDZJF,1915,New York State League,1915-05-11,0,regular,Giddo,,Wilkes-Barre,1b,6,5,0,,2,,,,,,,,,,,,,,,,,,,,,,,,9,0,0,,,,
SXLDZJF,1915,New York State League,1915-05-11,0,regular,Burke,,Wilkes-Barre,3b,7,5,1,,3,,,,,,,,,,1,,,,,,,,,,,,,,1,3,0,,,,
SXLDZJF,1915,New York State League,1915-05-11,0,regular,Briger,,Wilkes-Barre,c,8,5,0,,0,,,,,,,,,,,,,,,,,,,,,,,,3,0,0,,,,
SXLDZJF,1915,New York State League,1915-05-11,0,regular,McGinley,,Wilkes-Barre,p,9,5,0,,1,,,,,,,,,,,,,,,,,,,2,3,,,,1,1,0,,,,
SXLDZJF,1915,New York State League,1915-05-11,0,regular,TOTALS,,Wilkes-Barre,,,42,6,4,16,,,,,,,,,,,,12,1,,,,,,,,,,,27,9,2,,,,
VGLZWQS,1915,New York State League,1915-05-11,0,regular,Gough,,Troy,rf,1,4,2,,1,,,,,,,,,,1,,,,,,,,,,,,,,1,0,0,,,,
VGLZWQS,1915,New York State League,1915-05-11,0,regular,Genest,,Troy,cf,2,4,0,,0,,,,,,,,,,,,,,,,,,,,,,,,5,0,0,,,,
VGLZWQS,1915,New York State League,1915-05-11,0,regular,Reed,,Troy,3b,3,3,1,,2,,1,,,,,,,,1,,,,,,,,,,,,,,1,3,0,,,,
VGLZWQS,1915,New York State League,1915-05-11,0,regular,Cook,,Troy,2b,4,4,0,,1,,,,,,,,,,,,,,,,,,,,,,,,2,6,0,,,,
VGLZWQS,1915,New York State League,1915-05-11,0,regular,Bruggy,,Troy,1b,5,2,0,,0,,,,,,,,,,,,,,,,,,,,,,,,12,0,0,,,,
VGLZWQS,1915,New York State League,1915-05-11,0,regular,Meara,,Troy,lf,6,3,0,,0,,,,,,,,,,,,,,,,,,,,,,,,0,0,0,,,,
VGLZWQS,1915,New York State League,1915-05-11,0,regular,Tamsett,,Troy,ss,7,3,0,,1,,,,,,,,,,,,,,,,,,,,,,,,5,4,1,,,,
VGLZWQS,1915,New York State League,1915-05-11,0,regular,Fitzgerald,,Troy,c,8,3,0,,0,,,,,,,,,,,,,,,,,,,,,,,,1,1,0,,,,
VGLZWQS,1915,New York State League,1915-05-11,0,regular,Owens,,Troy,p,9,3,0,,0,,,,,,,,,,,,,,,,,,,3,,2,,,0,4,1,,,,
VGLZWQS,1915,New York State League,1915-05-11,0,regular,TOTALS,,Troy,,,29,3,,5,,,,,,,,,,,,4,1,,,,,,,,,,,27,18,2,,,,
VGLZWQS,1915,New York State League,1915-05-11,0,regular,Kroy,,Utica,rf,1,3,1,,0,,,,,,,,,,,,,,,,,,,,,,,,3,0,0,,,,
VGLZWQS,1915,New York State League,1915-05-11,0,regular,Schiller,,Utica,pr,10,0,0,,0,,,,,,,,,,,,,,,,,,,,,,,,0,0,0,,,,
VGLZWQS,1915,New York State League,1915-05-11,0,regular,Evans,,Utica,3b,2,3,0,,1,,,,,,,1,1,,,,,,,,,,,,,,,,3,1,1,1,,,
VGLZWQS,1915,New York State League,1915-05-11,0,regular,Reichle,,Utica,cf,3,5,0,,1,,,,,,,,,,,,,,,,,,,,,,,,1,0,0,,,,
VGLZWQS,1915,New York State League,1915-05-11,0,regular,Wagner,,Utica,lf,4,4,0,,0,,,,,,,,,,,,,,,,,,,,,,,,0,0,0,,,,
VGLZWQS,1915,New York State League,1915-05-11,0,regular,Cranston,,Utica,2b,5,3,0,,0,,,,,,,,,,,,,,,,,,,,,,,,1,1,0,1,,,
VGLZWQS,1915,New York State League,1915-05-11,0,regular,Walsh,,Utica,1b,6,4,0,,2,1,,,,,,,,,,,,,,,,,,,,,,,10,0,0,1,,,
VGLZWQS,1915,New York State League,1915-05-11,0,regular,O'Neill,,Utica,ss,7,4,1,,0,,,,,,,,,,,,,,,,,,,,,,,,1,2,0,,,,
VGLZWQS,1915,New York State League,1915-05-11,0,regular,Ahearn,,Utica,c,8,4,0,,2,,,,,,,,,,,,,,,,,,,,,,,,5,0,0,,,,
VGLZWQS,1915,New York State League,1915-05-11,0,regular,Taylor,,Utica,p,9,3,0,,0,,,,,,,1,,,,,,,,,,,,2,5,,,,0,5,0,,,,
VGLZWQS,1915,New York State League,1915-05-11,0,regular,TOTALS,,Utica,,,33,2,,6,,,,,,,,,,,,9,2,,,,,,,,,,,24,9,1,,,,
GZXPMXM,1915,New York State League,1915-05-12,0,regular,Becker,,Binghamton,cf,1,4,1,,2,1,,,,,,,,,,,,,,,,,,,,,,,1,0,0,,,,
GZXPMXM,1915,New York State League,1915-05-12,0,regular,Rieger,,Binghamton,p,10,2,0,,0,,,,,,,,,,,,,,4.2,,,,2,2,1,,1,,0,1,0,,,,
GZXPMXM,1915,New York State League,1915-05-12,0,regular,Irving,,Binghamton,lf,2,3,0,,1,1,,,,,,,1,,,,,,,,,,,,,,,,2,0,0,,,,
GZXPMXM,1915,New York State League,1915-05-12,0,regular,Curry,,Binghamton,2b,3,2,2,,0,,,,,,,,,,1,,,,,,,,,,,,,,0,2,0,,,,
GZXPMXM,1915,New York State League,1915-05-12,0,regular,Kay,,Binghamton,rf,4,4,1,,1,,1,,,,,,,,,,,,,,,,,,,,,,5,0,0,,,,
GZXPMXM,1915,New York State League,1915-05-12,0,regular,Pepe,,Binghamton,ss,5,4,1,,1,1,,,,,,,,,,,,,,,,,,,,,,,2,3,1,1,,,
GZXPMXM,1915,New York State League,1915-05-12,0,regular,Gonzales,,Binghamton,3b,6,2,3,,0,,,,,,,,,,2,,,,,,,,,,,,,,5,0,1,1,,,
GZXPMXM,1915,New York State League,1915-05-12,0,regular,Calhoun,,Binghamton,1b,7,4,0,,3,,1,,,,,,,,,,,,,,,,,,,,,,8,0,0,1,,,
GZXPMXM,1915,New York State League,1915-05-12,0,regular,Murphy,,Binghamton,c,8,4,0,,1,,,,,,,,,,,,,,,,,,,,,,,,4,0,0,,,,
GZXPMXM,1915,New York State League,1915-05-12,0,regular,Rapp,,Binghamton,p,9,1,0,,0,,,,,,,,,,,,,,4.1,,,,8,1,2,1,1,,0,2,0,,,,
GZXPMXM,1915,New York State League,1915-05-12,0,regular,TOTALS,,Binghamton,,,30,8,,9,,,,,,,,,,,,4,2,,,,,,,,,,,27,8,2,,,,
GZXPMXM,1915,New York State League,1915-05-12,0,regular,Murray,,Scranton,3b,1,3,1,,0,,,,,,,,1,,,,,,,,,,,,,,,,1,1,2,,,,
GZXPMXM,1915,New York State League,1915-05-12,0,regular,Maisel,,Scranton,2b,2,5,1,,2,,,,,,,,,,,,,,,,,,,,,,,,2,1,9,,,,
GZXPMXM,1915,New York State League,1915-05-12,0,regular,Corcoran,,Scranton,lf,3,5,1,,2,1,,,,,,,,,,,,,,,,,,,,,,,2,0,0,,,,
GZXPMXM,1915,New York State League,1915-05-12,0,regular,Cruickshank,,Scranton,cf,4,3,2,,1,,,,,,,1,,,,,,,,,,,,,,,,,2,0,0,,,,
GZXPMXM,1915,New York State League,1915-05-12,0,regular,Slattery,,Scranton,1b,5,2,0,,0,,,,,,,,,,,,,,,,,,,,,,,,9,1,0,1,,,
GZXPMXM,1915,New York State League,1915-05-12,0,regular,Hartman,,Scranton,ss,6,4,0,,0,,,,,,,,,,1,,,,,,,,,,,,,,4,4,1,1,,,
GZXPMXM,1915,New York State League,1915-05-12,0,regular,Strait,,Scranton,rf,7,4,0,,1,,,,,,,,,,,,,,,,,,,,,,,,1,0,0,,,,
GZXPMXM,1915,New York State League,1915-05-12,0,regular,Miller,,Scranton,c,8,4,1,,1,,1,,,,,,,,,,,,,,,,,,,,,,6,2,1,,,,
GZXPMXM,1915,New York State League,1915-05-12,0,regular,Higgins,,Scranton,p,9,4,1,,3,,1,,,,,,,,,,,,,,,,,8,6,,1,,0,2,0,,,,
GZXPMXM,1915,New York State League,1915-05-12,0,regular,TOTALS,,Scranton,,,34,7,,10,,,,,,,,,,,,6,2,,,,,,,,,,,27,11,4,,,,
JQHQVXB,1915,New York State League,1915-05-12,0,regular,McConnell,,Syracuse,2b,1,4,1,,1,,,,,,,,,,,,,,,,,,,,,,,,2,2,0,,,,
JQHQVXB,1915,New York State League,1915-05-12,0,regular,O'Neill,,Syracuse,lf,2,3,0,,3,,1,,,,,,,,,,,,,,,,,,,,,,1,0,0,,,,
JQHQVXB,1915,New York State League,1915-05-12,0,regular,Deininger,,Syracuse,1b,3,2,0,,0,,,,,,,,2,,,,,,,,,,,,,,,,9,0,0,,,,
JQHQVXB,1915,New York State League,1915-05-12,0,regular,Riley,,Syracuse,cf,4,4,0,,1,,,,,,,,,,,,,,,,,,,,,,,,3,0,0,,,,
JQHQVXB,1915,New York State League,1915-05-12,0,regular,Burrell,,Syracuse,3b,5,4,0,,0,,,,,,,,,,,,,,,,,,,,,,,,0,3,0,,,,
JQHQVXB,1915,New York State League,1915-05-12,0,regular,Smith,,Syracuse,rf,6,1,1,,0,,,,,,,2,,,,,,,,,,,,,,,,,1,0,1,,,,
JQHQVXB,1915,New York State League,1915-05-12,0,regular,Moseley,,Syracuse,ss,7,1,0,,0,,,,,,,,1,,,,,,,,,,,,,,,,2,4,0,,,,
JQHQVXB,1915,New York State League,1915-05-12,0,regular,Jarosik,,Syracuse,c,8,3,0,,2,2,,,,,,,,,,,,,,,,,,,,,,,9,0,0,,,,
JQHQVXB,1915,New York State League,1915-05-12,0,regular,Frill,,Syracuse,p,9,3,0,,0,,,,,,,,,,,,,,,,,,,,9,,,,0,0,0,,,,
JQHQVXB,1915,New York State League,1915-05-12,0,regular,TOTALS,,Syracuse,,,25,2,,7,,,,,,,,,,,,4,1,,,,,,,,,,,27,9,1,,,,
JQHQVXB,1915,New York State League,1915-05-12,0,regular,Gough,,Troy,rf,1,2,0,,0,,,,,,,,1,,,,,,,,,,,,,,,,0,0,0,,,,
JQHQVXB,1915,New York State League,1915-05-12,0,regular,Genest,,Troy,cf,2,3,0,,0,,,,,,,,,1,,,,,,,,,,,,,,,1,0,1,,,,
JQHQVXB,1915,New York State League,1915-05-12,0,regular,Reed,,Troy,3b,3,3,0,,1,1,,,,,,,,,,,,,,,,,,,,,,,0,3,0,,,,
JQHQVXB,1915,New York State League,1915-05-12,0,regular,Cook,,Troy,2b,4,4,0,,0,,,,,,,,,,,,,,,,,,,,,,,,1,2,0,,,,
JQHQVXB,1915,New York State League,1915-05-12,0,regular,Bruggy,,Troy,1b,5,4,0,,0,,,,,,,,,,,,,,,,,,,,,,,,8,1,0,,,,
JQHQVXB,1915,New York State League,1915-05-12,0,regular,Meara,,Troy,lf,6,3,0,,1,,,,,,,,,,,,,,,,,,,,,,,,3,1,0,1,,,
JQHQVXB,1915,New York State League,1915-05-12,0,regular,Tamsett,,Troy,ss,7,3,0,,0,,,,,,,,,,,,,,,,,,,,,,,,3,0,0,1,,,
JQHQVXB,1915,New York State League,1915-05-12,0,regular,Fitzgerald,,Troy,c,8,3,0,,0,,,,,,,,,,,,,,,,,,,,,,,,8,3,0,,,,
JQHQVXB,1915,New York State League,1915-05-12,0,regular,Parson,,Troy,p,9,3,1,,0,,,,,,,,,,,,,,,,,,,2,3,2,,,0,4,1,,,,
JQHQVXB,1915,New York State League,1915-05-12,0,regular,TOTALS,,Troy,,,28,1,,2,,,,,,,,,,,,3,1,,,,,,,,,,,24,14,2,,,,
TXXMZLN,1915,New York State League,1915-05-12,0,regular,Hunter,,Elmira,rf,1,4,1,,3,1,,,,,,,,,,,,,,,,,,,,,,,1,0,0,,,,
TXXMZLN,1915,New York State League,1915-05-12,0,regular,Conroy,,Elmira,3b,2,4,1,,1,,,,,,,,,,,,,,,,,,,,,,,,0,2,0,,,,
TXXMZLN,1915,New York State League,1915-05-12,0,regular,Ward,,Elmira,1b,3,4,0,,2,,1,,,,,,1,,,,,,,,,,,,,,,,7,0,0,,,,
TXXMZLN,1915,New York State League,1915-05-12,0,regular,Meusel,,Elmira,lf,4,4,0,,1,,,,,,,,,,,,,,,,,,,,,,,,1,0,1,,,,
TXXMZLN,1915,New York State League,1915-05-12,0,regular,Johnson,,Elmira,ss,5,3,0,,0,,,,,,,,,,1,,,,,,,,,,,,,,1,4,1,,,,
TXXMZLN,1915,New York State League,1915-05-12,0,regular,Sullivan,,Elmira,cf,6,3,0,,0,,,,,,,,,,,,,,,,,,,,,,,,3,0,1,,,,
TXXMZLN,1915,New York State League,1915-05-12,0,regular,Loudy,,Elmira,2b,7,4,0,,1,,,,,,,,,,,,,,,,,,,,,,,,3,2,0,,,,
TXXMZLN,1915,New York State League,1915-05-12,0,regular,Bemis,,Elmira,c,8,3,1,,1,1,,,,,,,,,,,,,,,,,,,,,,,8,0,0,,,,
TXXMZLN,1915,New York State League,1915-05-12,0,regular,Dessau,,Elmira,p,9,4,1,,1,,,,,,,,,,,,,,,,,,,3,6,,,,0,2,0,,,,
TXXMZLN,1915,New York State League,1915-05-12,0,regular,TOTALS,,Elmira,,,33,4,,10,,,,,,,,,,,,8,1,,,,,,,,,,,24,10,3,,,,
TXXMZLN,1915,New York State League,1915-05-12,0,regular,Prieste,,Wilkes-Barre,2b,1,5,0,,1,,,,,,,,,,,,,,,,,,,,,,,,4,2,1,,,,
TXXMZLN,1915,New York State League,1915-05-12,0,regular,Brown,,Wilkes-Barre,rf,2,4,0,,1,,,,,,,,,,,,,,,,,,,,,,,,0,1,0,,,,
TXXMZLN,1915,New York State League,1915-05-12,0,regular,Hoffman,,Wilkes-Barre,cf,3,4,2,,1,,,,,,,,,,,,,,,,,,,,,,,,1,0,0,,,,
TXXMZLN,1915,New York State League,1915-05-12,0,regular,O'Rourke,,Wilkes-Barre,ss,4,4,2,,2,,,,,,,,,,,,,,,,,,,,,,,,3,5,0,1,,,
TXXMZLN,1915,New York State League,1915-05-12,0,regular,DeGroff,,Wilkes-Barre,lf,5,3,1,,3,1,,,,,,,,,,,,,,,,,,,,,,,0,0,0,,,,
TXXMZLN,1915,New York State League,1915-05-12,0,regular,Giddo,,Wilkes-Barre,1b,6,3,0,,1,,,,,,,,,,,,,,,,,,,,,,,,13,0,0,1,,,
TXXMZLN,1915,New York State League,1915-05-12,0,regular,Burke,,Wilkes-Barre,3b,7,4,0,,1,,,,,,,,,,,,,,,,,,,,,,,,1,2,0,,,,
TXXMZLN,1915,New York State League,1915-05-12,0,regular,Briger,,Wilkes-Barre,c,8,3,0,,0,,,,,,,,,,1,,,,,,,,,,,,,,5,1,0,,,,
TXXMZLN,1915,New York State League,1915-05-12,0,regular,Berretski,,Wilkes-Barre,p,9,4,0,,0,,,,,,,,,,,,,,,,,,,3,3,,,,0,4,1,,,,
TXXMZLN,1915,New York State League,1915-05-12,0,regular,TOTALS,,Wilkes-Barre,,,34,5,,10,,,,,,,,,,,,8,1,,,,,,,,,,,27,15,2,,,,
WVLJHCJ,1915,New York State League,1915-05-12,0,regular,Oakes,,Albany,lf,1,4,1,,1,,,,,,,,,,1,,,,,,,,,,,,,,2,0,0,,,,
WVLJHCJ,1915,New York State League,1915-05-12,0,regular,O'Rourke,,Albany,2b,2,4,0,,0,,,,,,,,,,,,,,,,,,,,,,,,2,3,0,1,,,
WVLJHCJ,1915,New York State League,1915-05-12,0,regular,Meyer,,Albany,rf,3,3,0,,1,,,,,,,,,,,,,,,,,,,,,,,,3,0,0,,,,
WVLJHCJ,1915,New York State League,1915-05-12,0,regular,Durgin,,Albany,1b,4,3,0,,0,,,,,,,,,,,,,,,,,,,,,,,,11,1,0,1,,,
WVLJHCJ,1915,New York State League,1915-05-12,0,regular,Gillespie,,Albany,3b,5,3,0,,1,,,,,,,,,,,,,,,,,,,,,,,,1,2,0,,,,
WVLJHCJ,1915,New York State League,1915-05-12,0,regular,Baxter,,Albany,ss,6,3,0,,0,,,,,,,,,,,,,,,,,,,,,,,,1,4,0,,,,
WVLJHCJ,1915,New York State League,1915-05-12,0,regular,Miller,,Albany,cf,7,3,0,,0,,,,,,,,,,,,,,,,,,,,,,,,2,0,0,,,,
WVLJHCJ,1915,New York State League,1915-05-12,0,regular,O'Connor,,Albany,c,8,3,0,,0,,,,,,,,,,,,,,,,,,,,,,,,2,0,1,,,2,
WVLJHCJ,1915,New York State League,1915-05-12,0,regular,Friel,,Albany,p,9,3,0,,0,,,,,,,,,,,,,,,,,,,2,2,,,,0,1,0,1,,,
WVLJHCJ,1915,New York State League,1915-05-12,0,regular,TOTALS,,Albany,,,29,1,,3,,,,,,,,,,,,1,1,,,,,,,,,,,24,11,1,,,,
WVLJHCJ,1915,New York State League,1915-05-12,0,regular,Kroy,,Utica,rf,1,4,0,,0,,,,,,,,,,,,,,,,,,,,,,,,2,0,0,,,,
WVLJHCJ,1915,New York State League,1915-05-12,0,regular,Evans,,Utica,3b,2,4,1,,1,,,,,,,,,,1,,,,,,,,,,,,,,0,3,0,1,,,
WVLJHCJ,1915,New York State League,1915-05-12,0,regular,Reichle,,Utica,cf,3,3,0,,1,,,,,,,,,,1,,,,,,,,,,,,,,4,1,0,,,,
WVLJHCJ,1915,New York State League,1915-05-12,0,regular,Wagner,,Utica,lf,4,3,1,,0,,,,,,,,,,,,,,,,,,,,,,,,2,0,0,,,,
WVLJHCJ,1915,New York State League,1915-05-12,0,regular,O'Neill,,Utica,ss,5,2,0,,0,,,,,,,,1,,,,,,,,,,,,,,,,3,1,1,,,,
WVLJHCJ,1915,New York State League,1915-05-12,0,regular,Walsh,,Utica,1b,6,2,0,,0,,,,,,,,,,,,,,,,,,,,,,,,8,2,0,1,,,
WVLJHCJ,1915,New York State League,1915-05-12,0,regular,Schuler,,Utica,2b,7,3,0,,1,,,,,,,,,,,,,,,,,,,,,,,,1,1,0,1,,,
WVLJHCJ,1915,New York State League,1915-05-12,0,regular,McDonough,,Utica,c,8,3,0,,0,,,,,,,,,,,,,,,,,,,,,,,,5,1,0,,,1,
WVLJHCJ,1915,New York State League,1915-05-12,0,regular,Sherry,,Utica,p,9,3,0,,0,,,,,,,,,,,,,,,,,,,,5,,,,2,3,0,,,,
WVLJHCJ,1915,New York State League,1915-05-12,0,regular,TOTALS,,Utica,,,27,2,,3,,,,,,,,,,,,3,1,,,,,,,,,,,27,12,1,,,,
WYXKTJF,1915,New York State League,1915-05-13,0,regular,Hunter,,Elmira,rf,1,4,0,,0,,,,,,,,,,,,,,,,,,,,,,,,1,0,0,,,,
WYXKTJF,1915,New York State League,1915-05-13,0,regular,Conroy,,Elmira,3b,2,5,0,,2,,,,,,,,,,1,,,,,,,,,,,,,,5,4,0,1,,,
WYXKTJF,1915,New York State League,1915-05-13,0,regular,Ward,,Elmira,1b,3,5,1,,1,1,,,,,,,,,,,,,,,,,,,,,,,9,0,0,1,,,
WYXKTJF,1915,New York State League,1915-05-13,0,regular,Meusel,,Elmira,lf,4,3,1,,0,,,,,,,,,,1,,,,,,,,,,,,,,3,1,0,,,,
WYXKTJF,1915,New York State League,1915-05-13,0,regular,Johnson,,Elmira,ss,5,3,0,,1,,,,,,,,,,1,,,,,,,,,,,,,,0,1,0,,,,
WYXKTJF,1915,New York State League,1915-05-13,0,regular,Sullivan,,Elmira,cf,6,2,0,,1,,,,,,,,,,,,,,,,,,,,,,,,1,0,0,,,,
WYXKTJF,1915,New York State League,1915-05-13,0,regular,Loudy,,Elmira,2b,7,3,0,,0,,,,,,,,1,,,,,,,,,,,,,,,,1,2,1,,,,
WYXKTJF,1915,New York State League,1915-05-13,0,regular,Ritter,,Elmira,c,8,3,0,,0,,,,,,,1,,,,,,,,,,,,,,,,,4,5,1,,,1,
WYXKTJF,1915,New York State League,1915-05-13,0,regular,Nicholson,,Elmira,p,9,4,0,,0,,,,,,,,,,,,,,,,,,,4,2,,,,0,1,0,,,,
WYXKTJF,1915,New York State League,1915-05-13,0,regular,TOTALS,,Elmira,,,32,2,,5,,,,,,,,,,,,10,1,,,,,,,,,,,24,14,2,,,,
WYXKTJF,1915,New York State League,1915-05-13,0,regular,Prieste,,Wilkes-Barre,2b,1,2,2,,2,,,,,,,,,,1,,,,,,,,,,,,,,2,2,1,,,,
WYXKTJF,1915,New York State League,1915-05-13,0,regular,McVaugh,,Wilkes-Barre,p,10,0,0,,0,,,,,,,,,,,,,,1.1,,,,1,2,,,,,0,0,0,,,,
WYXKTJF,1915,New York State League,1915-05-13,0,regular,Phillips,,Wilkes-Barre,p,11,2,0,,0,,,,,,,,,,,,,,5.2,,,,2,2,3,1,1,,0,5,0,,,,
WYXKTJF,1915,New York State League,1915-05-13,0,regular,Meyers,,Wilkes-Barre,ph,12,1,0,,0,,,,,,,,,,,,,,,,,,,,,,,,0,0,0,,,,
WYXKTJF,1915,New York State League,1915-05-13,0,regular,Brown,,Wilkes-Barre,rf,2,3,0,,0,,,,,,,,1,,,,,,,,,,,,,,,,0,0,0,,,,
WYXKTJF,1915,New York State League,1915-05-13,0,regular,Hoffman,,Wilkes-Barre,cf,3,4,0,,2,1,,,,,,,,,,,,,,,,,,,,,,,1,0,0,,,,
WYXKTJF,1915,New York State League,1915-05-13,0,regular,O'Rourke,,Wilkes-Barre,ss,4,3,0,,0,,,,,,,,,,,,,,,,,,,,,,,,0,6,0,,,,
WYXKTJF,1915,New York State League,1915-05-13,0,regular,DeGroff,,Wilkes-Barre,lf,5,4,1,,2,,,,,,,,,,2,,,,,,,,,,,,,,3,0,0,,,,
WYXKTJF,1915,New York State League,1915-05-13,0,regular,Giddo,,Wilkes-Barre,1b,6,4,0,,0,,,,,,,,,,,,,,,,,,,,,,,,10,0,0,,,,
WYXKTJF,1915,New York State League,1915-05-13,0,regular,Burke,,Wilkes-Barre,3b,7,3,0,,2,,,,,,,,,,1,,,,,,,,,,,,,,4,0,0,1,,,
WYXKTJF,1915,New York State League,1915-05-13,0,regular,Briger,,Wilkes-Barre,c,8,2,0,,0,,,,,,,,,,,,,,,,,,,,,,,,7,1,0,1,,1,
WYXKTJF,1915,New York State League,1915-05-13,0,regular,North,,Wilkes-Barre,p,9,0,0,,0,,,,,,,,,,,,,,2,,,,2,1,2,,,,0,1,0,,,,
WYXKTJF,1915,New York State League,1915-05-13,0,regular,TOTALS,,Wilkes-Barre,,,28,3,,8,,,,,,,,,,,,6,2,,,,,,,,,,,27,15,1,,,,
CXBTKGX,1915,New York State League,1915-05-14,0,regular,Oakes,,Albany,lf,1,5,1,,1,1,,,,,,,,,,,,,,,,,,,,,,,1,0,0,,,,
CXBTKGX,1915,New York State League,1915-05-14,0,regular,Gurner,,Albany,p,10,1,0,,0,,,,,,,,,,,,,,1.1,,,,2,,1,,,,0,1,0,,,,
CXBTKGX,1915,New York State League,1915-05-14,0,regular,O'Connor,,Albany,ph,11,1,0,,1,,,,,,,,,,,,,,,,,,,,,,,,0,0,0,,,,
CXBTKGX,1915,New York State League,1915-05-14,0,regular,O'Rourke,,Albany,2b,2,5,2,,3,,,,,,,,,,1,,,,,,,,,,,,,,3,0,0,,,,
CXBTKGX,1915,New York State League,1915-05-14,0,regular,Meyer,,Albany,rf,3,5,1,,1,1,,,,,,,,,,,,,,,,,,,,,,,1,0,0,,,,
CXBTKGX,1915,New York State League,1915-05-14,0,regular,Durgin,,Albany,1b,4,4,0,,0,,,,,,,,,,1,,,,,,,,,,,,,,10,0,1,,,,
CXBTKGX,1915,New York State League,1915-05-14,0,regular,Gillespie,,Albany,3b,5,4,1,,2,,,,,,,,,,,,,,,,,,,,,,,,2,3,1,,,,
CXBTKGX,1915,New York State League,1915-05-14,0,regular,Baxter,,Albany,ss,6,4,0,,1,,,,,,,,,,,,,,,,,,,,,,,,1,4,0,,,,
CXBTKGX,1915,New York State League,1915-05-14,0,regular,Brackett,,Albany,cf,7,4,1,,1,,,,,,,,,,1,,,,,,,,,,,,,,1,0,0,,,,
CXBTKGX,1915,New York State League,1915-05-14,0,regular,Clougher,,Albany,c,8,3,0,,1,,,,,,,,,,,,,,,,,,,,,,,,5,2,1,,,,
CXBTKGX,1915,New York State League,1915-05-14,0,regular,Weiss,,Albany,p,9,3,0,,1,,,,,,,,,,,,,,6.2,,,,6,6,5,,,,0,2,0,,,,
CXBTKGX,1915,New York State League,1915-05-14,0,regular,TOTALS,,Albany,,,39,6,,12,,,,,,,,,,,,6,3,,,,,,,,,,,24,12,3,,,,
CXBTKGX,1915,New York State League,1915-05-14,0,regular,Kroy,,Utica,rf,1,3,1,,1,,,,,,,,1,,,,,,,,,,,,,,,,0,0,0,,,,
CXBTKGX,1915,New York State League,1915-05-14,0,regular,Evans,,Utica,3b,2,4,1,,1,,,,,,,,,,,,,,,,,,,,,,,,1,3,1,,,,
CXBTKGX,1915,New York State League,1915-05-14,0,regular,Reichle,,Utica,cf,3,4,1,,0,,,,,,,,1,,,,,,,,,,,,,,,,0,0,0,,,,
CXBTKGX,1915,New York State League,1915-05-14,0,regular,Wagner,,Utica,lf,4,1,1,,0,,,,,,,,1,,,,,,,,,,,,,,,,1,0,0,,,,
CXBTKGX,1915,New York State League,1915-05-14,0,regular,Cranston,,Utica,2b,5,2,1,,1,,,,,,,,1,,,,,,,,,,,,,,,,4,5,1,,,,
CXBTKGX,1915,New York State League,1915-05-14,0,regular,Walsh,,Utica,1b,6,4,0,,3,,1,,,,,,,,,,,,,,,,,,,,,,13,1,0,,,,
CXBTKGX,1915,New York State League,1915-05-14,0,regular,O'Neill,,Utica,ss,7,4,0,,0,,,,,,,,,,,,,,,,,,,,,,,,4,3,2,,,,
CXBTKGX,1915,New York State League,1915-05-14,0,regular,Ahearn,,Utica,c,8,3,2,,1,,,,,,,,,,,,,,,,,,,,,,,,4,1,0,,,,
CXBTKGX,1915,New York State League,1915-05-14,0,regular,Brower,,Utica,p,9,3,1,,1,,,,,,,,1,,,,,,,,,,,,4,,1,,0,5,0,,,,
CXBTKGX,1915,New York State League,1915-05-14,0,regular,TOTALS,,Utica,,,28,8,,8,,,,,,,,,,,,7,,,,,,,,,,,,27,18,4,,,,
DVBWHQR,1915,New York State League,1915-05-14,0,regular,Beeker,,Binghamton,cf,1,5,0,,0,,,,,,,,,,,,,,,,,,,,,,,,2,0,0,,,,
DVBWHQR,1915,New York State League,1915-05-14,0,regular,O'Connor,,Binghamton,p,10,0,0,,0,,,,,,,,,,,,,,6.2,,,,6,,,,1,,0,1,0,,,,
DVBWHQR,1915,New York State League,1915-05-14,0,regular,Adams,,Binghamton,p,11,3,0,,1,,,,,,,,,,,,,,1.1,,,,5,,3,,1,,1,3,0,,,,
DVBWHQR,1915,New York State League,1915-05-14,0,regular,Kennedy,,Binghamton,ph,12,1,0,,0,,,,,,,,,,,,,,,,,,,,,,,,0,0,0,,,,
DVBWHQR,1915,New York State League,1915-05-14,0,regular,Irving,,Binghamton,lf,2,4,1,,2,,,,,,,,,,,,,,,,,,,,,,,,3,0,0,,,,
DVBWHQR,1915,New York State League,1915-05-14,0,regular,Curry,,Binghamton,2b,3,4,1,,1,,,,,,,,,,,,,,,,,,,,,,,,1,3,0,,,,
DVBWHQR,1915,New York State League,1915-05-14,0,regular,Kay,,Binghamton,rf,4,4,2,,3,,2,,,,,,,,,,,,,,,,,,,,,,1,0,0,,,,
DVBWHQR,1915,New York State League,1915-05-14,0,regular,Pepe,,Binghamton,ss,5,3,0,,1,1,,,,,,,,1,,,,,,,,,,,,,,,3,1,0,,,,
DVBWHQR,1915,New York State League,1915-05-14,0,regular,Gonzales,,Binghamton,3b,6,4,0,,0,,,,,,,,,,,,,,,,,,,,,,,,1,0,1,,,,
DVBWHQR,1915,New York State League,1915-05-14,0,regular,Calhoun,,Binghamton,1b,7,3,0,,0,,,,,,,1,,,,,,,,,,,,,,,,,8,1,0,,,,
DVBWHQR,1915,New York State League,1915-05-14,0,regular,Peterson,,Binghamton,c,8,1,0,,0,,,,,,,,,,,,,,,,,,,,,,,,0,0,0,,,,
DVBWHQR,1915,New York State League,1915-05-14,0,regular,Murphy,,Binghamton,c,9,3,0,,1,,,,,,,,,,,,,,,,,,,,,,,,4,1,0,,,,
DVBWHQR,1915,New York State League,1915-05-14,0,regular,TOTALS,,Binghamton,,,35,4,,9,,,,,,,,,,,,6,,,,,,,,,,,,24,10,1,,,,
DVBWHQR,1915,New York State League,1915-05-14,0,regular,Murray,,Scranton,3b,1,4,0,,0,,,,,,,,,,,,,,,,,,,,,,,,1,0,1,,,,
DVBWHQR,1915,New York State League,1915-05-14,0,regular,Hartman,,Scranton,ss,2,3,3,,3,,,,,,,,,,1,,,,,,,,,,,,,,1,3,0,1,,,
DVBWHQR,1915,New York State League,1915-05-14,0,regular,Corcoran,,Scranton,lf,3,3,1,,2,,,,,,,,1,,,,,,,,,,,,,,,,3,0,0,,,,
DVBWHQR,1915,New York State League,1915-05-14,0,regular,Cruickshank,,Scranton,cf,4,3,1,,2,,,,,,,,,,,,,,,,,,,,,,,,3,1,0,,,,
DVBWHQR,1915,New York State League,1915-05-14,0,regular,Slattery,,Scranton,1b,5,4,1,,1,,,,,,,,,,,,,,,,,,,,,,,,9,0,1,1,,,
DVBWHQR,1915,New York State League,1915-05-14,0,regular,Maisel,,Scranton,2b,6,3,1,,1,,,,,,,,,,1,,,,,,,,,,,,,,1,4,0,1,,,
DVBWHQR,1915,New York State League,1915-05-14,0,regular,Strait,,Scranton,rf,7,4,0,,1,,,,,,,,,,,,,,,,,,,,,,,,2,0,0,,,,
DVBWHQR,1915,New York State League,1915-05-14,0,regular,Miller,,Scranton,c,8,3,0,,1,1,,,,,,,,,1,,,,,,,,,,,,,,7,0,0,,,,
DVBWHQR,1915,New York State League,1915-05-14,0,regular,Cornwell,,Scranton,p,9,4,0,,0,,,,,,,,,,,,,,,,,,,,5,1,,,0,0,0,,,,
DVBWHQR,1915,New York State League,1915-05-14,0,regular,TOTALS,,Scranton,,,31,7,,11,,,,,,,,,,,,3,,,,,,,,,,,,27,8,2,,,,
SZRHGMK,1915,New York State League,1915-05-14,0,regular,McConnell,,Syracuse,2b,1,3,1,,1,,,,,,,,,,,,,,,,,,,,,,,,4,1,1,,,,
SZRHGMK,1915,New York State League,1915-05-14,0,regular,Meehan,,Syracuse,p,10,0,0,,0,,,,,,,,,,,,,,1.2,,,,1,,1,,,,1,1,0,,,,
SZRHGMK,1915,New York State League,1915-05-14,0,regular,O'Neill,,Syracuse,lf,2,4,2,,2,,1,,,,,,,,,,,,,,,,,,,,,,1,0,0,,,,
SZRHGMK,1915,New York State League,1915-05-14,0,regular,Russell,,Syracuse,1b,3,3,2,,2,,,,,,,,,,1,,,,,,,,,,,,,,10,4,1,1,,,
SZRHGMK,1915,New York State League,1915-05-14,0,regular,Deininger,,Syracuse,rf,4,3,0,,0,,,,,,,,,,,,,,,,,,,,,,,,1,0,0,,,,
SZRHGMK,1915,New York State League,1915-05-14,0,regular,Riley,,Syracuse,cf,5,4,0,,1,,,,,,,,,,,,,,,,,,,,,,,,1,0,0,,,,
SZRHGMK,1915,New York State League,1915-05-14,0,regular,Burrell,,Syracuse,3b,6,4,1,,0,,,,,,,,,,1,,,,,,,,,,,,,,2,2,0,2,,,
SZRHGMK,1915,New York State League,1915-05-14,0,regular,Moseley,,Syracuse,ss,7,4,0,,1,,,,,,,,,,,,,,,,,,,,,,,,1,3,0,,,,
SZRHGMK,1915,New York State League,1915-05-14,0,regular,Jarosik,,Syracuse,c,8,3,0,,0,,,,,,,,,,,,,,,,,,,,,,,,6,3,0,,,,
SZRHGMK,1915,New York State League,1915-05-14,0,regular,Rawley,,Syracuse,p,9,3,0,,0,,,,,,,,,,,,,,7.1,,,,9,3,3,1,2,,0,2,1,,,,
SZRHGMK,1915,New York State League,1915-05-14,0,regular,TOTALS,,Syracuse,,,31,6,3,7,,,,,,,,,,,,2,,,,,,,,,,,,27,16,3,,,,
SZRHGMK,1915,New York State League,1915-05-14,0,regular,Gough,,Troy,rf,1,4,1,,1,1,,,,,,,,,,,,,,,,,,,,,,,2,0,0,,,,
SZRHGMK,1915,New York State League,1915-05-14,0,regular,Buckles,,Troy,p,10,3,0,,2,,1,,,,,,1,,,,,,,,,,,3,3,,,,0,2,0,,,,
SZRHGMK,1915,New York State League,1915-05-14,0,regular,Genest,,Troy,cf,2,5,0,,1,,,,,,,,,,1,,,,,,,,,,,,,,3,0,0,,,,
SZRHGMK,1915,New York State League,1915-05-14,0,regular,Reed,,Troy,3b,3,4,0,,1,,,,,,,,,,,,,,,,,,,,,,,,1,2,0,,,,
SZRHGMK,1915,New York State League,1915-05-14,0,regular,Cook,,Troy,ss-2b,4,4,1,,0,,,,,,,,,,1,,,,,,,,,,,,,,7,1,1,1,,,
SZRHGMK,1915,New York State League,1915-05-14,0,regular,Bruggy,,Troy,1b,5,5,1,,1,,,,,,,,,,,,,,,,,,,,,,,,8,0,0,1,,,
SZRHGMK,1915,New York State League,1915-05-14,0,regular,Meara,,Troy,lf,6,3,2,,1,,,,,,,,1,,,,,,,,,,,,,,,,1,0,0,,,,
SZRHGMK,1915,New York State League,1915-05-14,0,regular,Tamsett,,Troy,ss,7,2,0,,1,,,,,,,1,,,1,,,,,,,,,,,,,,0,3,0,,,,
SZRHGMK,1915,New York State League,1915-05-14,0,regular,Winter,,Troy,2b,8,1,1,,1,,,,,,,,,,,,,,,,,,,,,,,,2,0,0,,,,
SZRHGMK,1915,New York State League,1915-05-14,0,regular,Fitzgerald,,Troy,c,9,4,1,,1,,,,,,,,,,,,,,,,,,,,,,,,3,2,0,1,,,
SZRHGMK,1915,New York State League,1915-05-14,0,regular,TOTALS,,Troy,,,35,7,3,10,,,,,,,,,,,,2,,,,,,,,,,,,27,10,1,,,,
YGWYFSX,1915,New York State League,1915-05-14,0,regular,Hunter,,Elmira,rf,1,5,0,,0,,,,,,,,,,,,,,,,,,,,,,,,1,0,0,,,,
YGWYFSX,1915,New York State League,1915-05-14,0,regular,Conroy,,Elmira,3b,2,3,1,,0,,,,,,,,,,1,,,,,,,,,,,,,,1,4,1,,,,
YGWYFSX,1915,New York State League,1915-05-14,0,regular,Ward,,Elmira,1b,3,3,1,,1,,,,,,,,1,,,,,,,,,,,,,,,,7,0,0,,,,
YGWYFSX,1915,New York State League,1915-05-14,0,regular,Meusel,,Elmira,lf,4,4,1,,1,,1,,,,,,1,,1,,,,,,,,,,,,,,0,0,0,,,,
YGWYFSX,1915,New York State League,1915-05-14,0,regular,Johnson,,Elmira,ss,5,2,1,,2,1,,,,,,,,,1,,,,,,,,,,,,,,5,1,1,,,,
YGWYFSX,1915,New York State League,1915-05-14,0,regular,Sullivan,,Elmira,cf,6,3,0,,0,,,,,,,,1,,,,,,,,,,,,,,,,1,0,0,,,,
YGWYFSX,1915,New York State League,1915-05-14,0,regular,Loudy,,Elmira,2b,7,4,0,,2,,,,,,,,,,,,,,,,,,,,,,,,4,1,0,,,,
YGWYFSX,1915,New York State League,1915-05-14,0,regular,Ritter,,Elmira,c,8,4,0,,1,,,,,,,,,,,,,,,,,,,,,,,,7,2,0,,,,
YGWYFSX,1915,New York State League,1915-05-14,0,regular,Caporel,,Elmira,p,9,4,0,,1,,,,,,,,,,1,,,,,,,,,1,4,,,,1,3,0,,,,
YGWYFSX,1915,New York State League,1915-05-14,0,regular,TOTALS,,Elmira,,,32,4,,8,,,,,,,,,,,,9,3,,,,,,,,,,,27,11,2,,,,
YGWYFSX,1915,New York State League,1915-05-14,0,regular,Prieste,,Wilkes-Barre,2b,1,4,0,,0,,,,,,,,,,,,,,,,,,,,,,,,4,0,0,,,,
YGWYFSX,1915,New York State League,1915-05-14,0,regular,McGinley,,Wilkes-Barre,1b,10,3,0,,0,,,,,,,,,,,,,,,,,,,,,,,,7,1,1,,,,
YGWYFSX,1915,New York State League,1915-05-14,0,regular,Brown,,Wilkes-Barre,rf,2,4,0,,1,1,,,,,,,,,,,,,,,,,,,,,,,1,0,1,,,,
YGWYFSX,1915,New York State League,1915-05-14,0,regular,Hoffman,,Wilkes-Barre,cf,3,4,0,,0,,,,,,,,,,,,,,,,,,,,,,,,1,0,0,,,,
YGWYFSX,1915,New York State League,1915-05-14,0,regular,O'Rourke,,Wilkes-Barre,ss,4,4,0,,1,,,,,,,,,,,,,,,,,,,,,,,,2,4,2,,,,
YGWYFSX,1915,New York State League,1915-05-14,0,regular,DeGroff,,Wilkes-Barre,lf,5,2,0,,0,,,,,,,,,,,,,,,,,,,,,,,,2,0,0,,,,
YGWYFSX,1915,New York State League,1915-05-14,0,regular,Giddo,,Wilkes-Barre,1b-c,6,3,0,,0,,,,,,,,,,,,,,,,,,,,,,,,6,2,0,,,,
YGWYFSX,1915,New York State League,1915-05-14,0,regular,Burke,,Wilkes-Barre,3b,7,3,0,,0,,,,,,,,,,,,,,,,,,,,,,,,1,4,1,,,,
YGWYFSX,1915,New York State League,1915-05-14,0,regular,Briger,,Wilkes-Barre,c,8,3,0,,0,,,,,,,,,,,,,,,,,,,,,,,,2,0,0,,,,
YGWYFSX,1915,New York State League,1915-05-14,0,regular,Meyers,,Wilkes-Barre,p,9,3,0,,1,,,,,,,,,,,,,,,,,,,5,3,,,,1,6,0,,,,
YGWYFSX,1915,New York State League,1915-05-14,0,regular,TOTALS,,Wilkes-Barre,,,33,0,,3,,,,,,,,,,,,7,2,,,,,,,,,,,27,17,5,,,,
TXGLJRJ,1915,New York State League,1915-05-15,0,regular,Matteson,,Troy,p,1,,,,,,,,,,,,,,,,,,,,,,,,,,,,,,,,,,
TXGLJRJ,1915,New York State League,1915-05-15,0,regular,Fitzgerald,,Troy,c,2,,,,,,,,,,,,,,,,,,,,,,,,,,,,,,,,,,
TXGLJRJ,1915,New York State League,1915-05-15,0,regular,TOTALS,,Troy,,,,13,,,,,,,,,,,,,,,,,,,,,,,,,,,,,,,,
TXGLJRJ,1915,New York State League,1915-05-15,0,regular,Graham,,Utica,p,1,,,,,,,,,,,,,,,,,,,,,,,,,,,,,,,,,,
TXGLJRJ,1915,New York State League,1915-05-15,0,regular,Ahles,,Utica,c,2,,,,,,,,,,,,,,,,,,,,,,,,,,,,,,,,,,
TXGLJRJ,1915,New York State League,1915-05-15,0,regular,TOTALS,,Utica,,,,3,,,,,,,,,,,,,,,,,,,,,,,,,,,,,,,,
ZBZYBCN,1915,New York State League,1915-05-15,0,regular,Jacobs,,Albany,p,1,,,,,,,,,,,,,,,,,,,,,,,,,,,,,,,,,,
ZBZYBCN,1915,New York State League,1915-05-15,0,regular,Clougher,,Albany,c,2,,,,,,,,,,,,,,,,,,,,,,,,,,,,,,,,,,
ZBZYBCN,1915,New York State League,1915-05-15,0,regular,TOTALS,,Albany,,,,3,,,,,,,,,,,,,,,,,,,,,,,,,,,,,,,,
ZBZYBCN,1915,New York State League,1915-05-15,0,regular,Meehan,,Syracuse,p,1,,,,,,,,,,,,,,,,,,,,,,,,,,,,,,,,,,
ZBZYBCN,1915,New York State League,1915-05-15,0,regular,Smith,,Syracuse,c,2,,,,,,,,,,,,,,,,,,,,,,,,,,,,,,,,,,
ZBZYBCN,1915,New York State League,1915-05-15,0,regular,TOTALS,,Syracuse,,,,4,,,,,,,,,,,,,,,,,,,,,,,,,,,,,,,,
ZXTPCQV,1915,New York State League,1915-05-15,0,regular,Hunter,,Elmira,rf,1,2,1,,0,,,,,,,,,,,,,,,,,,,,,,,,0,0,0,,,,
ZXTPCQV,1915,New York State League,1915-05-15,0,regular,Nagle,,Elmira,p,10,1,0,,0,,,,,,,,1,,,,,,4.1,,,,10,3,,,,,0,3,0,,,,
ZXTPCQV,1915,New York State League,1915-05-15,0,regular,Desseau,,Elmira,p,11,1,0,,0,,,,,,,,,,,,,,3.2,,,,1,1,1,,,,1,1,0,1,,,
ZXTPCQV,1915,New York State League,1915-05-15,0,regular,Conroy,,Elmira,rf-3b,2,3,0,,0,,,,,,,,1,,,,,,,,,,,,,,,,2,0,0,,,,
ZXTPCQV,1915,New York State League,1915-05-15,0,regular,Ward,,Elmira,1b,3,4,0,,1,,,,,,,,,,,,,,,,,,,,,,,,10,2,0,1,,,
ZXTPCQV,1915,New York State League,1915-05-15,0,regular,Meusel,,Elmira,lf,4,4,0,,2,,,,,,,,,,,,,,,,,,,,,,,,2,1,0,,,,
ZXTPCQV,1915,New York State League,1915-05-15,0,regular,Johnson,,Elmira,ss,5,4,0,,0,,,,,,,,,,,,,,,,,,,,,,,,0,2,0,,,,
ZXTPCQV,1915,New York State League,1915-05-15,0,regular,Catiz,,Elmira,3b,6,3,0,,0,,,,,,,,,,,,,,,,,,,,,,,,3,0,0,,,,
ZXTPCQV,1915,New York State League,1915-05-15,0,regular,Sullivan,,Elmira,cf,7,1,0,,0,,,,,,,,,,,,,,,,,,,,,,,,0,0,0,,,,
ZXTPCQV,1915,New York State League,1915-05-15,0,regular,Loudy,,Elmira,2b,8,3,0,,0,,,,,,,,,,,,,,,,,,,,,,,,4,4,0,,,,
ZXTPCQV,1915,New York State League,1915-05-15,0,regular,Bemis,,Elmira,c,9,3,0,,0,,,,,,,,,,,,,,,,,,,,,,,,2,1,0,1,,,
ZXTPCQV,1915,New York State League,1915-05-15,0,regular,TOTALS,,Elmira,,,29,1,,3,,,,,,,,,,,,5,2,,,,,,,,,,,24,14,0,,,,
ZXTPCQV,1915,New York State League,1915-05-15,0,regular,Murray,,Scranton,3b,1,5,1,,3,1,,,,,,,,,,,,,,,,,,,,,,,1,3,0,,,,
ZXTPCQV,1915,New York State League,1915-05-15,0,regular,Duchesnil,,Scranton,p,10,3,0,,1,1,,,,,,,,,,,,,,,,,,2,2,,,,0,4,0,,,,
ZXTPCQV,1915,New York State League,1915-05-15,0,regular,Hartman,,Scranton,ss,2,2,0,,0,,,,,,,,2,,,,,,,,,,,,,,,,2,4,0,,,,
ZXTPCQV,1915,New York State League,1915-05-15,0,regular,Corcoran,,Scranton,lf,3,4,1,,2,,1,,,,,,,,,,,,,,,,,,,,,,1,0,0,,,,
ZXTPCQV,1915,New York State League,1915-05-15,0,regular,Mullen,,Scranton,2b,4,4,0,,1,,,,,,,,,,,,,,,,,,,,,,,,4,1,1,,,,
ZXTPCQV,1915,New York State League,1915-05-15,0,regular,Coughlin,,Scranton,pr,5,0,1,,0,,,,,,,,,,,,,,,,,,,,,,,,0,0,0,,,,
ZXTPCQV,1915,New York State League,1915-05-15,0,regular,Slattery,,Scranton,1b,6,2,1,,0,,,,,,,,,,,,,,,,,,,,,,,,12,0,1,,,,
ZXTPCQV,1915,New York State League,1915-05-15,0,regular,Maisel,,Scranton,cf,7,3,1,,2,,,,,,,,1,,1,,,,,,,,,,,,,,5,0,0,,,,
ZXTPCQV,1915,New York State League,1915-05-15,0,regular,Strait,,Scranton,rf,8,3,0,,1,,,,,,,,1,,1,,,,,,,,,,,,,,0,0,0,,,,
ZXTPCQV,1915,New York State League,1915-05-15,0,regular,Miller,,Scranton,c,9,2,0,,1,,,,,,,,,,,,,,,,,,,,,,,,2,2,0,,,,
ZXTPCQV,1915,New York State League,1915-05-15,0,regular,TOTALS,,Scranton,,,28,5,,11,,,,,,,,,,,,7,,,,,,,,,,,,27,1,2,,,,
XRCNTKX,1915,New York State League,1915-05-15,1,regular,Powers,,Binghamton,p,1,,,,,,,,,,,,,,,,,,,,,,,,,,,,,,,,,,
XRCNTKX,1915,New York State League,1915-05-15,1,regular,Murphy,,Binghamton,c,2,,,,,,,,,,,,,,,,,,,,,,,,,,,,,,,,,,
XRCNTKX,1915,New York State League,1915-05-15,1,regular,TOTALS,,Binghamton,,,,3,,,,,,,,,,,,,,,,,,,,,,,,,,,,,,,,
XRCNTKX,1915,New York State League,1915-05-15,1,regular,McGinley,,Wilkes-Barre,p,1,,,,,,,,,,,,,,,,,,,,,,,,,,,,,,,,,,
XRCNTKX,1915,New York State League,1915-05-15,1,regular,Rogers,,Wilkes-Barre,c,2,,,,,,,,,,,,,,,,,,,,,,,,,,,,,,,,,,
XRCNTKX,1915,New York State League,1915-05-15,1,regular,TOTALS,,Wilkes-Barre,,,,4,,,,,,,,,,,,,,,,,,,,,,,,,,,,,,,,
SBJZBJX,1915,New York State League,1915-05-15,2,regular,Rapp,,Binghamton,p,1,,,,,,,,,,,,,,,,,,,,,,,,,,,,,,,,,,
SBJZBJX,1915,New York State League,1915-05-15,2,regular,Murphy,,Binghamton,c,2,,,,,,,,,,,,,,,,,,,,,,,,,,,,,,,,,,
SBJZBJX,1915,New York State League,1915-05-15,2,regular,TOTALS,,Binghamton,,,,2,,,,,,,,,,,,,,,,,,,,,,,,,,,,,,,,
SBJZBJX,1915,New York State League,1915-05-15,2,regular,Berretski,,Wilkes-Barre,p,1,,,,,,,,,,,,,,,,,,,,,,,,,,,,,,,,,,
SBJZBJX,1915,New York State League,1915-05-15,2,regular,Rogers,,Wilkes-Barre,c,2,,,,,,,,,,,,,,,,,,,,,,,,,,,,,,,,,,
SBJZBJX,1915,New York State League,1915-05-15,2,regular,TOTALS,,Wilkes-Barre,,,,6,,,,,,,,,,,,,,,,,,,,,,,,,,,,,,,,
DMJFLKR,1915,New York State League,1915-05-18,0,regular,Murray,,Scranton,3b,1,2,0,,1,,,,,,,,,,,,,,,,,,,,,,,,1,1,0,,,,
DMJFLKR,1915,New York State League,1915-05-18,0,regular,Hartman,,Scranton,ss,2,2,1,,0,,,,,,,,1,,1,,,,,,,,,,,,,,0,4,0,1,,,
DMJFLKR,1915,New York State League,1915-05-18,0,regular,Corcoran,,Scranton,lf,3,4,0,,1,,,,,,,,,,1,,,,,,,,,,,,,,3,1,0,1,,,
DMJFLKR,1915,New York State League,1915-05-18,0,regular,Mullen,,Scranton,2b,4,3,0,,0,,,,,,,,,1,,,,,,,,,,,,,,,1,4,1,1,,,
DMJFLKR,1915,New York State League,1915-05-18,0,regular,Slattery,,Scranton,1b,5,3,0,,0,,,,,,,,,,,,,,,,,,,,,,,,13,1,0,2,,,
DMJFLKR,1915,New York State League,1915-05-18,0,regular,Maisel,,Scranton,cf,6,4,0,,0,,,,,,,,,,,,,,,,,,,,,,,,1,0,1,,,,
DMJFLKR,1915,New York State League,1915-05-18,0,regular,Strait,,Scranton,rf,7,1,0,,0,,,,,,,,,,,,,,,,,,,,,,,,1,0,0,,,,
DMJFLKR,1915,New York State League,1915-05-18,0,regular,Miller,,Scranton,c,8,3,0,,0,,,,,,,,,,,,,,,,,,,,,,,,5,0,0,,,1,
DMJFLKR,1915,New York State League,1915-05-18,0,regular,Higgins,,Scranton,p,9,3,0,,0,,,,,,,,,,,,,,,,,,,2,4,,,,1,4,0,1,,,
DMJFLKR,1915,New York State League,1915-05-18,0,regular,TOTALS,,Scranton,,,25,1,,2,,,,,,,,,,,,5,,,,,,,,,,,,27,15,2,,,,
DMJFLKR,1915,New York State League,1915-05-18,0,regular,Prieste,,Wilkes-Barre,2b,1,3,1,,0,,,,,,,,,,1,,,,,,,,,,,,,,6,4,0,1,,,
DMJFLKR,1915,New York State League,1915-05-18,0,regular,Brown,,Wilkes-Barre,rf,2,4,0,,2,,,,,,,,,,,,,,,,,,,,,,,,0,0,0,,,,
DMJFLKR,1915,New York State League,1915-05-18,0,regular,Hoffman,,Wilkes-Barre,cf,3,3,0,,0,,,,,,,,,,,,,,,,,,,,,,,,3,0,0,,,,
DMJFLKR,1915,New York State League,1915-05-18,0,regular,O'Rourke,,Wilkes-Barre,ss,4,3,1,,0,,,,,,,,,,,,,,,,,,,,,,,,1,4,0,1,,,
DMJFLKR,1915,New York State League,1915-05-18,0,regular,DeGroff,,Wilkes-Barre,lf,5,3,0,,1,,,,,,,,1,,,,,,,,,,,,,,,,1,0,0,,,,
DMJFLKR,1915,New York State League,1915-05-18,0,regular,Giddo,,Wilkes-Barre,1b,6,4,0,,1,,,,,,,,,,,,,,,,,,,,,,,,12,0,0,1,,,
DMJFLKR,1915,New York State League,1915-05-18,0,regular,Burke,,Wilkes-Barre,3b,7,4,0,,1,,,,,,,,,,,,,,,,,,,,,,,,1,2,0,,,,
DMJFLKR,1915,New York State League,1915-05-18,0,regular,Rogers,,Wilkes-Barre,c,8,4,0,,0,,,,,,,,,,,,,,,,,,,,,,,,3,0,0,,,,
DMJFLKR,1915,New York State League,1915-05-18,0,regular,Phillips,,Wilkes-Barre,p,9,3,0,,1,,,,,,,,,,,,,,,,,,,6,2,,1,,0,4,0,,,,
DMJFLKR,1915,New York State League,1915-05-18,0,regular,TOTALS,,Wilkes-Barre,,,31,2,,6,,,,,,,,,,,,6,,,,,,,,,,,,27,14,0,,,,
FVMFRTL,1915,New York State League,1915-05-18,0,regular,Hunter,,Elmira,rf,1,3,1,,1,,,,,,,,1,,1,,,,,,,,,,,,,,1,0,0,,,,
FVMFRTL,1915,New York State League,1915-05-18,0,regular,Conroy,,Elmira,cf,2,3,0,,0,,,,,,,1,1,,,,,,,,,,,,,,,,1,0,0,,,,
FVMFRTL,1915,New York State League,1915-05-18,0,regular,Ward,,Elmira,1b,3,5,1,,2,,,1,,,,,,,,,,,,,,,,,,,,,5,1,2,,,,
FVMFRTL,1915,New York State League,1915-05-18,0,regular,Johnson,,Elmira,ss,4,2,0,,0,,,,,,,,1,,,,,,,,,,,,,,,,1,3,0,,,,
FVMFRTL,1915,New York State League,1915-05-18,0,regular,Catiz,,Elmira,3b,5,3,1,,1,,,,,,,,1,,1,,,,,,,,,,,,,,3,1,1,,,,
FVMFRTL,1915,New York State League,1915-05-18,0,regular,Loudy,,Elmira,2b,6,3,1,,0,,,,,,,,,,1,,,,,,,,,,,,,,4,2,0,,,,
FVMFRTL,1915,New York State League,1915-05-18,0,regular,Sullivan,,Elmira,lf,7,4,2,,3,,,1,,,,,,,,,,,,,,,,,,,,,4,0,0,,,,
FVMFRTL,1915,New York State League,1915-05-18,0,regular,Bemis,,Elmira,c,8,4,0,,2,1,,,,,,,,,,,,,,,,,,,,,,,7,0,0,,,,
FVMFRTL,1915,New York State League,1915-05-18,0,regular,Doyle,,Elmira,p,9,2,0,,1,,,,,,,,1,,,,,,,,,,,1,7,,,,1,2,0,,,,
FVMFRTL,1915,New York State League,1915-05-18,0,regular,TOTALS,,Elmira,,,29,6,2,10,,,,,,,,,,,,7,,,,,,,,,,,,27,9,3,,,,
FVMFRTL,1915,New York State League,1915-05-18,0,regular,Kroy,,Utica,rf,1,5,1,,1,,,,,,,,,,,,,,,,,,,,,,,,2,0,0,,,,
FVMFRTL,1915,New York State League,1915-05-18,0,regular,Sherry,,Utica,p,10,2,0,,0,,,,,,,,,,,,,,6,,,,6,3,3,1,,,0,7,0,1,,,
FVMFRTL,1915,New York State League,1915-05-18,0,regular,McDonough,,Utica,ph,11,1,0,,0,,,,,,,,,,,,,,,,,,,,,,,,0,0,0,,,,
FVMFRTL,1915,New York State League,1915-05-18,0,regular,Evans,,Utica,3b,2,4,0,,0,,,,,,,,,,,,,,,,,,,,,,,,2,3,1,1,,,
FVMFRTL,1915,New York State League,1915-05-18,0,regular,Reichle,,Utica,cf,3,4,1,,1,,,,,,,,,,,,,,,,,,,,,,,,1,0,0,,,,
FVMFRTL,1915,New York State League,1915-05-18,0,regular,Wagner,,Utica,lf,4,3,1,,2,,,1,,,,,,,,,,,,,,,,,,,,,2,0,0,,,,
FVMFRTL,1915,New York State League,1915-05-18,0,regular,Cranston,,Utica,2b,5,4,1,,2,1,,,,,,,,,,,,,,,,,,,,,,,1,2,0,2,,,
FVMFRTL,1915,New York State League,1915-05-18,0,regular,Walsh,,Utica,1b,6,4,1,,1,1,,,,,,,,,,,,,,,,,,,,,,,11,0,0,2,,,
FVMFRTL,1915,New York State League,1915-05-18,0,regular,O'Neill,,Utica,ss,7,4,0,,0,,,,,,,,,,,,,,,,,,,,,,,,1,2,0,,,,
FVMFRTL,1915,New York State League,1915-05-18,0,regular,Ahearn,,Utica,c,8,4,0,,0,,,,,,,,,,,,,,,,,,,,,,,,4,0,0,,,,
FVMFRTL,1915,New York State League,1915-05-18,0,regular,Oberlin,,Utica,p,9,1,0,,1,,,,,,,,,,,,,,2,,,,4,1,1,,,,0,0,0,,,,
FVMFRTL,1915,New York State League,1915-05-18,0,regular,TOTALS,,Utica,,,36,5,2,8,,,,,,,,,,,,3,,,,,,,,,,,,24,14,1,,,,
LRSDQWH,1915,New York State League,1915-05-18,0,regular,Kennedy,,Binghamton,cf,1,5,0,,0,,,,,,,,,,,,,,,,,,,,,,,,5,0,0,,,,
LRSDQWH,1915,New York State League,1915-05-18,0,regular,Irving,,Binghamton,lf,2,5,1,,1,,,,,,,,,,,,,,,,,,,,,,,,2,0,0,,,,
LRSDQWH,1915,New York State League,1915-05-18,0,regular,Curry,,Binghamton,2b,3,2,0,,1,,,,,,,,1,,,,,,,,,,,,,,,,2,5,0,,,,
LRSDQWH,1915,New York State League,1915-05-18,0,regular,Kay,,Binghamton,rf,4,4,1,,1,,1,,,,,,,,,,,,,,,,,,,,,,2,0,0,,,,
LRSDQWH,1915,New York State League,1915-05-18,0,regular,Pepe,,Binghamton,ss,5,3,0,,1,,,,,,,,,1,,,,,,,,,,,,,,,4,1,1,,,,
LRSDQWH,1915,New York State League,1915-05-18,0,regular,Gonzales,,Binghamton,3b,6,4,2,,2,2,,,,,,,,,,,,,,,,,,,,,,,0,1,0,,,,
LRSDQWH,1915,New York State League,1915-05-18,0,regular,Calhoun,,Binghamton,1b,7,4,0,,0,,,,,,,,,,,,,,,,,,,,,,,,8,1,0,,,,
LRSDQWH,1915,New York State League,1915-05-18,0,regular,Peterson,,Binghamton,c,8,4,0,,3,,,,,,,,,,,,,,,,,,,,,,,,8,2,0,,,1,
LRSDQWH,1915,New York State League,1915-05-18,0,regular,Harned,,Binghamton,c,9,3,0,,2,,,,,,,,1,,,,,,,,,,,1,2,1,,,1,1,0,,,,
LRSDQWH,1915,New York State League,1915-05-18,0,regular,TOTALS,,Binghamton,,,34,4,3,11,,,,,,,,,,,,,3,,,,,,,,,,,27,11,1,,,,
LRSDQWH,1915,New York State League,1915-05-18,0,regular,McConnell,,Syracuse,2b,1,4,0,,2,,,,,,,,,,,,,,,,,,,,,,,,0,3,0,,,,
LRSDQWH,1915,New York State League,1915-05-18,0,regular,Snell,,Syracuse,ph,10,1,0,,0,,,,,,,,,,,,,,,,,,,,,,,,0,0,0,,,,
LRSDQWH,1915,New York State League,1915-05-18,0,regular,O'Neill,,Syracuse,lf,2,4,0,,0,,,,,,,,,,,,,,,,,,,,,,,,2,0,1,,,,
LRSDQWH,1915,New York State League,1915-05-18,0,regular,Russell,,Syracuse,1b,3,3,1,,1,,,,,,,1,,,,,,,,,,,,,,,,,0,0,2,,,,
LRSDQWH,1915,New York State League,1915-05-18,0,regular,Deininger,,Syracuse,rf,4,3,1,,1,,,,,,,,,,,,,,,,,,,,,,,,3,0,0,,,,
LRSDQWH,1915,New York State League,1915-05-18,0,regular,Riley,,Syracuse,cf,5,4,0,,1,,,,,,,,,,,,,,,,,,,,,,,,3,0,0,,,,
LRSDQWH,1915,New York State League,1915-05-18,0,regular,Burrell,,Syracuse,3b,6,3,0,,0,,,,,,,,,1,,,,,,,,,,,,,,,0,1,1,,,,
LRSDQWH,1915,New York State League,1915-05-18,0,regular,Moseley,,Syracuse,ss,7,4,0,,1,,,,,,,,,,,,,,,,,,,,,,,,1,1,0,,,,
LRSDQWH,1915,New York State League,1915-05-18,0,regular,Smith,,Syracuse,c,8,4,0,,1,,,,,,,,,,,,,,,,,,,,,,,,6,2,0,,,,
LRSDQWH,1915,New York State League,1915-05-18,0,regular,Friel,,Syracuse,p,9,3,0,,0,,,,,,,,,,,,,,,,,,,1,5,,,,0,1,0,,,,
LRSDQWH,1915,New York State League,1915-05-18,0,regular,TOTALS,,Syracuse,,,33,2,1,7,,,,,,,,,,,,,1,,,,,,,,,,,27,8,4,,,,
QRQNBCG,1915,New York State League,1915-05-18,0,regular,Oakes,,Albany,lf,1,5,0,,0,,,,,,,,,,,,,,,,,,,,,,,,1,1,0,,1,,
QRQNBCG,1915,New York State League,1915-05-18,0,regular,O'Connor,,Albany,c,10,1,0,,1,,,,,,,,,,,,,,,,,,,,,,,,0,0,0,,,,
QRQNBCG,1915,New York State League,1915-05-18,0,regular,Brackett,,Albany,cf,2,3,2,,0,,,,,,,1,,,1,,,,,,,,,,,,,,2,0,0,,,,
QRQNBCG,1915,New York State League,1915-05-18,0,regular,O'Rourke,,Albany,2b,3,3,0,,0,,,,,,,,,,,,,,,,,,,,,,,,2,2,0,1,,,
QRQNBCG,1915,New York State League,1915-05-18,0,regular,Durgin,,Albany,1b,4,4,0,,3,1,,,,,,,,,,,,,,,,,,,,,,,13,1,0,1,1,,
QRQNBCG,1915,New York State League,1915-05-18,0,regular,Meyer,,Albany,rf,5,4,0,,1,,,,,,,,,,,,,,,,,,,,,,,,1,0,0,,,,
QRQNBCG,1915,New York State League,1915-05-18,0,regular,Gillespie,,Albany,3b,6,4,1,,2,1,,,,,,,,,,,,,,,,,,,,,,,2,0,0,,1,,
QRQNBCG,1915,New York State League,1915-05-18,0,regular,Baxter,,Albany,ss,7,3,0,,0,,,,,,,,1,,,,,,,,,,,,,,,,0,5,1,1,,,
QRQNBCG,1915,New York State League,1915-05-18,0,regular,Nagle,,Albany,c,8,1,0,,0,,,,,,,1,,,1,,,,,,,,,,,,,,3,1,0,,,,
QRQNBCG,1915,New York State League,1915-05-18,0,regular,Gaiser,,Albany,p,9,4,0,,0,,,,,,,,,,,,,,,,,,,,4,,2,,0,2,0,,,,
QRQNBCG,1915,New York State League,1915-05-18,0,regular,TOTALS,,Albany,,,32,3,,7,,,,,,,,,,,,2,,,,,,,,,,,,24,12,1,,,,
QRQNBCG,1915,New York State League,1915-05-18,0,regular,Gough,,Troy,rf,1,2,0,,2,,,,,,,,,,,,,,,,,,,,,,,,2,0,0,,,,
QRQNBCG,1915,New York State League,1915-05-18,0,regular,Genest,,Troy,cf,2,3,0,,1,,,,,,,,,,,,,,,,,,,,,,,,3,0,0,,,,
QRQNBCG,1915,New York State League,1915-05-18,0,regular,Reed,,Troy,3b,3,4,0,,0,,,,,,,,,,,,,,,,,,,,,,,,0,1,0,,,,
QRQNBCG,1915,New York State League,1915-05-18,0,regular,Cook,,Troy,2b,4,4,1,,1,1,,,,,,,,,,,,,,,,,,,,,,,1,2,1,1,,,
QRQNBCG,1915,New York State League,1915-05-18,0,regular,Bruggy,,Troy,1b,5,4,1,,2,,,,,,,,,,,,,,,,,,,,,,,,10,1,0,1,,,
QRQNBCG,1915,New York State League,1915-05-18,0,regular,Meara,,Troy,lf,6,4,1,,1,,1,,,,,,,,,,,,,,,,,,,,,,4,0,0,,,,
QRQNBCG,1915,New York State League,1915-05-18,0,regular,Tamsett,,Troy,ss,7,4,1,,1,,,,,,,,,,,,,,,,,,,,,,,,2,3,1,1,,,
QRQNBCG,1915,New York State League,1915-05-18,0,regular,Fitzgerald,,Troy,c,8,4,0,,1,,,,,,,,,,,,,,,,,,,,,,,,5,0,0,,,,
QRQNBCG,1915,New York State League,1915-05-18,0,regular,TOTALS,,Troy,,,32,4,,10,,,,,,,,,,,,1,,,,,,,,4,2,1,,27,13,2,,,,
CMLQWCP,1915,New York State League,1915-05-19,0,regular,Oakes,,Albany,lf,1,4,0,,1,,,,,,,,,,,,,,,,,,,,,,,,3,0,0,,,,
CMLQWCP,1915,New York State League,1915-05-19,0,regular,Brackett,,Albany,cf,2,3,1,,1,,,,,,,,1,,,,,,,,,,,,,,,,1,0,0,,,,
CMLQWCP,1915,New York State League,1915-05-19,0,regular,O'Rourke,,Albany,2b,3,2,1,,1,,,,,,,,1,,1,,,,,,,,,,,,,,2,2,0,,,,
CMLQWCP,1915,New York State League,1915-05-19,0,regular,Durgin,,Albany,1b,4,3,1,,1,,1,,,,,,,,,,,,,,,,,,,,,,12,0,0,,,,
CMLQWCP,1915,New York State League,1915-05-19,0,regular,Meyer,,Albany,rf,5,3,0,,1,,,,,,,,1,,1,,,,,,,,,,,,,,1,0,0,,,,
CMLQWCP,1915,New York State League,1915-05-19,0,regular,Gillespie,,Albany,3b,6,4,0,,1,,,,,,,,,,,,,,,,,,,,,,,,0,2,0,,,,
CMLQWCP,1915,New York State League,1915-05-19,0,regular,Baxter,,Albany,ss,7,3,1,,2,,,,,,,,,,,,,,,,,,,,,,,,1,3,0,,,,
CMLQWCP,1915,New York State League,1915-05-19,0,regular,Clougher,,Albany,c,8,2,0,,0,,,,,,,,1,,,,,,,,,,,,,,,,7,0,0,,,,
CMLQWCP,1915,New York State League,1915-05-19,0,regular,Friel,,Albany,p,9,3,0,,1,,,,,,,,,,,,,,,,,,,4,7,,,,0,4,0,,,,
CMLQWCP,1915,New York State League,1915-05-19,0,regular,TOTALS,,Albany,,,32,3,3,7,,,,,,,,,,,,5,1,,,,,,,,,,,24,12,1,,,,
CMLQWCP,1915,New York State League,1915-05-19,0,regular,Gough,,Troy,rf,1,2,0,,1,1,,,,,,,,,,,,,,,,,,,,,,,1,0,0,,,,
CMLQWCP,1915,New York State League,1915-05-19,0,regular,Matteson,,Troy,p,10,0,0,,0,,,,,,,,,,,,,,1,,,,1,1,,,,,0,0,0,,,,
CMLQWCP,1915,New York State League,1915-05-19,0,regular,Tracey,,Troy,ph,11,1,0,,0,,,,,,,,,,,,,,,,,,,,,,,,0,0,0,,,,
CMLQWCP,1915,New York State League,1915-05-19,0,regular,Genest,,Troy,cf,2,2,0,,0,,,,,,,,,,,,,,,,,,,,,,,,2,1,0,1,,,
CMLQWCP,1915,New York State League,1915-05-19,0,regular,Reed,,Troy,3b,3,3,0,,0,,,,,,,,1,,,,,,,,,,,,,,,,2,1,0,,,,
CMLQWCP,1915,New York State League,1915-05-19,0,regular,Cook,,Troy,2b,4,4,0,,0,,,,,,,,,,,,,,,,,,,,,,,,4,5,1,,,,
CMLQWCP,1915,New York State League,1915-05-19,0,regular,Bruggy,,Troy,1b,5,4,0,,1,,,,,,,,,,,,,,,,,,,,,,,,9,0,0,,,,
CMLQWCP,1915,New York State League,1915-05-19,0,regular,Meara,,Troy,lf,6,3,0,,0,,,,,,,,,,,,,,,,,,,,,,,,0,0,0,,,,
CMLQWCP,1915,New York State League,1915-05-19,0,regular,Tamsett,,Troy,ss,7,3,0,,0,,,,,,,,,,,,,,,,,,,,,,,,4,2,0,1,,,
CMLQWCP,1915,New York State League,1915-05-19,0,regular,McGrath,,Troy,c,8,3,0,,0,,,,,,,,,,,,,,,,,,,,,,,,2,3,0,,,,
CMLQWCP,1915,New York State League,1915-05-19,0,regular,Owens,,Troy,p,9,2,0,,0,,,,,,,,,,,,,,7,,,,8,1,1,,,,0,3,0,,,,
CMLQWCP,1915,New York State League,1915-05-19,0,regular,TOTALS,,Troy,,,27,0,,2,,,,,,,,,,,,5,,,,,,,,,,,,24,15,1,,,,
DTTPTQF,1915,New York State League,1915-05-19,0,regular,Kennedy,,Binghamton,cf,1,5,1,,1,,1,,,,,,,,,,,,,,,,,,,,,,2,0,0,,,,
DTTPTQF,1915,New York State League,1915-05-19,0,regular,O'Connor,,Binghamton,p,10,0,0,,0,,,,,,,,,,,,,,,,,,2,1,,,,,0,0,0,,,,
DTTPTQF,1915,New York State League,1915-05-19,0,regular,Rapp,,Binghamton,p,11,2,0,,0,,,,,,,,2,,,,,,9,,,,4,,,2,,,1,2,0,,,,
DTTPTQF,1915,New York State League,1915-05-19,0,regular,Becker,,Binghamton,pr,12,0,1,,0,,,,,,,,,,,,,,,,,,,,,,,,0,0,0,,,,
DTTPTQF,1915,New York State League,1915-05-19,0,regular,Irving,,Binghamton,lf,2,4,2,,1,1,,,,,,,,,,,,,,,,,,,,,,,2,1,0,1,,,
DTTPTQF,1915,New York State League,1915-05-19,0,regular,Curry,,Binghamton,2b,3,5,1,,3,,1,,,,,,,,1,,,,,,,,,,,,,,2,4,0,,,,
DTTPTQF,1915,New York State League,1915-05-19,0,regular,Kay,,Binghamton,rf,4,4,1,,4,1,,,,,,,,,,,,,,,,,,,,,,,0,0,1,,,,
DTTPTQF,1915,New York State League,1915-05-19,0,regular,Pepe,,Binghamton,ss,5,4,0,,1,,,,,,,,,,,,,,,,,,,,,,,,4,3,1,,,,
DTTPTQF,1915,New York State League,1915-05-19,0,regular,Gonzales,,Binghamton,3b,6,4,1,,1,,1,,,,,,,,,,,,,,,,,,,,,,2,1,1,2,,,
DTTPTQF,1915,New York State League,1915-05-19,0,regular,Calhoun,,Binghamton,1b,7,4,0,,2,,,,,,,,,,,,,,,,,,,,,,,,9,1,0,2,,,
DTTPTQF,1915,New York State League,1915-05-19,0,regular,Murphy,,Binghamton,1b,8,1,0,,0,,,,,,,,,,,,,,,,,,,,,,,,1,0,0,,,,
DTTPTQF,1915,New York State League,1915-05-19,0,regular,Peterson,,Binghamton,c,9,3,1,,1,,,,,,,,1,,,,,,,,,,,,,,,,3,3,0,,,,
DTTPTQF,1915,New York State League,1915-05-19,0,regular,TOTALS,,Binghamton,,,36,8,7,14,,,,,,,,,,,,,2,,,,,,,,,,,26,15,3,,,,
DTTPTQF,1915,New York State League,1915-05-19,0,regular,McConnell,,Syracuse,2b,1,3,1,,0,,,,,,,,,,,,,,,,,,,,,,,,5,4,1,,,,
DTTPTQF,1915,New York State League,1915-05-19,0,regular,O'Neill,,Syracuse,lf,2,4,1,,1,1,,,,,,,,,,,,,,,,,,,,,,,2,0,0,,,,
DTTPTQF,1915,New York State League,1915-05-19,0,regular,Russell,,Syracuse,1b,3,3,0,,2,,,,,,,2,,,,,,,,,,,,,,,,,9,0,0,,,,
DTTPTQF,1915,New York State League,1915-05-19,0,regular,Deininger,,Syracuse,rf,4,3,0,,0,,,,,,,,1,,,,,,,,,,,,,,,,0,0,0,,,,
DTTPTQF,1915,New York State League,1915-05-19,0,regular,Riley,,Syracuse,cf,5,4,0,,2,,,,,,,,,,,,,,,,,,,,,,,,0,0,0,,,,
DTTPTQF,1915,New York State League,1915-05-19,0,regular,Smith,,Syracuse,3b,6,3,0,,0,,,,,,,,,,,,,,,,,,,,,,,,5,2,0,,,,
DTTPTQF,1915,New York State League,1915-05-19,0,regular,Mosley,,Syracuse,ss,7,3,0,,0,,,,,,,,,,,,,,,,,,,,,,,,1,2,1,,,,
DTTPTQF,1915,New York State League,1915-05-19,0,regular,Tyler,,Syracuse,c,8,3,0,,1,,,,,,,,,,1,,,,,,,,,,,,,,2,0,0,,,,
DTTPTQF,1915,New York State League,1915-05-19,0,regular,Hammersley,,Syracuse,p,9,3,0,,0,,,,,,,,,,,1.0,,,,,,,,3,,,,,0,3,1,,,,
DTTPTQF,1915,New York State League,1915-05-19,0,regular,TOTALS,,Syracuse,,,29,2,1,6,,,,,,,,,,,,,2,,,,,,,,,,,24,11,3,,,,
FKCZTQZ,1915,New York State League,1915-05-19,0,regular,Hunter,,Elmira,rf,1,2,1,,0,,,,,,,,,,,,,,,,,,,,,,,,1,1,0,,,,
FKCZTQZ,1915,New York State League,1915-05-19,0,regular,Swift,,Elmira,p,10,1,0,,0,,,,,,,,,,,,,,5,,,,5,3,1,,,,1,2,0,,,,
FKCZTQZ,1915,New York State League,1915-05-19,0,regular,Bemis,,Elmira,ph,11,1,0,,0,,,,,,,,,,,,,,,,,,,,,,,,0,0,0,,,,
FKCZTQZ,1915,New York State League,1915-05-19,0,regular,Conroy,,Elmira,cf,2,4,1,,1,,,,,,,,,,,,,,,,,,,,,,,,2,1,0,,,,
FKCZTQZ,1915,New York State League,1915-05-19,0,regular,Ward,,Elmira,1b,3,4,1,,1,,,,,,,,,,,,,,,,,,,,,,,,13,1,0,,,,
FKCZTQZ,1915,New York State League,1915-05-19,0,regular,Meusel,,Elmira,lf,4,4,1,,0,,,,,,,,,,,,,,,,,,,,,,,,1,0,0,,,,
FKCZTQZ,1915,New York State League,1915-05-19,0,regular,Johnson,,Elmira,ss,5,4,0,,0,,,,,,,,,,,,,,,,,,,,,,,,2,2,0,,,,
FKCZTQZ,1915,New York State League,1915-05-19,0,regular,Catiz,,Elmira,3b,6,3,0,,1,1,,,,,,,,1,,,,,,,,,,,,,,,1,2,0,,,,
FKCZTQZ,1915,New York State League,1915-05-19,0,regular,Loudy,,Elmira,2b,7,4,0,,1,,,,,,,,,,,,,,,,,,,,,,,,2,1,1,,,,
FKCZTQZ,1915,New York State League,1915-05-19,0,regular,Ritter,,Elmira,c,8,3,0,,0,,,,,,,,,,,,,,,,,,,,,,,,4,2,0,,,,
FKCZTQZ,1915,New York State League,1915-05-19,0,regular,Nicholson,,Elmira,p,9,1,0,,0,,,,,,,,,,,,,,4,,,,7,2,2,,,,0,3,1,,,,
FKCZTQZ,1915,New York State League,1915-05-19,0,regular,TOTALS,,Elmira,,,31,4,,4,,,,,,,,,,,,1,2,,,,,,,,,,,27,15,2,,,,
FKCZTQZ,1915,New York State League,1915-05-19,0,regular,Kroy,,Utica,rf,1,4,1,,0,,,,,,,,,,,,,,,,,,,,,,,,2,0,0,,,,
FKCZTQZ,1915,New York State League,1915-05-19,0,regular,Evans,,Utica,3b,2,3,0,,1,,,,,,,,1,,,,,,,,,,,,,,,,2,1,1,,,,
FKCZTQZ,1915,New York State League,1915-05-19,0,regular,Reichle,,Utica,cf,3,5,0,,1,,,,,,,,,,,,,,,,,,,,,,,,1,0,0,,,,
FKCZTQZ,1915,New York State League,1915-05-19,0,regular,Wagner,,Utica,lf,4,4,2,,3,1,,1,,,,,,,,,,,,,,,,,,,,,3,0,0,,,,
FKCZTQZ,1915,New York State League,1915-05-19,0,regular,Cranston,,Utica,2b,5,4,1,,2,1,,,,,,,1,,,,,,,,,,,,,,,,2,4,0,,,,
FKCZTQZ,1915,New York State League,1915-05-19,0,regular,Walsh,,Utica,1b,6,5,2,,2,1,,1,,,,,,,1,,,,,,,,,,,,,,10,0,0,,,,
FKCZTQZ,1915,New York State League,1915-05-19,0,regular,O'Neill,,Utica,ss,7,4,0,,0,,,,,,,,,,,,,,,,,,,,,,,,2,3,1,,,,
FKCZTQZ,1915,New York State League,1915-05-19,0,regular,McDonough,,Utica,c,8,3,2,,2,,,,,,,,,,1,,,,,,,,,,,,,,5,2,0,,,,
FKCZTQZ,1915,New York State League,1915-05-19,0,regular,Taylor,,Utica,p,9,3,1,,1,,,,,,,,,,1,,,,,,,,,2,,,,,0,2,0,,,,
FKCZTQZ,1915,New York State League,1915-05-19,0,regular,TOTALS,,Utica,,,35,9,4,12,,,,,,,,,,,,6,2,,,,,,,,,,,27,12,2,,,,
HHKJMRN,1915,New York State League,1915-05-19,0,regular,Murray,,Scranton,3b,1,4,0,,0,,,,,,,,,,,,,,,,,,,,,,,,1,1,2,,,,
HHKJMRN,1915,New York State League,1915-05-19,0,regular,Duchesnil,,Scranton,p,10,0,0,,0,,,,,,,,,,,,,,3,,,,1,1,5,,,,0,0,0,,,,
HHKJMRN,1915,New York State League,1915-05-19,0,regular,Cruickshank,,Scranton,ph,11,1,0,,0,,,,,,,,,,,,,,,,,,,,,,,,0,0,0,,,,
HHKJMRN,1915,New York State League,1915-05-19,0,regular,Hartman,,Scranton,ss,2,3,0,,0,,,,,,,,1,,,,,,,,,,,,,,,,0,1,0,,,,
HHKJMRN,1915,New York State League,1915-05-19,0,regular,Corcoran,,Scranton,lf,3,3,1,,0,,,,,,,,,,,,,,,,,,,,,,,,1,0,0,,,,
HHKJMRN,1915,New York State League,1915-05-19,0,regular,Mullen,,Scranton,2b,4,4,0,,0,,,,,,,,,,,,,,,,,,,,,,,,2,5,0,,,,
HHKJMRN,1915,New York State League,1915-05-19,0,regular,Slattery,,Scranton,1b,5,4,1,,0,,,,,,,,,,1,,,,,,,,,,,,,,9,1,0,,,,
HHKJMRN,1915,New York State League,1915-05-19,0,regular,Maisel,,Scranton,cf,6,3,1,,0,,,,,,,,,,,,,,,,,,,,,,,,4,0,0,,,,
HHKJMRN,1915,New York State League,1915-05-19,0,regular,Strait,,Scranton,rf,7,4,1,,4,2,,,,,,,,,,,,,,,,,,,,,,,0,0,0,,,,
HHKJMRN,1915,New York State League,1915-05-19,0,regular,Miller,,Scranton,c,8,3,0,,1,1,,,,,,,,,,,,,,,,,,,,,,,10,1,0,,,,
HHKJMRN,1915,New York State League,1915-05-19,0,regular,Cornwell,,Scranton,p,9,1,0,,0,,,,,,,,,,,,,,6,,,,9,1,4,,,,0,2,0,,,,
HHKJMRN,1915,New York State League,1915-05-19,0,regular,TOTALS,,Scranton,,,30,4,,5,,,,,,,,,,,,5,3,,,,,,,,,,,27,11,2,,,,
HHKJMRN,1915,New York State League,1915-05-19,0,regular,Prieste,,Wilkes-Barre,2b,1,5,0,,1,,,,,,,,,,,,,,,,,,,,,,,,2,1,0,,,,
HHKJMRN,1915,New York State League,1915-05-19,0,regular,Brown,,Wilkes-Barre,rf,2,4,0,,1,,,,,,,,,,,,,,,,,,,,,,,,2,0,0,,,,
HHKJMRN,1915,New York State League,1915-05-19,0,regular,Hoffman,,Wilkes-Barre,cf,3,5,0,,0,,,,,,,,,,,,,,,,,,,,,,,,1,0,0,,,,
HHKJMRN,1915,New York State League,1915-05-19,0,regular,O'Rourke,,Wilkes-Barre,ss,4,4,1,,2,,,,,,,,,,,,,,,,,,,,,,,,3,2,3,,,,
HHKJMRN,1915,New York State League,1915-05-19,0,regular,DeGroff,,Wilkes-Barre,lf,5,4,1,,1,,,,,,,,,,,,,,,,,,,,,,,,2,0,0,,,,
HHKJMRN,1915,New York State League,1915-05-19,0,regular,Giddo,,Wilkes-Barre,1b,6,3,0,,2,,,,,,,,,,,,,,,,,,,,,,,,8,1,0,,,,
HHKJMRN,1915,New York State League,1915-05-19,0,regular,Burke,,Wilkes-Barre,3b,7,4,1,,1,,,,,,,,,,1,,,,,,,,,,,,,,0,1,0,,,,
HHKJMRN,1915,New York State League,1915-05-19,0,regular,Rogers,,Wilkes-Barre,c,8,4,0,,1,,,,,,,,,,,,,,,,,,,,,,,,6,1,0,,,,
HHKJMRN,1915,New York State League,1915-05-19,0,regular,North,,Wilkes-Barre,p,9,4,0,,1,,,,,,,,,,,,,,,,,,,2,6,,1,1,0,2,0,,,,
HHKJMRN,1915,New York State League,1915-05-19,0,regular,TOTALS,,Wilkes-Barre,,,37,3,,10,,,,,,,,,,,,8,1,,,,,,,,,,,24,8,3,,,,
