game.key,league.year,league.name,game.date,game.number,game.phase,ref,name.last,name.first,club.name,pos,seq,B_AB,B_R,B_ER,B_H,B_2B,B_3B,B_HR,B_RBI,B_BB,B_SO,B_HP,B_SH,B_SF,B_SB,B_XO,B_LOB,B_ROE,P_GS,P_GF,P_W,P_L,P_SV,P_IP,P_TBF,P_AB,P_R,P_ER,P_H,P_BB,P_SO,P_HP,P_WP,P_BK,F_PO,F_A,F_E,F_DP,F_TP,F_PB,F_SB
WHTYGLD,1910,Central Kansas League,1910-05-18,0,regular,P0367380,Morehead,,Clay Center,p,1,,,,,,,,,,,,,,,,,,,,,,,,,,,,,3,7,,,,,,,,,,
WHTYGLD,1910,Central Kansas League,1910-05-18,0,regular,,TOTALS,,Clay Center,,,,8,,7,,,,,,,,,,,,,,,,,,,,,,,,,,,,,,,,0,,,,
WHTYGLD,1910,Central Kansas League,1910-05-18,0,regular,P6309670,Fowler,,Concordia,p,1,,,,,,,,,,,,,,,,,,,,,,,,,,,,,3,6,,1,,,,,,,,
WHTYGLD,1910,Central Kansas League,1910-05-18,0,regular,P2412488,Lawrence,,Concordia,3b,2,,,,,,,,,,,,,,,,,,,,,,,,,,,,,,,,,,,,,,,,
WHTYGLD,1910,Central Kansas League,1910-05-18,0,regular,,TOTALS,,Concordia,,,,6,,9,,,,,,,,,,,,,,,,,,,,,,,,,,,,,,,,2,,,,
PFLMYRW,1910,Central Kansas League,1910-05-31,1,regular,P3278522,Bechtold,,Abilene,rf,1,4,0,,1,,,,,,,,,,,,,,,,,,,,,,,,,,,,,,2,0,0,,,,
PFLMYRW,1910,Central Kansas League,1910-05-31,1,regular,P7766929,Jennings,,Abilene,ss,2,3,0,,1,,,,,,,,,,,,,,,,,,,,,,,,,,,,,,0,2,0,,,,
PFLMYRW,1910,Central Kansas League,1910-05-31,1,regular,P3891467,Munroe,,Abilene,cf,3,3,0,,1,,,,,,,1,,,,,,,,,,,,,,,,,,,,,,,3,1,0,,,,
PFLMYRW,1910,Central Kansas League,1910-05-31,1,regular,P9677567,Conley,,Abilene,lf,4,4,0,,1,,,,,,,,,,,,,,,,,,,,,,,,,,,,,,0,0,0,,,,
PFLMYRW,1910,Central Kansas League,1910-05-31,1,regular,P5446673,Wilson,,Abilene,1b,5,3,0,,1,1,,,,,,,,,,,,,,,,,,,,,,,,,,,,,11,0,0,,,,
PFLMYRW,1910,Central Kansas League,1910-05-31,1,regular,P0056658,Ehrgott,,Abilene,c,6,3,0,,1,,,,,,,,,,,,,,,,,,,,,,,,,,,,,,2,1,0,,,,
PFLMYRW,1910,Central Kansas League,1910-05-31,1,regular,P6411464,Lahey,,Abilene,2b,7,3,0,,0,,,,,,,,,,,,,,,,,,,,,,,,,,,,,,3,0,1,,,,
PFLMYRW,1910,Central Kansas League,1910-05-31,1,regular,P8807923,Bretton,,Abilene,3b,8,4,0,,0,,,,,,,,,,,,,,,,,,,,,,,,,,,,,,2,3,0,,,,
PFLMYRW,1910,Central Kansas League,1910-05-31,1,regular,P2640086,Fehrman,,Abilene,p,9,3,0,,0,,,,,,,,,,,,,,,,,1,,8,,,,,11,2,,,,,1,5,0,,,,
PFLMYRW,1910,Central Kansas League,1910-05-31,1,regular,,TOTALS,,Abilene,,,30,0,,6,,,,,,,,,,,,8,,,,,,,,,,,,,,,,,,24,12,1,,,,
PFLMYRW,1910,Central Kansas League,1910-05-31,1,regular,P4129028,Beck,,Clay Center,cf,1,5,1,,2,,,,,,,,,,,,,,,,,,,,,,,,,,,,,,2,0,0,,,,
PFLMYRW,1910,Central Kansas League,1910-05-31,1,regular,P1659488,Gramley,,Clay Center,2b,2,4,0,,2,1,,,,,,,,,,,,,,,,,,,,,,,,,,,,,1,2,0,,,,
PFLMYRW,1910,Central Kansas League,1910-05-31,1,regular,P3487345,Murie,,Clay Center,1b,3,4,0,,1,,,,,,,,,,,,,,,,,,,,,,,,,,,,,,7,1,0,,,,
PFLMYRW,1910,Central Kansas League,1910-05-31,1,regular,P1307818,Barnes,,Clay Center,lf,4,3,0,,0,,,,,,,,,,,,,,,,,,,,,,,,,,,,,,3,0,0,,,,
PFLMYRW,1910,Central Kansas League,1910-05-31,1,regular,P5583152,Southwick,,Clay Center,c,5,4,1,,1,,1,,,,,,,,,,,,,,,,,,,,,,,,,,,,10,2,0,,,,
PFLMYRW,1910,Central Kansas League,1910-05-31,1,regular,P2097662,Shimeall,,Clay Center,rf,6,4,1,,3,3,,,,,,,,,,,,,,,,,,,,,,,,,,,,,0,0,0,,,,
PFLMYRW,1910,Central Kansas League,1910-05-31,1,regular,P8040743,Wentz,,Clay Center,3b,7,4,0,,1,,,,,,,,,,,,,,,,,,,,,,,,,,,,,,1,3,0,,,,
PFLMYRW,1910,Central Kansas League,1910-05-31,1,regular,P8811476,Grubbs,,Clay Center,ss,8,3,1,,0,,,,,,,,,,,,,,,,,,,,,,,,,,,,,,2,1,0,,,,
PFLMYRW,1910,Central Kansas League,1910-05-31,1,regular,P0367380,Morehead,,Clay Center,p,9,4,1,,1,,,,,,,,,,,,,,,,1,,,9,,,,,6,3,8,,,,1,2,0,,,,
PFLMYRW,1910,Central Kansas League,1910-05-31,1,regular,,TOTALS,,Clay Center,,,35,5,,11,,,,,,,,,,,,8,,,,,,,,,,,,,,,,,,27,11,0,,,,
STFKBGL,1910,Central Kansas League,1910-05-31,2,regular,P3278522,Bechtold,,Abilene,rf,1,4,0,,0,,,,,,,,,,,,,,,,,,,,,,,,,,,,,,0,1,0,,,,
STFKBGL,1910,Central Kansas League,1910-05-31,2,regular,P4544989,Brown,,Abilene,p,10,3,0,,0,,,,,,,,,,,,,,,,,1,,8,,,,,15,,2,,,,0,2,0,,,,
STFKBGL,1910,Central Kansas League,1910-05-31,2,regular,P7766929,Jennings,,Abilene,ss,2,3,0,,0,,,,,,,,,,,,,,,,,,,,,,,,,,,,,,4,5,2,,,,
STFKBGL,1910,Central Kansas League,1910-05-31,2,regular,P9500507,Murie [Abi],,Abilene,cf,3,4,1,,0,,,,,,,,,,,,,,,,,,,,,,,,,,,,,,2,0,0,,,,
STFKBGL,1910,Central Kansas League,1910-05-31,2,regular,P9677567,Conley,,Abilene,lf,4,4,0,,0,,,,,,,,,,,,,,,,,,,,,,,,,,,,,,1,0,0,,,,
STFKBGL,1910,Central Kansas League,1910-05-31,2,regular,P5446673,Wilson,,Abilene,1b,5,3,0,,1,,,,,,,,,,,,,,,,,,,,,,,,,,,,,,11,1,0,,,,
STFKBGL,1910,Central Kansas League,1910-05-31,2,regular,P2314664,Griffith,,Abilene,c,6,3,0,,0,,,,,,,,,,,,,,,,,,,,,,,,,,,,,,3,0,1,,,,
STFKBGL,1910,Central Kansas League,1910-05-31,2,regular,P6411464,Lahey,,Abilene,2b,7,3,0,,1,,,,,,,,,,,,,,,,,,,,,,,,,,,,,,2,2,3,,,,
STFKBGL,1910,Central Kansas League,1910-05-31,2,regular,P0056658,Ehrgott,,Abilene,2b,8,1,0,,1,1,,,,,,,,,,,,,,,,,,,,,,,,,,,,,0,0,0,,,,
STFKBGL,1910,Central Kansas League,1910-05-31,2,regular,P8807923,Bretton,,Abilene,3b,9,3,0,,0,,,,,,,,,,,,,,,,,,,,,,,,,,,,,,1,3,0,,,,
STFKBGL,1910,Central Kansas League,1910-05-31,2,regular,,TOTALS,,Abilene,,,30,1,,3,,,,,,,,,,,,2,,,,,,,,,,,,,,,,,,24,12,5,,,,
STFKBGL,1910,Central Kansas League,1910-05-31,2,regular,P4129028,Beck,,Clay Center,cf,1,5,1,,2,,,,,,,,,,,,,,,,,,,,,,,,,,,,,,0,0,0,,,,
STFKBGL,1910,Central Kansas League,1910-05-31,2,regular,P8811476,Grubbs,,Clay Center,ss,10,3,0,,1,1,,,,,,,,,,,,,,,,,,,,,,,,,,,,,3,5,2,,,,
STFKBGL,1910,Central Kansas League,1910-05-31,2,regular,P2803647,Brooks,,Clay Center,p,11,4,1,,1,,,,,,,,,,,,,,,,1,,,9,,,,,3,1,2,,,,2,3,0,,,,
STFKBGL,1910,Central Kansas League,1910-05-31,2,regular,P3355451,Gramly,,Clay Center,2b,2,3,0,,1,,,,,,,,,,,,,,,,,,,,,,,,,,,,,,1,3,0,,,,
STFKBGL,1910,Central Kansas League,1910-05-31,2,regular,P0367380,Morehead,,Clay Center,2b,3,2,0,,0,,,,,,,,,,,,,,,,,,,,,,,,,,,,,,1,0,0,,,,
STFKBGL,1910,Central Kansas League,1910-05-31,2,regular,P7647535,Murie [CC],,Clay Center,1b,4,5,0,,2,,,,,,,,,,,,,,,,,,,,,,,,,,,,,,11,3,0,,,,
STFKBGL,1910,Central Kansas League,1910-05-31,2,regular,P1307818,Barnes,,Clay Center,lf,5,5,2,,2,1,,,,,,,,,,,,,,,,,,,,,,,,,,,,,3,0,0,,,,
STFKBGL,1910,Central Kansas League,1910-05-31,2,regular,P5583152,Southwick,,Clay Center,c,6,4,2,,0,,,,,,,,,,,,,,,,,,,,,,,,,,,,,,4,0,1,,,,
STFKBGL,1910,Central Kansas League,1910-05-31,2,regular,P2097662,Shimeall,,Clay Center,rf,7,2,1,,2,,,,,,,,,,,,,,,,,,,,,,,,,,,,,,0,0,0,,,,
STFKBGL,1910,Central Kansas League,1910-05-31,2,regular,P2579276,Stokesberry,,Clay Center,rf,8,2,1,,1,,,,,,,,,,,,,,,,,,,,,,,,,,,,,,1,0,0,,,,
STFKBGL,1910,Central Kansas League,1910-05-31,2,regular,P8040743,Wentz,,Clay Center,3b,9,4,1,,3,1,,,,,,,,,,,,,,,,,,,,,,,,,,,,,1,1,0,,,,
STFKBGL,1910,Central Kansas League,1910-05-31,2,regular,,TOTALS,,Clay Center,,,39,9,,15,,,,,,,,,,,,7,,,,,,,,,,,,,,,,,,27,15,3,,,,
QZCMXTY,1910,Central Kansas League,1910-06-01,0,regular,P3278522,Bechtold,,Abilene,rf,1,2,0,,0,,,,,,,,,,,,,,,,,,,,,,,,,,,,,,1,0,0,,,,
QZCMXTY,1910,Central Kansas League,1910-06-01,0,regular,P3024270,Zillinski,,Abilene,p,10,4,0,,0,,,,,,,,,,,,,,,,,1,,11,,,,,6,1,4,,,,0,2,0,,,,
QZCMXTY,1910,Central Kansas League,1910-06-01,0,regular,P5913723,Griffiths,,Abilene,rf,2,3,0,,0,,,,,,,,,,,,,,,,,,,,,,,,,,,,,,2,0,0,,,,
QZCMXTY,1910,Central Kansas League,1910-06-01,0,regular,P7766929,Jennings,,Abilene,ss,3,5,1,,0,,,,,,,,,,,,,,,,,,,,,,,,,,,,,,2,5,0,,,,
QZCMXTY,1910,Central Kansas League,1910-06-01,0,regular,P3891467,Munroe,,Abilene,cf,4,5,0,,1,,,,,,,,,,,,,,,,,,,,,,,,,,,,,,1,0,0,,,,
QZCMXTY,1910,Central Kansas League,1910-06-01,0,regular,P9677567,Conley,,Abilene,lf,5,5,0,,2,,,,,,,,,,,,,,,,,,,,,,,,,,,,,,3,0,0,,,,
QZCMXTY,1910,Central Kansas League,1910-06-01,0,regular,P5446673,Wilson,,Abilene,1b,6,5,1,,2,,,,,,,,,,,,,,,,,,,,,,,,,,,,,,13,1,1,,,,
QZCMXTY,1910,Central Kansas League,1910-06-01,0,regular,P0056658,Ehrgott,,Abilene,c,7,5,0,,1,,,,,,,,,,,,,,,,,,,,,,,,,,,,,,5,2,1,,,,
QZCMXTY,1910,Central Kansas League,1910-06-01,0,regular,P6411464,Lahey,,Abilene,2b,8,4,0,,0,,,,,,,1,,,,,,,,,,,,,,,,,,,,,,,4,1,1,,,,
QZCMXTY,1910,Central Kansas League,1910-06-01,0,regular,P8807923,Bretton,,Abilene,3b,9,4,0,,0,,,,,,,,,,,,,,,,,,,,,,,,,,,,,,0,5,2,,,,
QZCMXTY,1910,Central Kansas League,1910-06-01,0,regular,,TOTALS,,Abilene,,,42,2,,6,,,,,,,,,,,,8,,,,,,,,,,,,,,,,,,31,15,5,,,,
QZCMXTY,1910,Central Kansas League,1910-06-01,0,regular,P4129028,Beck,,Clay Center,cf,1,5,1,,2,1,,,,,,,,,,,,,,,,,,,,,,,,,,,,,3,0,0,,,,
QZCMXTY,1910,Central Kansas League,1910-06-01,0,regular,P2010266,Hawk,,Clay Center,p,10,3,1,,1,,,,,,,,,,,,,,,,,,,10,,,,,5,,6,,,,0,2,1,,,,
QZCMXTY,1910,Central Kansas League,1910-06-01,0,regular,P2579276,Stokesberry,,Clay Center,p,11,1,0,,0,,,,,,,,,,,,,,,,1,,,1,,,,,1,,1,,,,0,0,0,,,,
QZCMXTY,1910,Central Kansas League,1910-06-01,0,regular,P3355451,Gramly,,Clay Center,2b,2,5,0,,0,,,,,,,,,,,,,,,,,,,,,,,,,,,,,,3,6,1,,,,
QZCMXTY,1910,Central Kansas League,1910-06-01,0,regular,P3487345,Murie,,Clay Center,1b,3,5,0,,2,,,,,,,,,,,,,,,,,,,,,,,,,,,,,,12,1,0,,,,
QZCMXTY,1910,Central Kansas League,1910-06-01,0,regular,P1307818,Barnes,,Clay Center,lf,4,4,0,,0,,,,,,,,,,,,,,,,,,,,,,,,,,,,,,2,1,0,,,,
QZCMXTY,1910,Central Kansas League,1910-06-01,0,regular,P5583152,Southwick,,Clay Center,c,5,4,1,,1,,,,,,,,,,,,,,,,,,,,,,,,,,,,,,7,1,0,,,,
QZCMXTY,1910,Central Kansas League,1910-06-01,0,regular,P2097662,Shimeall,,Clay Center,rf,6,1,0,,0,,,,,,,,,,,,,,,,,,,,,,,,,,,,,,0,0,0,,,,
QZCMXTY,1910,Central Kansas League,1910-06-01,0,regular,P2803647,Brooks,,Clay Center,rf,7,3,0,,0,,,,,,,,,,,,,,,,,,,,,,,,,,,,,,1,0,0,,,,
QZCMXTY,1910,Central Kansas League,1910-06-01,0,regular,P8040743,Wentz,,Clay Center,3b,8,4,0,,0,,,,,,,,,,,,,,,,,,,,,,,,,,,,,,2,1,1,,,,
QZCMXTY,1910,Central Kansas League,1910-06-01,0,regular,P8811476,Grubbs,,Clay Center,ss,9,3,0,,0,,,,,,,,,,,,,,,,,,,,,,,,,,,,,,3,3,1,,,,
QZCMXTY,1910,Central Kansas League,1910-06-01,0,regular,,TOTALS,,Clay Center,,,38,3,1,6,,,,,,,,,,,,5,,,,,,,,,,,,,,,,,,33,14,4,,,,
SLFZNNR,1910,Central Kansas League,1910-06-02,0,regular,P4129028,Beck,,Clay Center,rf-2b,1,3,0,,0,,,,,,,,,,,,,,,,,,,,,,,,,,,,,,0,2,0,,,,
SLFZNNR,1910,Central Kansas League,1910-06-02,0,regular,P2579276,Stokesberry,,Clay Center,p,10,3,0,,1,,,,,,,,,,,,,,,,1,,,9,,,,,6,1,7,,,,2,4,1,,,,
SLFZNNR,1910,Central Kansas League,1910-06-02,0,regular,P2097662,Shimeall,,Clay Center,rf,2,2,0,,0,,,,,,,,,,,,,,,,,,,,,,,,,,,,,,0,0,0,,,,
SLFZNNR,1910,Central Kansas League,1910-06-02,0,regular,P3355451,Gramly,,Clay Center,2b,3,1,0,,0,,,,,,,,,,,,,,,,,,,,,,,,,,,,,,3,0,0,,,,
SLFZNNR,1910,Central Kansas League,1910-06-02,0,regular,P3487345,Murie,,Clay Center,1b,4,4,2,,2,,1,,,,,,,,,,,,,,,,,,,,,,,,,,,,8,0,0,,,,
SLFZNNR,1910,Central Kansas League,1910-06-02,0,regular,P1307818,Barnes,,Clay Center,lf,5,4,1,,2,,,,,,,,,,,,,,,,,,,,,,,,,,,,,,2,0,0,,,,
SLFZNNR,1910,Central Kansas League,1910-06-02,0,regular,P5583152,Southwick,,Clay Center,c,6,3,1,,1,,,,,,,,,,,,,,,,,,,,,,,,,,,,,,7,2,0,,,,
SLFZNNR,1910,Central Kansas League,1910-06-02,0,regular,P0576784,Parks,,Clay Center,cf,7,4,0,,1,,,,,,,,,,,,,,,,,,,,,,,,,,,,,,2,0,0,,,,
SLFZNNR,1910,Central Kansas League,1910-06-02,0,regular,P4125965,Went,,Clay Center,3b,8,4,0,,0,,,,,,,,,,,,,,,,,,,,,,,,,,,,,,1,1,0,,,,
SLFZNNR,1910,Central Kansas League,1910-06-02,0,regular,P8811476,Grubbs,,Clay Center,ss,9,3,0,,0,,,,,,,,,,,,,,,,,,,,,,,,,,,,,,2,1,0,,,,
SLFZNNR,1910,Central Kansas League,1910-06-02,0,regular,,TOTALS,,Clay Center,,,31,4,4,7,,,,,,,,,,,,,,,,,,,,,,,,,,,,,,27,10,1,,,,
SLFZNNR,1910,Central Kansas League,1910-06-02,0,regular,P8115149,Gardiner,,Manhattan,lf,1,4,1,,2,,,,,,,,,,,,,,,,,,,,,,,,,,,,,,2,1,0,1,,,
SLFZNNR,1910,Central Kansas League,1910-06-02,0,regular,P4450036,Vann,,Manhattan,ph,10,1,0,,0,,,,,,,,,,,,,,,,,,,,,,,,,,,,,,0,0,0,,,,
SLFZNNR,1910,Central Kansas League,1910-06-02,0,regular,P4931801,Pierce,,Manhattan,2b,2,2,0,,0,,,,,,,,,,,,,,,,,,,,,,,,,,,,,,2,2,0,1,,,
SLFZNNR,1910,Central Kansas League,1910-06-02,0,regular,P0417739,Rennard,,Manhattan,cf,3,4,0,,1,,,,,,,,,,,,,,,,,,,,,,,,,,,,,,1,0,0,,,,
SLFZNNR,1910,Central Kansas League,1910-06-02,0,regular,P7352837,Lindsley,,Manhattan,rf,4,4,1,,1,,,,,,,,,,,,,,,,,,,,,,,,,,,,,,0,0,0,,,,
SLFZNNR,1910,Central Kansas League,1910-06-02,0,regular,P2409838,Clark,,Manhattan,ss,5,4,0,,1,,,,,,,,,,,,,,,,,,,,,,,,,,,,,,2,4,0,,,,
SLFZNNR,1910,Central Kansas League,1910-06-02,0,regular,P4506345,Shull,,Manhattan,3b,6,4,0,,0,,,,,,,,,,,,,,,,,,,,,,,,,,,,,,5,2,0,,,,
SLFZNNR,1910,Central Kansas League,1910-06-02,0,regular,P5104879,Sullivan,,Manhattan,1b,7,2,0,,0,,,,,,,,,,,,,,,,,,,,,,,,,,,,,,12,0,0,,,,
SLFZNNR,1910,Central Kansas League,1910-06-02,0,regular,P4477876,Orr,,Manhattan,c,8,3,1,,1,,,,,,,,,,,,,,,,,,,,,,,,,,,,,,3,1,0,,,,
SLFZNNR,1910,Central Kansas League,1910-06-02,0,regular,P1841595,Oswalt,,Manhattan,p,9,3,0,,0,,,,,,,,,,,,,,,,,1,,9,,,,,7,2,3,,,,0,1,0,,,,
SLFZNNR,1910,Central Kansas League,1910-06-02,0,regular,,TOTALS,,Manhattan,,,32,3,1,6,,,,,,,,,,,,,,,,,,,,,,,,,,,,,,27,11,0,,,,
PFNBPRN,1910,Central Kansas League,1910-06-06,0,regular,P4129028,Beck,,Clay Center,2b,1,4,0,,0,,,,,,,,,,,,,,,,,,,,,,,,,,,,,,1,1,2,,,,
PFNBPRN,1910,Central Kansas League,1910-06-06,0,regular,P3355451,Gramly,,Clay Center,3b-ss,2,4,0,,0,,,,,,,,,,,,,,,,,,,,,,,,,,,,,,1,2,1,,,,
PFNBPRN,1910,Central Kansas League,1910-06-06,0,regular,P3487345,Murie,,Clay Center,1b,3,3,0,,1,1,,,,,,,,,,,,,,,,,,,,,,,,,,,,,8,0,0,,,,
PFNBPRN,1910,Central Kansas League,1910-06-06,0,regular,P1307818,Barnes,,Clay Center,lf,4,4,0,,0,,,,,,,,,,,,,,,,,,,,,,,,,,,,,,3,1,0,,,,
PFNBPRN,1910,Central Kansas League,1910-06-06,0,regular,P5583152,Southwick,,Clay Center,c,5,3,0,,0,,,,,,,,,,,,,,,,,,,,,,,,,,,,,,7,0,0,,,,
PFNBPRN,1910,Central Kansas League,1910-06-06,0,regular,P3719820,Strong,,Clay Center,cf,6,2,0,,1,,,,,,,,,,,,,,,,,,,,,,,,,,,,,,3,0,0,,,,
PFNBPRN,1910,Central Kansas League,1910-06-06,0,regular,P8811476,Grubbs,,Clay Center,ss-3b,7,1,0,,0,,,,,,,,,,,,,,,,,,,,,,,,,,,,,,1,1,1,,,,
PFNBPRN,1910,Central Kansas League,1910-06-06,0,regular,P2803647,Brooks,,Clay Center,rf,8,3,0,,0,,,,,,,,,,,,,,,,,,,,,,,,,,,,,,0,0,0,,,,
PFNBPRN,1910,Central Kansas League,1910-06-06,0,regular,P2579276,Stokesberry,,Clay Center,p,9,3,0,,0,,,,,,,,,,,,,,,,,1,,8,,,,,2,1,6,1,,,0,10,0,,,,
PFNBPRN,1910,Central Kansas League,1910-06-06,0,regular,,TOTALS,,Clay Center,,,27,0,,2,,,,,,,,,,,,,,,,,,,,,,,,,,,,,,24,15,4,,,,
PFNBPRN,1910,Central Kansas League,1910-06-06,0,regular,P7828858,Meier,,Junction City,2b,1,3,1,,1,,,,,,,,,,,,,,,,,,,,,,,,,,,,,,0,4,0,,,,
PFNBPRN,1910,Central Kansas League,1910-06-06,0,regular,P9692491,Jewell,,Junction City,ss,2,2,1,,0,,,,,,,,,,,,,,,,,,,,,,,,,,,,,,1,2,0,,,,
PFNBPRN,1910,Central Kansas League,1910-06-06,0,regular,P7033179,Vann,,Junction City,3b,3,4,0,,0,,,,,,,,,,,,,,,,,,,,,,,,,,,,,,2,3,1,1,,,
PFNBPRN,1910,Central Kansas League,1910-06-06,0,regular,P9726538,McDonald,,Junction City,rf,4,4,0,,0,,,,,,,,,,,,,,,,,,,,,,,,,,,,,,0,0,0,,,,
PFNBPRN,1910,Central Kansas League,1910-06-06,0,regular,P7188424,Quigley,,Junction City,1b,5,4,0,,0,,,,,,,,,,,,,,,,,,,,,,,,,,,,,,17,0,0,1,,,
PFNBPRN,1910,Central Kansas League,1910-06-06,0,regular,P3740188,Bashang,,Junction City,lf,6,3,1,,1,,,,,,,,,,,,,,,,,,,,,,,,,,,,,,0,0,0,,,,
PFNBPRN,1910,Central Kansas League,1910-06-06,0,regular,P0865175,Nelson,,Junction City,c,7,3,0,,0,,,,,,,,,,,,,,,,,,,,,,,,,,,,,,7,0,0,,,,
PFNBPRN,1910,Central Kansas League,1910-06-06,0,regular,P0184359,Masters,,Junction City,cf,8,3,0,,0,,,,,,,,,,,,,,,,,,,,,,,,,,,,,,0,0,0,,,,
PFNBPRN,1910,Central Kansas League,1910-06-06,0,regular,P7500850,O'Neill,,Junction City,p,9,3,0,,0,,,,,,,,,,,,,,,,1,,,9,,,,,2,3,7,1,,,0,15,0,,,,
PFNBPRN,1910,Central Kansas League,1910-06-06,0,regular,,TOTALS,,Junction City,,,29,3,,2,,,,,,,,,,,,,,,,,,,,,,,,,,,,,,27,24,1,,,,
NNYYYZK,1910,Central Kansas League,1910-06-09,0,regular,P5583152,Southwick,,Clay Center,c,1,4,0,,1,,,,,,,,,,,,,,,,,,,,,,,,,,,,,,4,0,0,,,1,
NNYYYZK,1910,Central Kansas League,1910-06-09,0,regular,P0367380,Morehead,,Clay Center,p,10,3,0,,0,,,,,,,,,,,,,,,,1,,,9,,,,,8,1,1,,1,,2,6,0,,,,
NNYYYZK,1910,Central Kansas League,1910-06-09,0,regular,P3355451,Gramly,,Clay Center,2b,2,3,1,,1,,,,,,,,,,,,,,,,,,,,,,,,,,,,,,1,2,0,,,,
NNYYYZK,1910,Central Kansas League,1910-06-09,0,regular,P3487345,Murie,,Clay Center,1b,3,4,0,,0,,,,,,,,,,,,,,,,,,,,,,,,,,,,,,11,0,0,,,,
NNYYYZK,1910,Central Kansas League,1910-06-09,0,regular,P1307818,Barnes,,Clay Center,lf,4,3,1,,3,1,1,,,,,1,,,,,,,,,,,,,,,,,,,,,,,4,0,0,,,,
NNYYYZK,1910,Central Kansas League,1910-06-09,0,regular,P3719820,Strong,,Clay Center,3b,5,3,0,,0,,,,,,,,,,,,,,,,,,,,,,,,,,,,,,2,1,1,,,,
NNYYYZK,1910,Central Kansas League,1910-06-09,0,regular,P2097662,Shimeall,,Clay Center,rf,6,2,0,,0,,,,,,,,,,,,,,,,,,,,,,,,,,,,,,0,0,0,,,,
NNYYYZK,1910,Central Kansas League,1910-06-09,0,regular,P2803647,Brooks,,Clay Center,rf,7,2,0,,0,,,,,,,,,,,,,,,,,,,,,,,,,,,,,,1,0,0,,,,
NNYYYZK,1910,Central Kansas League,1910-06-09,0,regular,P8040743,Wentz,,Clay Center,cf,8,3,1,,1,,,,,,,,,,,,,,,,,,,,,,,,,,,,,,0,0,1,,,,
NNYYYZK,1910,Central Kansas League,1910-06-09,0,regular,P8811476,Grubbs,,Clay Center,ss,9,1,0,,0,,,,,,,,,,,,,,,,,,,,,,,,,,,,,,3,0,0,,,,
NNYYYZK,1910,Central Kansas League,1910-06-09,0,regular,,TOTALS,,Clay Center,,,28,3,1,6,,,,,,,,,,,,6,,,,,,,,,,,,,,,,,,27,9,2,,,,
NNYYYZK,1910,Central Kansas League,1910-06-09,0,regular,P5927469,Miller,,Junction City,3b,1,5,0,,2,,,,,,,,,,,,,,,,,,,,,,,,,,,,,,0,1,1,,,,
NNYYYZK,1910,Central Kansas League,1910-06-09,0,regular,P1752248,Hinton,,Junction City,ph,10,,,,,,,,,,,,,,,,,,,,,,,,,,,,,,,,,,,,,,,,
NNYYYZK,1910,Central Kansas League,1910-06-09,0,regular,P9692491,Jewell,,Junction City,ss,2,5,0,,0,,,,,,,,,,,,,,,,,,,,,,,,,,,,,,0,1,0,,,,
NNYYYZK,1910,Central Kansas League,1910-06-09,0,regular,P9726538,McDonald,,Junction City,rf,3,4,0,,3,1,,,,,,,,,,,,,,,,,,,,,,,,,,,,,0,0,0,,,,
NNYYYZK,1910,Central Kansas League,1910-06-09,0,regular,P7188424,Quigley,,Junction City,2b,4,4,0,,0,,,,,,,,,,,,,,,,,,,,,,,,,,,,,,1,0,0,,,,
NNYYYZK,1910,Central Kansas League,1910-06-09,0,regular,P5204070,O'Neil,,Junction City,cf,5,4,0,,0,,,,,,,,,,,,,,,,,,,,,,,,,,,,,,0,0,0,,,,
NNYYYZK,1910,Central Kansas League,1910-06-09,0,regular,P5024915,Buschang,,Junction City,lf,6,3,0,,0,,,,,,,1,,,,,,,,,,,,,,,,,,,,,,,1,0,0,,,,
NNYYYZK,1910,Central Kansas League,1910-06-09,0,regular,P0865175,Nelson,,Junction City,c,7,4,0,,1,,,,,,,,,,,,,,,,,,,,,,,,,,,,,,6,1,0,,,,
NNYYYZK,1910,Central Kansas League,1910-06-09,0,regular,P4690604,Wagner,,Junction City,1b,8,4,1,,1,,,,,,,,,,,,,,,,,,,,,,,,,,,,,,15,0,0,,,,
NNYYYZK,1910,Central Kansas League,1910-06-09,0,regular,P8627607,Jepson,,Junction City,p,9,3,0,,1,1,,,,,,,,,,,,,,,,1,,8,,,,,6,2,6,,1,,1,10,1,,,,
NNYYYZK,1910,Central Kansas League,1910-06-09,0,regular,,TOTALS,,Junction City,,,36,1,,8,,,,,,,,,,,,9,,,,,,,,,,,,,,,,,,24,13,2,,,,
SCDKGGK,1910,Central Kansas League,1910-06-28,0,regular,P6537487,Howell,,Beloit,cf,1,3,1,,0,,,,,,,,,,,,,,,,,,,,,,,,,,,,,,0,0,0,,,,
SCDKGGK,1910,Central Kansas League,1910-06-28,0,regular,P9053481,Riley,,Beloit,p,10,2,1,,0,,,,,,,,,,,,,,1,,,,,4.1,,,,,,4,1,,,,0,1,0,,,,
SCDKGGK,1910,Central Kansas League,1910-06-28,0,regular,P1325109,Culver,,Beloit,p,11,1,0,,0,,,,,,,,,,,,,,,1,,1,,4,,,,,,2,2,,,,0,4,0,,,,
SCDKGGK,1910,Central Kansas League,1910-06-28,0,regular,P1629871,Martin,,Beloit,lf,2,1,0,,0,,,,,,,,,,,,,,,,,,,,,,,,,,,,,,0,0,0,,,,
SCDKGGK,1910,Central Kansas League,1910-06-28,0,regular,P0945966,Cox,,Beloit,rf,3,3,0,,1,,,,,,,,,,,,,,,,,,,,,,,,,,,,,,1,0,0,,,,
SCDKGGK,1910,Central Kansas League,1910-06-28,0,regular,P4853888,Mack,,Beloit,2b,4,4,0,,0,,,,,,,,,,,,,,,,,,,,,,,,,,,,,,3,3,0,,,,
SCDKGGK,1910,Central Kansas League,1910-06-28,0,regular,P6316906,Griffiths,,Beloit,c,5,4,0,,1,1,,,,,,,,,,,,,,,,,,,,,,,,,,,,,4,4,0,,,,
SCDKGGK,1910,Central Kansas League,1910-06-28,0,regular,P4635379,Sackett,,Beloit,3b,6,4,0,,0,,,,,,,,,,,,,,,,,,,,,,,,,,,,,,2,0,0,,,,
SCDKGGK,1910,Central Kansas League,1910-06-28,0,regular,P9982153,Drumm,,Beloit,rf-lf,7,3,1,,1,1,,,,,,,,,,,,,,,,,,,,,,,,,,,,,1,0,0,,,,
SCDKGGK,1910,Central Kansas League,1910-06-28,0,regular,P5167078,Williams,,Beloit,1b,8,4,0,,0,,,,,,,,,,,,,,,,,,,,,,,,,,,,,,13,1,2,,,,
SCDKGGK,1910,Central Kansas League,1910-06-28,0,regular,P5102386,Sullivan,,Beloit,ss,9,3,0,,2,,,,,,,,,,,,,,,,,,,,,,,,,,,,,,1,4,0,,,,
SCDKGGK,1910,Central Kansas League,1910-06-28,0,regular,,TOTALS,,Beloit,,,32,3,,5,,,,,,,,,,,,4,,,,,,,,,,,,,,,,,,25,17,2,,,,
SCDKGGK,1910,Central Kansas League,1910-06-28,0,regular,P8040743,Wentz,,Clay Center,3b,1,5,1,,3,,1,1,,,,,,,,,,,,,,,,,,,,,,,,,,,3,2,0,,,,
SCDKGGK,1910,Central Kansas League,1910-06-28,0,regular,P2579276,Stokesberry,,Clay Center,ph,10,1,0,,0,,,,,,,,,,,,,,,,,,,,,,,,,,,,,,0,0,0,,,,
SCDKGGK,1910,Central Kansas League,1910-06-28,0,regular,P2803647,Brooks,,Clay Center,p,11,2,1,,0,,,,,,,,,,,,,,,,1,,,9,,,,,5,1,6,,,,0,5,0,,,,
SCDKGGK,1910,Central Kansas League,1910-06-28,0,regular,P3355451,Gramly,,Clay Center,2b,2,3,0,,0,,,,,,,,,,,,,,,,,,,,,,,,,,,,,,2,3,1,,,,
SCDKGGK,1910,Central Kansas League,1910-06-28,0,regular,P3719820,Strong,,Clay Center,1b,3,3,0,,1,,,,,,,,,,,,,,,,,,,,,,,,,,,,,,13,0,0,,,,
SCDKGGK,1910,Central Kansas League,1910-06-28,0,regular,P5583152,Southwick,,Clay Center,c,4,3,1,,1,,1,,,,,,,,1,,,,,,,,,,,,,,,,,,,,6,1,1,,,,
SCDKGGK,1910,Central Kansas League,1910-06-28,0,regular,P1307818,Barnes,,Clay Center,lf,5,4,1,,1,,,,,,,,,,,,,,,,,,,,,,,,,,,,,,1,0,0,,,,
SCDKGGK,1910,Central Kansas League,1910-06-28,0,regular,P4488636,Allingham,,Clay Center,rf,6,2,0,,1,,,,,,,,,,,,,,,,,,,,,,,,,,,,,,0,0,0,,,,
SCDKGGK,1910,Central Kansas League,1910-06-28,0,regular,P8811476,Grubbs,,Clay Center,ss,7,4,0,,0,,,,,,,,,,,,,,,,,,,,,,,,,,,,,,1,5,0,,,,
SCDKGGK,1910,Central Kansas League,1910-06-28,0,regular,P9931186,Jewell,,Clay Center,cf,8,1,0,,1,,,,,,,,,,,,,,,,,,,,,,,,,,,,,,0,0,0,,,,
SCDKGGK,1910,Central Kansas League,1910-06-28,0,regular,P8565874,Getto,,Clay Center,cf,9,1,0,,0,,,,,,,,,,,,,,,,,,,,,,,,,,,,,,1,0,0,,,,
SCDKGGK,1910,Central Kansas League,1910-06-28,0,regular,,TOTALS,,Clay Center,,,29,4,,8,,,,,,,,,,,,6,,,,,,,,,,,,,,,,,,27,16,2,,,,
WYXRBGK,1910,Central Kansas League,1910-06-29,0,regular,P6537487,Howell,,Beloit,cf,1,4,0,,0,,,,,,,,,,,,,,,,,,,,,,,,,,,,,,1,0,0,,,,
WYXRBGK,1910,Central Kansas League,1910-06-29,0,regular,P0945966,Cox,,Beloit,p,10,3,0,,0,,,,,,,,,,,,,,,,,1,,8,,,,,11,1,3,,,,1,5,1,,,,
WYXRBGK,1910,Central Kansas League,1910-06-29,0,regular,P1325109,Culver,,Beloit,ph,11,0,0,,0,,,,,,,,,,,,,,,,,,,,,,,,,,,,,,0,0,0,,,,
WYXRBGK,1910,Central Kansas League,1910-06-29,0,regular,P1629871,Martin,,Beloit,lf,2,4,0,,2,1,,,,,,,,,,,,,,,,,,,,,,,,,,,,,1,0,0,,,,
WYXRBGK,1910,Central Kansas League,1910-06-29,0,regular,P5167078,Williams,,Beloit,1b,3,4,0,,0,,,,,,,,,,,,,,,,,,,,,,,,,,,,,,14,1,0,,,,
WYXRBGK,1910,Central Kansas League,1910-06-29,0,regular,P9847167,Dimond,,Beloit,c,4,4,0,,0,,,,,,,,,,,,,,,,,,,,,,,,,,,,,,4,2,0,,,1,
WYXRBGK,1910,Central Kansas League,1910-06-29,0,regular,P4635379,Sackett,,Beloit,3b,5,3,0,,2,,,,,,,,,,,,,,,,,,,,,,,,,,,,,,0,2,0,,,,
WYXRBGK,1910,Central Kansas League,1910-06-29,0,regular,P9982153,Drumm,,Beloit,rf,6,3,0,,0,,,,,,,,,,,,,,,,,,,,,,,,,,,,,,0,0,0,,,,
WYXRBGK,1910,Central Kansas League,1910-06-29,0,regular,P4853888,Mack,,Beloit,2b,7,2,0,,0,,,,,,,,,,,,,,,,,,,,,,,,,,,,,,2,1,0,,,,
WYXRBGK,1910,Central Kansas League,1910-06-29,0,regular,P4522239,Swartzek,,Beloit,2b,8,1,0,,0,,,,,,,,,,,,,,,,,,,,,,,,,,,,,,0,0,0,,,,
WYXRBGK,1910,Central Kansas League,1910-06-29,0,regular,P5102386,Sullivan,,Beloit,ss,9,2,0,,0,,,,,,,1,,,,,,,,,,,,,,,,,,,,,,,1,2,1,,,,
WYXRBGK,1910,Central Kansas League,1910-06-29,0,regular,,TOTALS,,Beloit,,,30,0,,4,,,,,,,,,,,,4,1,,,,,,,,,,,,,,,,,24,13,2,,,,
WYXRBGK,1910,Central Kansas League,1910-06-29,0,regular,P8040743,Wentz,,Clay Center,3b,1,4,0,,1,,,,,,,,,,,,,,,,,,,,,,,,,,,,,,1,4,0,,,,
WYXRBGK,1910,Central Kansas League,1910-06-29,0,regular,P3355451,Gramly,,Clay Center,2b,2,4,1,,1,,,,,,,,,,,,,,,,,,,,,,,,,,,,,,0,0,0,,,,
WYXRBGK,1910,Central Kansas League,1910-06-29,0,regular,P3719820,Strong,,Clay Center,1b,3,4,1,,1,1,,,,,,,,,,,,,,,,,,,,,,,,,,,,,11,1,1,1,,,
WYXRBGK,1910,Central Kansas League,1910-06-29,0,regular,P5583152,Southwick,,Clay Center,c,4,4,1,,1,,,,,,,,,,,,,,,,,,,,,,,,,,,,,,5,0,0,,,,
WYXRBGK,1910,Central Kansas League,1910-06-29,0,regular,P1307818,Barnes,,Clay Center,lf,5,4,1,,3,1,1,,,,,,,,,,,,,,,,,,,,,,,,,,,,3,0,0,,,,
WYXRBGK,1910,Central Kansas League,1910-06-29,0,regular,P8811476,Grubbs,,Clay Center,ss,6,4,0,,1,,,,,,,,,,,,,,,,,,,,,,,,,,,,,,1,2,0,,,,
WYXRBGK,1910,Central Kansas League,1910-06-29,0,regular,P9931186,Jewell,,Clay Center,rf,7,4,0,,2,,,,,,,,,,,,,,,,,,,,,,,,,,,,,,1,0,0,,,,
WYXRBGK,1910,Central Kansas League,1910-06-29,0,regular,P2803647,Brooks,,Clay Center,cf,8,3,1,,1,,,,,,,,,,,,,,,,,,,,,,,,,,,,,,3,4,0,,,,
WYXRBGK,1910,Central Kansas League,1910-06-29,0,regular,P2403529,Oswalt,,Clay Center,p,9,4,0,,0,,,,,,,,,,,,,,,,1,,,9,,,,,4,,5,,,,2,4,0,1,,,
WYXRBGK,1910,Central Kansas League,1910-06-29,0,regular,,TOTALS,,Clay Center,,,35,5,3,11,,,,,,,,,,,,8,,,,,,,,,,,,,,,,,,27,11,1,,,,
BDJJTDM,1910,Central Kansas League,1910-06-30,0,regular,P8565874,Getto,,Clay Center,rf,1,4,0,,0,,,,,,,,,,,,,,,,,,,,,,,,,,,,,,1,0,0,,,,
BDJJTDM,1910,Central Kansas League,1910-06-30,0,regular,P3355451,Gramly,,Clay Center,2b,2,3,0,,1,,1,,,,,,,,,,,,,,,,,,,,,,,,,,,,1,1,0,,,,
BDJJTDM,1910,Central Kansas League,1910-06-30,0,regular,P3719820,Strong,,Clay Center,1b,3,4,1,,0,,,,,,,,,,,,,,,,,,,,,,,,,,,,,,10,0,0,,,,
BDJJTDM,1910,Central Kansas League,1910-06-30,0,regular,P5583152,Southwick,,Clay Center,c,4,4,2,,2,,,,,,,,,,,,,,,,,,,,,,,,,,,,,,9,0,0,,,,
BDJJTDM,1910,Central Kansas League,1910-06-30,0,regular,P1307818,Barnes,,Clay Center,lf,5,4,2,,2,,1,,,,,,,,,,,,,,,,,,,,,,,,,,,,0,0,0,,,,
BDJJTDM,1910,Central Kansas League,1910-06-30,0,regular,P8040743,Wentz,,Clay Center,3b,6,4,1,,2,,1,,,,,,,,,,,,,,,,,,,,,,,,,,,,2,1,0,,,,
BDJJTDM,1910,Central Kansas League,1910-06-30,0,regular,P8811476,Grubbs,,Clay Center,ss,7,4,0,,1,,,,,,,,,,,,,,,,,,,,,,,,,,,,,,1,2,1,,,,
BDJJTDM,1910,Central Kansas League,1910-06-30,0,regular,P2803647,Brooks,,Clay Center,cf,8,4,0,,0,,,,,,,,,,,,,,,,,,,,,,,,,,,,,,0,0,0,,,,
BDJJTDM,1910,Central Kansas League,1910-06-30,0,regular,P0367380,Morehead,,Clay Center,p,9,3,0,,0,,,,,,,,,,,,,,,,1,,,9,,,,,5,1,8,,,,3,4,1,,,,
BDJJTDM,1910,Central Kansas League,1910-06-30,0,regular,,TOTALS,,Clay Center,,,34,6,5,8,,,,,,,,,,,,5,2,,,,,,,,,,,,,,,,,27,8,2,,,,
BDJJTDM,1910,Central Kansas League,1910-06-30,0,regular,P4064519,Short,,Concordia,3b-lf,1,4,0,,1,1,,,,,,,,,,,,,,,,,,,,,,,,,,,,,2,0,0,,,,
BDJJTDM,1910,Central Kansas League,1910-06-30,0,regular,P6187694,Fowler [p],,Concordia,p,10,1,0,,0,,,,,,,,,,,,,,,1,,,,,,,,,,,,,,,0,0,0,,,,
BDJJTDM,1910,Central Kansas League,1910-06-30,0,regular,P1402231,Webb,,Concordia,2b,2,2,1,,0,,,,,,,1,,,,,,,,,,,,,,,,,,,,,,,3,1,1,,,,
BDJJTDM,1910,Central Kansas League,1910-06-30,0,regular,P6136694,Johnson,,Concordia,lf-2b,3,4,1,,1,,1,,,,,,,,,,,,,,,,,,,,,,,,,,,,1,4,0,,,,
BDJJTDM,1910,Central Kansas League,1910-06-30,0,regular,P3722225,Dail,,Concordia,cf,4,4,0,,1,,,,,,,,,,,,,,,,,,,,,,,,,,,,,,1,0,0,,,,
BDJJTDM,1910,Central Kansas League,1910-06-30,0,regular,P3298664,Ramsey,,Concordia,rf,5,4,0,,1,,,,,,,,,,,,,,,,,,,,,,,,,,,,,,0,0,0,,,,
BDJJTDM,1910,Central Kansas League,1910-06-30,0,regular,P4951535,Horrell,,Concordia,1b,6,4,0,,0,,,,,,,,,,,,,,,,,,,,,,,,,,,,,,9,0,1,,,,
BDJJTDM,1910,Central Kansas League,1910-06-30,0,regular,P7340489,Drew,,Concordia,ss,7,4,0,,1,,,,,,,,,,,,,,,,,,,,,,,,,,,,,,1,2,1,,,,
BDJJTDM,1910,Central Kansas League,1910-06-30,0,regular,P7383201,Fowler [c],,Concordia,c,8,3,0,,0,,,,,,,,,,,,,,,,,,,,,,,,,,,,,,7,1,0,,,,
BDJJTDM,1910,Central Kansas League,1910-06-30,0,regular,P7403004,Smith,,Concordia,p,9,3,0,,0,,,,,,,,,,,,,,1,,,1,,,,,,,,,7,,,,0,3,0,,,,
BDJJTDM,1910,Central Kansas League,1910-06-30,0,regular,,TOTALS,,Concordia,,,33,2,1,5,,,,,,,,,,,,6,1,,,,,,,,,,,,,,,,,24,11,3,,,,
YFMWYRP,1910,Central Kansas League,1910-07-04,1,regular,P8565874,Getto,,Clay Center,cf-rf,1,3,0,,1,,,,,,,1,,,,,,,,,,,,,,,,,,,,,,,2,0,1,,,,
YFMWYRP,1910,Central Kansas League,1910-07-04,1,regular,P2803647,Brooks,,Clay Center,p,10,3,0,,0,,,,,,,,,,,,,,,,,1,,8.2,,,,,4,3,2,,,,1,5,0,,,,
YFMWYRP,1910,Central Kansas League,1910-07-04,1,regular,P8135210,Strong [CC],,Clay Center,1b,2,4,0,,0,,,,,,,,,,,,,,,,,,,,,,,,,,,,,,12,1,1,,,,
YFMWYRP,1910,Central Kansas League,1910-07-04,1,regular,P3355451,Gramly,,Clay Center,2b,3,4,0,,0,,,,,,,,,,,,,,,,,,,,,,,,,,,,,,1,1,0,,,,
YFMWYRP,1910,Central Kansas League,1910-07-04,1,regular,P5583152,Southwick,,Clay Center,c,4,3,0,,0,,,,,,,,,,,,,,,,,,,,,,,,,,,,,,3,0,0,,,,
YFMWYRP,1910,Central Kansas League,1910-07-04,1,regular,P1307818,Barnes,,Clay Center,lf,5,4,0,,0,,,,,,,,,,,,,,,,,,,,,,,,,,,,,,5,1,0,,,,
YFMWYRP,1910,Central Kansas League,1910-07-04,1,regular,P8040743,Wentz,,Clay Center,3b,6,3,1,,1,1,,,,,,,,,,,,,,,,,,,,,,,,,,,,,0,3,1,,,,
YFMWYRP,1910,Central Kansas League,1910-07-04,1,regular,P8811476,Grubbs,,Clay Center,ss,7,2,1,,0,,,,,,,,,,,,,,,,,,,,,,,,,,,,,,1,3,0,,,,
YFMWYRP,1910,Central Kansas League,1910-07-04,1,regular,P7617208,Hobson,,Clay Center,rf-cf,8,2,0,,0,,,,,,,,,,,,,,,,,,,,,,,,,,,,,,1,0,0,,,,
YFMWYRP,1910,Central Kansas League,1910-07-04,1,regular,P4488636,Allingham,,Clay Center,ph,9,1,0,,0,,,,,,,,,,,,,,,,,,,,,,,,,,,,,,0,0,0,,,,
YFMWYRP,1910,Central Kansas League,1910-07-04,1,regular,,TOTALS,,Clay Center,,,29,2,,3,,,,,,,,,,,,3,1,,,,,,,,,,,,,,,,,26,14,3,,,,
YFMWYRP,1910,Central Kansas League,1910-07-04,1,regular,P8193810,Strong [Man],,Manhattan,cf,1,4,0,,0,,,,,,,,,,,,,,,,,,,,,,,,,,,,,,2,0,0,,,,
YFMWYRP,1910,Central Kansas League,1910-07-04,1,regular,P3783268,Bond,,Manhattan,3b,2,4,1,,0,,,,,,,,,,,,,,,,,,,,,,,,,,,,,,0,1,0,,,,
YFMWYRP,1910,Central Kansas League,1910-07-04,1,regular,P0417739,Rennard,,Manhattan,rf,3,2,0,,0,,,,,,,,,,,,,,,,,,,,,,,,,,,,,,1,0,0,,,,
YFMWYRP,1910,Central Kansas League,1910-07-04,1,regular,P8784739,Murie,,Manhattan,3b,4,4,1,,1,,,,,,,,,,,,,,,,,,,,,,,,,,,,,,11,0,0,,,,
YFMWYRP,1910,Central Kansas League,1910-07-04,1,regular,P6109890,Parks,,Manhattan,lf,5,3,0,,1,,,,,,,,,,,,,,,,,,,,,,,,,,,,,,5,0,0,,,,
YFMWYRP,1910,Central Kansas League,1910-07-04,1,regular,P8400960,Lindsly,,Manhattan,c,6,3,0,,1,,,,,,,,,,,,,,,,,,,,,,,,,,,,,,3,1,0,,,,
YFMWYRP,1910,Central Kansas League,1910-07-04,1,regular,P4931801,Pierce,,Manhattan,2b,7,4,1,,0,,,,,,,,,,,,,,,,,,,,,,,,,,,,,,2,2,0,,,,
YFMWYRP,1910,Central Kansas League,1910-07-04,1,regular,P2033150,Strohm,,Manhattan,ss,8,3,0,,1,1,,,,,,,,,,,,,,,,,,,,,,,,,,,,,0,5,0,,,,
YFMWYRP,1910,Central Kansas League,1910-07-04,1,regular,P2238192,Gober,,Manhattan,p,9,3,0,,0,,,,,,,,,,,,,,,,1,,,9,,,,,3,1,3,,,,3,3,1,,,,
YFMWYRP,1910,Central Kansas League,1910-07-04,1,regular,,TOTALS,,Manhattan,,,30,3,1,4,,,,,,,,,,,,6,3,,,,,,,,,,,,,,,,,27,12,1,,,,
BQFPTZC,1910,Central Kansas League,1910-07-04,2,regular,P8565874,Getto,,Clay Center,cf,1,4,0,,2,,,,,,,,,,,,,,,,,,,,,,,,,,,,,,1,0,0,,,,
BQFPTZC,1910,Central Kansas League,1910-07-04,2,regular,P2403529,Oswalt,,Clay Center,p,10,2,0,,1,,,,,,,,,,,,,,,1,,,,5,,,,,,,6,,1,,0,0,0,,,,
BQFPTZC,1910,Central Kansas League,1910-07-04,2,regular,P8135210,Strong [CC],,Clay Center,1b,2,4,0,,0,,,,,,,,,,,,,,,,,,,,,,,,,,,,,,8,0,0,,,,
BQFPTZC,1910,Central Kansas League,1910-07-04,2,regular,P3355451,Gramly,,Clay Center,2b,3,4,0,,0,,,,,,,,,,,,,,,,,,,,,,,,,,,,,,2,1,0,1,,,
BQFPTZC,1910,Central Kansas League,1910-07-04,2,regular,P5583152,Southwick,,Clay Center,rf,4,4,0,,0,,,,,,,,,,,,,,,,,,,,,,,,,,,,,,2,0,0,,,,
BQFPTZC,1910,Central Kansas League,1910-07-04,2,regular,P1307818,Barnes,,Clay Center,lf,5,4,0,,1,,,,,,,,,,,,,,,,,,,,,,,,,,,,,,1,1,0,1,,,
BQFPTZC,1910,Central Kansas League,1910-07-04,2,regular,P8040743,Wentz,,Clay Center,3b,6,4,0,,0,,,,,,,,,,,,,,,,,,,,,,,,,,,,,,0,1,0,,,,
BQFPTZC,1910,Central Kansas League,1910-07-04,2,regular,P8811476,Grubbs,,Clay Center,ss,7,4,0,,0,,,,,,,,,,,,,,,,,,,,,,,,,,,,,,1,5,0,,,,
BQFPTZC,1910,Central Kansas League,1910-07-04,2,regular,P4488636,Allingham,,Clay Center,c,8,3,0,,1,,,,,,,,,,,,,,,,,,,,,,,,,,,,,,8,0,0,,,1,
BQFPTZC,1910,Central Kansas League,1910-07-04,2,regular,P0367380,Morehead,,Clay Center,p,9,0,0,,0,,,,,,,,,,,,,,1,,,1,,3,,,,,,2,2,,,,0,1,1,,,,
BQFPTZC,1910,Central Kansas League,1910-07-04,2,regular,,TOTALS,,Clay Center,,,33,0,,5,,,,,,,,,,,,6,1,,,,,,,,,,,,,,,,,23,9,3,,,,
BQFPTZC,1910,Central Kansas League,1910-07-04,2,regular,P8193810,Strong [Man],,Manhattan,cf,1,4,2,,2,,,,,,,,,,,,,,,,,,,,,,,,,,,,,,0,0,0,,,,
BQFPTZC,1910,Central Kansas League,1910-07-04,2,regular,P3783268,Bond,,Manhattan,3b,2,4,0,,0,,,,,,,,,,,1.0,,,,,,,,,,,,,,,,,,,0,2,0,,,,
BQFPTZC,1910,Central Kansas League,1910-07-04,2,regular,P0417739,Rennard,,Manhattan,rf,3,4,1,,2,,,,,,,,,,,,,,,,,,,,,,,,,,,,,,5,0,1,,,,
BQFPTZC,1910,Central Kansas League,1910-07-04,2,regular,P8784739,Murie,,Manhattan,1b,4,3,2,,2,,,,,,,,,,,,,,,,,,,,,,,,,,,,,,12,0,0,,,,
BQFPTZC,1910,Central Kansas League,1910-07-04,2,regular,P6109890,Parks,,Manhattan,lf,5,2,0,,0,,,,,,,,,,,,,,,,,,,,,,,,,,,,,,3,0,0,,,,
BQFPTZC,1910,Central Kansas League,1910-07-04,2,regular,P8400960,Lindsly,,Manhattan,c,6,4,2,,2,1,,,,,,,,,,,,,,,,,,,,,,,,,,,,,3,0,0,,,,
BQFPTZC,1910,Central Kansas League,1910-07-04,2,regular,P4931801,Pierce,,Manhattan,2b,7,4,0,,0,,,,,,,,,,,,,,,,,,,,,,,,,,,,,,3,3,0,,,,
BQFPTZC,1910,Central Kansas League,1910-07-04,2,regular,P2033150,Strohm,,Manhattan,ss,8,4,0,,0,,,,,,,,,,,,,,,,,,,,,,,,,,,,,,1,3,0,,,,
BQFPTZC,1910,Central Kansas League,1910-07-04,2,regular,P1253409,Patterson,,Manhattan,p,9,2,1,,0,,,,,,,1,,,,,,,,,1,,,9,,,,,5,1,2,,,,0,2,0,,,,
BQFPTZC,1910,Central Kansas League,1910-07-04,2,regular,,TOTALS,,Manhattan,,,31,8,4,8,,,,,,,,,,,,3,1,,,,,,,,,,,,,,,,,27,10,1,,,,
FQLFWZM,1910,Central Kansas League,1910-07-08,0,regular,P1308481,Bullock,,Abilene,2b,1,4,3,,1,,,,,,,,,,,,,,,,,,,,,,,,,,,,,,2,1,0,,,,
FQLFWZM,1910,Central Kansas League,1910-07-08,0,regular,P0420852,Epling,,Abilene,ss,2,3,1,,1,1,,,,,,1,,,,,,,,,,,,,,,,,,,,,,,3,4,0,,,,
FQLFWZM,1910,Central Kansas League,1910-07-08,0,regular,P3891467,Munroe,,Abilene,cf,3,4,0,,3,1,,,,,,,,,,,,,,,,,,,,,,,,,,,,,2,0,0,,,,
FQLFWZM,1910,Central Kansas League,1910-07-08,0,regular,P9677567,Conley,,Abilene,lf,4,5,1,,1,,,,,,,,,,,,,,,,,,,,,,,,,,,,,,1,0,0,,,,
FQLFWZM,1910,Central Kansas League,1910-07-08,0,regular,P5446673,Wilson,,Abilene,1b,5,3,0,,1,,,,,,,,,,,,,,,,,,,,,,,,,,,,,,9,0,1,,,,
FQLFWZM,1910,Central Kansas League,1910-07-08,0,regular,P0056658,Ehrgott,,Abilene,rf,6,4,0,,2,,,,,,,,,,,,,,,,,,,,,,,,,,,,,,1,0,0,,,,
FQLFWZM,1910,Central Kansas League,1910-07-08,0,regular,P5214939,Sommers,,Abilene,c,7,4,0,,0,,,,,,,,,,,,,,,,,,,,,,,,,,,,,,3,2,0,,,,
FQLFWZM,1910,Central Kansas League,1910-07-08,0,regular,P9872882,Brittian,,Abilene,3b,8,4,0,,2,,,,,,,,,,,1.0,,,,,,,,,,,,,,,,,,,3,2,0,,,,
FQLFWZM,1910,Central Kansas League,1910-07-08,0,regular,P4544989,Brown,,Abilene,p,9,2,0,,1,,,,,,,,,,,,,,,,,1,,8,,,,,12,2,1,,,,0,1,1,,,,
FQLFWZM,1910,Central Kansas League,1910-07-08,0,regular,,TOTALS,,Abilene,,,33,5,4,12,,,,,,,,,,,,8,,,,,,,,,,,,,,,,,,24,10,2,,,,
FQLFWZM,1910,Central Kansas League,1910-07-08,0,regular,P8040743,Wentz,,Clay Center,3b,1,5,0,,1,,,,,,,,,,,,,,,,,,,,,,,,,,,,,,2,5,0,1,,,
FQLFWZM,1910,Central Kansas League,1910-07-08,0,regular,P8565874,Getto,,Clay Center,cf,2,3,0,,0,,,,,,,,,,,,,,,,,,,,,,,,,,,,,,1,0,0,,,,
FQLFWZM,1910,Central Kansas League,1910-07-08,0,regular,P5583152,Southwick,,Clay Center,c,3,4,1,,2,,1,,,,,,,,,,,,,,,,,,,,,,,,,,,,3,2,0,,,,
FQLFWZM,1910,Central Kansas League,1910-07-08,0,regular,P1307818,Barnes,,Clay Center,lf,4,4,1,,2,,,,,,,,,,,,,,,,,,,,,,,,,,,,,,2,0,0,,,,
FQLFWZM,1910,Central Kansas League,1910-07-08,0,regular,P3719820,Strong,,Clay Center,1b,5,4,1,,1,,,,,,,,,,,,,,,,,,,,,,,,,,,,,,9,1,0,2,,,
FQLFWZM,1910,Central Kansas League,1910-07-08,0,regular,P4488636,Allingham,,Clay Center,cf,6,4,2,,4,1,,,,,,,,,,,,,,,,,,,,,,,,,,,,,0,0,0,,,,
FQLFWZM,1910,Central Kansas League,1910-07-08,0,regular,P8811476,Grubbs,,Clay Center,ss,7,2,1,,1,,,,,,,,,,,,,,,,,,,,,,,,,,,,,,4,2,0,,,,
FQLFWZM,1910,Central Kansas League,1910-07-08,0,regular,P2803647,Brooks,,Clay Center,2b,8,3,1,,0,,,,,,,,,,,,,,,,,,,,,,,,,,,,,,2,2,0,1,,,
FQLFWZM,1910,Central Kansas League,1910-07-08,0,regular,P0367380,Morehead,,Clay Center,p,9,3,0,,0,,,,,,,,,,,,,,,,1,,,9,,,,,12,1,2,1,,,1,4,0,,,,
FQLFWZM,1910,Central Kansas League,1910-07-08,0,regular,,TOTALS,,Clay Center,,,32,8,7,12,,,,,,,,,,,,5,,,,,,,,,,,,,,,,,,26,16,0,,,,
HLTPGYR,1910,Central Kansas League,1910-07-09,0,regular,P1308481,Bullock,,Abilene,2b,1,4,0,,0,,,,,,,,,,,,,,,,,,,,,,,,,,,,,,2,1,1,,,,
HLTPGYR,1910,Central Kansas League,1910-07-09,0,regular,P0420852,Epling,,Abilene,ss,2,3,0,,1,,,,,,,,,,,,,,,,,,,,,,,,,,,,,,0,2,0,,,,
HLTPGYR,1910,Central Kansas League,1910-07-09,0,regular,P3891467,Munroe,,Abilene,cf,3,4,0,,1,,,,,,,,,,,,,,,,,,,,,,,,,,,,,,0,0,0,,,,
HLTPGYR,1910,Central Kansas League,1910-07-09,0,regular,P9677567,Conley,,Abilene,lf,4,4,0,,1,,,,,,,,,,,,,,,,,,,,,,,,,,,,,,2,0,0,,,,
HLTPGYR,1910,Central Kansas League,1910-07-09,0,regular,P5446673,Wilson,,Abilene,1b,5,4,0,,0,,,,,,,,,,,,,,,,,,,,,,,,,,,,,,12,0,0,,,,
HLTPGYR,1910,Central Kansas League,1910-07-09,0,regular,P0056658,Ehrgott,,Abilene,c,6,4,0,,0,,,,,,,,,,,,,,,,,,,,,,,,,,,,,,7,0,0,,,,
HLTPGYR,1910,Central Kansas League,1910-07-09,0,regular,P5214939,Sommers,,Abilene,rf,7,2,0,,0,,,,,,,1,,,,,,,,,,,,,,,,,,,,,,,0,0,0,,,,
HLTPGYR,1910,Central Kansas League,1910-07-09,0,regular,P9872882,Brittian,,Abilene,3b,8,3,0,,1,,,,,,,,,,,,,,,,,,,,,,,,,,,,,,1,4,1,,,,
HLTPGYR,1910,Central Kansas League,1910-07-09,0,regular,P7653080,Wheatley,,Abilene,p,9,3,0,,0,,,,,,,,,,,,,,,,,1,,8,,,,,6,1,6,,,,0,5,1,,,,
HLTPGYR,1910,Central Kansas League,1910-07-09,0,regular,,TOTALS,,Abilene,,,31,0,,4,,,,,,,,,,,,6,2,,,,,,,,,,,,,,,,,24,12,3,,,,
HLTPGYR,1910,Central Kansas League,1910-07-09,0,regular,P8040743,Wentz,,Clay Center,3b,1,4,0,,0,,,,,,,,,,,,,,,,,,,,,,,,,,,,,,2,0,0,,,,
HLTPGYR,1910,Central Kansas League,1910-07-09,0,regular,P8565874,Getto,,Clay Center,cf,2,3,0,,1,,,,,,,,,,,,,,,,,,,,,,,,,,,,,,1,0,0,,,,
HLTPGYR,1910,Central Kansas League,1910-07-09,0,regular,P5583152,Southwick,,Clay Center,c,3,3,3,,2,,,,,,,,,,,,,,,,,,,,,,,,,,,,,,3,0,0,,,,
HLTPGYR,1910,Central Kansas League,1910-07-09,0,regular,P1307818,Barnes,,Clay Center,lf,4,4,0,,0,,,,,,,,,,,,,,,,,,,,,,,,,,,,,,1,0,0,,,,
HLTPGYR,1910,Central Kansas League,1910-07-09,0,regular,P3719820,Strong,,Clay Center,1b,5,4,1,,1,,,1,,,,,,,,,,,,,,,,,,,,,,,,,,,15,0,0,1,,,
HLTPGYR,1910,Central Kansas League,1910-07-09,0,regular,P4488636,Allingham,,Clay Center,rf,6,3,0,,0,,,,,,,,,,,,,,,,,,,,,,,,,,,,,,1,0,0,,,,
HLTPGYR,1910,Central Kansas League,1910-07-09,0,regular,P8811476,Grubbs,,Clay Center,ss,7,3,0,,1,,,,,,,,,,,,,,,,,,,,,,,,,,,,,,2,7,0,1,,,
HLTPGYR,1910,Central Kansas League,1910-07-09,0,regular,P2803647,Brooks,,Clay Center,2b,8,3,0,,0,,,,,,,,,,,,,,,,,,,,,,,,,,,,,,2,3,2,,,,
HLTPGYR,1910,Central Kansas League,1910-07-09,0,regular,P2579276,Stokesberry,,Clay Center,p,9,3,0,,1,,,,,,,,,,,,,,,,1,,,9,,,,,4,1,3,1,,,0,4,0,,,,
HLTPGYR,1910,Central Kansas League,1910-07-09,0,regular,,TOTALS,,Clay Center,,,30,4,3,6,,,,,,,,,,,,4,,,,,,,,,,,,,,,,,,27,14,2,,,,
ZPMWTMX,1910,Central Kansas League,1910-07-12,0,regular,P8565874,Getto,,Clay Center,cf,1,2,0,,0,,,,,,,,,,,,,,,,,,,,,,,,,,,,,,0,0,1,,,,
ZPMWTMX,1910,Central Kansas League,1910-07-12,0,regular,P2403529,Oswalt,,Clay Center,p,10,3,0,,1,1,,,,,,,,,,,,,,,,1,,9,,,,,7,1,7,,,,0,3,0,,,,
ZPMWTMX,1910,Central Kansas League,1910-07-12,0,regular,P2579276,Stokesberry,,Clay Center,ph,11,1,0,,0,,,,,,,,,,,,,,,,,,,,,,,,,,,,,,0,0,0,,,,
ZPMWTMX,1910,Central Kansas League,1910-07-12,0,regular,P2803647,Brooks,,Clay Center,cf,2,2,0,,0,,,,,,,,,,,,,,,,,,,,,,,,,,,,,,0,0,0,,,,
ZPMWTMX,1910,Central Kansas League,1910-07-12,0,regular,P3355451,Gramly,,Clay Center,2b,3,3,1,,0,,,,,,,,,,,,,,,,,,,,,,,,,,,,,,1,2,0,,,,
ZPMWTMX,1910,Central Kansas League,1910-07-12,0,regular,P5583152,Southwick,,Clay Center,c,4,4,0,,1,,,,,,,,,,,,,,,,,,,,,,,,,,,,,,8,0,0,,,,
ZPMWTMX,1910,Central Kansas League,1910-07-12,0,regular,P1307818,Barnes,,Clay Center,lf,5,3,0,,1,,,,,,,1,,,,,,,,,,,,,,,,,,,,,,,2,0,0,,,,
ZPMWTMX,1910,Central Kansas League,1910-07-12,0,regular,P3719820,Strong,,Clay Center,1b,6,4,0,,1,,,,,,,,,,,,,,,,,,,,,,,,,,,,,,10,0,0,,,,
ZPMWTMX,1910,Central Kansas League,1910-07-12,0,regular,P8040743,Wentz,,Clay Center,3b,7,4,0,,0,,,,,,,,,,,,,,,,,,,,,,,,,,,,,,2,1,0,,,,
ZPMWTMX,1910,Central Kansas League,1910-07-12,0,regular,P4488636,Allingham,,Clay Center,rf,8,4,1,,2,1,,,,,,,,,,,,,,,,,,,,,,,,,,,,,3,0,0,,,,
ZPMWTMX,1910,Central Kansas League,1910-07-12,0,regular,P8811476,Grubbs,,Clay Center,ss,9,2,0,,0,,,,,,,,,,,,,,,,,,,,,,,,,,,,,,1,3,2,,,,
ZPMWTMX,1910,Central Kansas League,1910-07-12,0,regular,,TOTALS,,Clay Center,,,32,2,,6,,,,,,,,,,,,8,,,,,,,,,,,,,,,,,,27,9,3,,,,
ZPMWTMX,1910,Central Kansas League,1910-07-12,0,regular,P4064519,Short,,Concordia,2b,1,2,0,,0,,,,,,,,,,,,,,,,,,,,,,,,,,,,,,1,0,0,,,,
ZPMWTMX,1910,Central Kansas League,1910-07-12,0,regular,P9743980,Haight,,Concordia,p,10,4,1,,1,1,,,,,,,,,,,,,,,1,,,9,,,,,6,2,8,,,,0,1,0,,,,
ZPMWTMX,1910,Central Kansas League,1910-07-12,0,regular,P6309670,Fowler,,Concordia,lf,2,2,0,,1,1,,,,,,,,,,,,,,,,,,,,,,,,,,,,,2,0,0,,,,
ZPMWTMX,1910,Central Kansas League,1910-07-12,0,regular,P7340489,Drew,,Concordia,ss,3,4,1,,0,,,,,,,1,,,,,,,,,,,,,,,,,,,,,,,0,4,0,,,,
ZPMWTMX,1910,Central Kansas League,1910-07-12,0,regular,P6136694,Johnson,,Concordia,lf-3b,4,4,1,,1,,,,,,,,,,,,,,,,,,,,,,,,,,,,,,3,0,0,,,,
ZPMWTMX,1910,Central Kansas League,1910-07-12,0,regular,P3817924,Sutton,,Concordia,3b-2b,5,4,1,,2,,,,,,,,,,,,,,,,,,,,,,,,,,,,,,0,6,1,,,,
ZPMWTMX,1910,Central Kansas League,1910-07-12,0,regular,P3722225,Dail,,Concordia,cf,6,4,0,,1,1,,,,,,,,,,,,,,,,,,,,,,,,,,,,,0,0,0,,,,
ZPMWTMX,1910,Central Kansas League,1910-07-12,0,regular,P4951535,Horrell,,Concordia,1b,7,4,0,,1,,,,,,,,,,,,,,,,,,,,,,,,,,,,,,12,1,0,,,,
ZPMWTMX,1910,Central Kansas League,1910-07-12,0,regular,P3298664,Ramsey,,Concordia,rf,8,3,0,,0,,,,,,,,,,,,,,,,,,,,,,,,,,,,,,1,0,0,,,,
ZPMWTMX,1910,Central Kansas League,1910-07-12,0,regular,P2454543,Chapman,,Concordia,c,9,4,0,,0,,,,,,,,,,,,,,,,,,,,,,,,,,,,,,8,1,0,,,1,
ZPMWTMX,1910,Central Kansas League,1910-07-12,0,regular,,TOTALS,,Concordia,,,36,4,,7,,,,,,,,,,,,7,,,,,,,,,,,,,,,,,,27,13,1,,,,
YGHZWJZ,1910,Central Kansas League,1910-07-13,0,regular,P8040743,Wentz,,Clay Center,3b,1,3,0,,0,,,,,,,,,,,,,,,,,,,,,,,,,,,,,,1,0,0,,,,
YGHZWJZ,1910,Central Kansas League,1910-07-13,0,regular,P3355451,Gramly,,Clay Center,2b,2,3,0,,0,,,,,,,,,,,,,,,,,,,,,,,,,,,,,,2,2,0,1,,,
YGHZWJZ,1910,Central Kansas League,1910-07-13,0,regular,P5583152,Southwick,,Clay Center,c,3,4,0,,1,,,,,,,,,,,,,,,,,,,,,,,,,,,,,,6,1,0,,,,
YGHZWJZ,1910,Central Kansas League,1910-07-13,0,regular,P1307818,Barnes,,Clay Center,lf,4,4,0,,1,,,,,,,,,,,,,,,,,,,,,,,,,,,,,,1,0,0,,,,
YGHZWJZ,1910,Central Kansas League,1910-07-13,0,regular,P3719820,Strong,,Clay Center,1b,5,3,0,,0,,,,,,,,,,,,,,,,,,,,,,,,,,,,,,9,0,1,1,,,
YGHZWJZ,1910,Central Kansas League,1910-07-13,0,regular,P4488636,Allingham,,Clay Center,rf,6,3,1,,1,1,,,,,,,,,,,,,,,,,,,,,,,,,,,,,0,0,0,,,,
YGHZWJZ,1910,Central Kansas League,1910-07-13,0,regular,P8811476,Grubbs,,Clay Center,ss,7,3,0,,0,,,,,,,,,,,,,,,,,,,,,,,,,,,,,,2,3,1,,,,
YGHZWJZ,1910,Central Kansas League,1910-07-13,0,regular,P7617208,Hobson,,Clay Center,cf,8,3,0,,2,,,,,,,,,,,,,,,,,,,,,,,,,,,,,,3,0,0,,,,
YGHZWJZ,1910,Central Kansas League,1910-07-13,0,regular,P2579276,Stokesberry,,Clay Center,p,9,3,0,,0,,,,,,,,,,,,,,,,1,,,8,,,,,3,2,4,,,,0,4,0,,,,
YGHZWJZ,1910,Central Kansas League,1910-07-13,0,regular,,TOTALS,,Clay Center,,,29,1,,5,,,,,,,,,,,,7,,,,,,,,,,,,,,,,,,24,10,2,,,,
YGHZWJZ,1910,Central Kansas League,1910-07-13,0,regular,P4064519,Short,,Concordia,2b,1,4,0,,1,,,,,,,,,,,,,,,,,,,,,,,,,,,,,,3,3,0,,,,
YGHZWJZ,1910,Central Kansas League,1910-07-13,0,regular,P7340489,Drew,,Concordia,ss,2,3,0,,0,,,,,,,,,,,,,,,,,,,,,,,,,,,,,,0,2,1,,,,
YGHZWJZ,1910,Central Kansas League,1910-07-13,0,regular,P6136694,Johnson,,Concordia,lf,3,4,0,,0,,,,,,,,,,,,,,,,,,,,,,,,,,,,,,2,0,0,,,,
YGHZWJZ,1910,Central Kansas League,1910-07-13,0,regular,P3817924,Sutton,,Concordia,3b,4,3,0,,0,,,,,,,,,,,,,,,,,,,,,,,,,,,,,,1,2,2,,,,
YGHZWJZ,1910,Central Kansas League,1910-07-13,0,regular,P3722225,Dail,,Concordia,cf,5,2,0,,1,,1,,,,,,,,,,,,,,,,,,,,,,,,,,,,2,0,1,,,,
YGHZWJZ,1910,Central Kansas League,1910-07-13,0,regular,P4951535,Horrell,,Concordia,1b,6,3,0,,1,1,,,,,,,,,,,,,,,,,,,,,,,,,,,,,11,1,0,,,,
YGHZWJZ,1910,Central Kansas League,1910-07-13,0,regular,P3298664,Ramsey,,Concordia,rf,7,3,0,,0,,,,,,,,,,,,,,,,,,,,,,,,,,,,,,1,0,0,,,,
YGHZWJZ,1910,Central Kansas League,1910-07-13,0,regular,P3158750,Fowler,J.,Concordia,c,8,2,0,,0,,,,,,,,,,,,,,,,,,,,,,,,,,,,,,2,1,0,,,,
YGHZWJZ,1910,Central Kansas League,1910-07-13,0,regular,P6700103,Fowler,S.,Concordia,p,9,3,0,,0,,,,,,,,,,,,,,,,,1,,7.1,,,,,5,1,,,,,0,3,0,,,,
YGHZWJZ,1910,Central Kansas League,1910-07-13,0,regular,,TOTALS,,Concordia,,,27,0,,3,,,,,,,,,,,,5,,,,,,,,,,,,,,,,,,22,12,4,,,,
VDNRBLZ,1910,Central Kansas League,1910-07-16,0,regular,P6354147,Jones,,Beloit,p,1,,,,,,,,,,,,,,,,,,,,,,,,,,,,,,,,,,,,,,,,
VDNRBLZ,1910,Central Kansas League,1910-07-16,0,regular,P5601783,Griffith,,Beloit,c,2,,,,,,,,,,,,,,,,,,,,,,,,,,,,,,,,,,,,,,,,
VDNRBLZ,1910,Central Kansas League,1910-07-16,0,regular,,TOTALS,,Beloit,,,,2,,6,,,,,,,,,,,,,,,,,,,,,,,,,,,,,,,,1,,,,
VDNRBLZ,1910,Central Kansas League,1910-07-16,0,regular,P2403529,Oswalt,,Clay Center,p,1,,,,,,,,,,,,,,,,,,,,,,,,,,,,,,,,,,,,,,,,
VDNRBLZ,1910,Central Kansas League,1910-07-16,0,regular,P2579276,Stokesberry,,Clay Center,p,2,,,,,,,,,,,,,,,,,,,,,,,,,,,,,,,,,,,,,,,,
VDNRBLZ,1910,Central Kansas League,1910-07-16,0,regular,P5583152,Southwick,,Clay Center,c,3,,,,,,,,,,,,,,,,,,,,,,,,,,,,,,,,,,,,,,,,
VDNRBLZ,1910,Central Kansas League,1910-07-16,0,regular,,TOTALS,,Clay Center,,,,1,,8,,,,,,,,,,,,,,,,,,,,,,,,,,,,,,,,1,,,,
BBWGHWK,1910,Central Kansas League,1910-07-18,0,regular,P4488636,Allingham,,Clay Center,rf,1,5,0,,1,,,,,,,,,,1,,,,,,,,,,,,,,,,,,,,3,0,0,,,,
BBWGHWK,1910,Central Kansas League,1910-07-18,0,regular,P3355451,Gramly,,Clay Center,1b,2,5,2,,1,,,,,,,,,,3,,,,,,,,,,,,,,,,,,,,1,4,0,,,,
BBWGHWK,1910,Central Kansas League,1910-07-18,0,regular,P5583152,Southwick,,Clay Center,c,3,2,1,,1,1,,,,,,1,,,2,,,,,,,,,,,,,,,,,,,,4,0,0,,,,
BBWGHWK,1910,Central Kansas League,1910-07-18,0,regular,P1307818,Barnes,,Clay Center,lf,4,3,0,,0,,,,,,,,,,,,,,,,,,,,,,,,,,,,,,1,0,0,,,,
BBWGHWK,1910,Central Kansas League,1910-07-18,0,regular,P3719820,Strong,,Clay Center,1b,5,5,1,,1,,,,,,,,,,,,,,,,,,,,,,,,,,,,,,14,0,0,,,,
BBWGHWK,1910,Central Kansas League,1910-07-18,0,regular,P8040743,Wentz,,Clay Center,3b,6,4,2,,3,1,,,,,,,,,1,,,,,,,,,,,,,,,,,,,,2,3,2,,,,
BBWGHWK,1910,Central Kansas League,1910-07-18,0,regular,P8811476,Grubbs,,Clay Center,ss,7,4,1,,1,,,,,,,,,,1,,,,,,,,,,,,,,,,,,,,1,3,0,,,,
BBWGHWK,1910,Central Kansas League,1910-07-18,0,regular,P7617208,Hobson,,Clay Center,cf,8,4,1,,1,,1,,,,,,,,,,,,,,,,,,,,,,,,,,,,0,0,0,,,,
BBWGHWK,1910,Central Kansas League,1910-07-18,0,regular,P0367380,Morehead,,Clay Center,p,9,3,0,,0,,,,,,,,,,,,,,,,1,,,9,,,,,4,4,4,,,,1,3,0,,,,
BBWGHWK,1910,Central Kansas League,1910-07-18,0,regular,,TOTALS,,Clay Center,,,35,8,,9,,,,,,,,,,,,,,,,,,,,,,,,,,,,,,27,13,2,,,,
BBWGHWK,1910,Central Kansas League,1910-07-18,0,regular,P1912139,Poindexter,,Ellsworth,lf,1,3,0,,0,,,,,,,,,,,,,,,,,,,,,,,,,,,,,,0,0,0,,,,
BBWGHWK,1910,Central Kansas League,1910-07-18,0,regular,P5849239,Fullwider,,Ellsworth,p,10,3,0,,1,1,,,,,,,,,,,,,,,,1,,8,,,,,9,5,5,1,,,1,3,0,1,,,
BBWGHWK,1910,Central Kansas League,1910-07-18,0,regular,P6582813,McLain,,Ellsworth,ph,11,1,0,,0,,,,,,,,,,,,,,,,,,,,,,,,,,,,,,0,0,0,,,,
BBWGHWK,1910,Central Kansas League,1910-07-18,0,regular,P2434761,Peebles,,Ellsworth,lf,2,1,0,,0,,,,,,,,,,,,,,,,,,,,,,,,,,,,,,1,0,0,,,,
BBWGHWK,1910,Central Kansas League,1910-07-18,0,regular,P0608262,Armstrong,,Ellsworth,1b,3,4,0,,2,1,,,,,,,,,,,,,,,,,,,,,,,,,,,,,8,1,0,1,,,
BBWGHWK,1910,Central Kansas League,1910-07-18,0,regular,P5229975,Bankhead,,Ellsworth,c,4,4,0,,0,,,,,,,,,,,,,,,,,,,,,,,,,,,,,,3,1,0,1,,,
BBWGHWK,1910,Central Kansas League,1910-07-18,0,regular,P9231177,Reed,,Ellsworth,2b,5,4,0,,0,,,,,,,,,,,,,,,,,,,,,,,,,,,,,,3,1,0,,,,
BBWGHWK,1910,Central Kansas League,1910-07-18,0,regular,P6025590,Pickens,,Ellsworth,ss,6,4,0,,0,,,,,,,,,,,,,,,,,,,,,,,,,,,,,,0,2,3,,,,
BBWGHWK,1910,Central Kansas League,1910-07-18,0,regular,P2871531,Johns,,Ellsworth,rf,7,4,0,,0,,,,,,,,,,,,,,,,,,,,,,,,,,,,,,0,0,0,,,,
BBWGHWK,1910,Central Kansas League,1910-07-18,0,regular,P6221755,Schlensker,,Ellsworth,cf,8,2,0,,1,1,,,,,,,,,,,,,,,,,,,,,,,,,,,,,3,0,0,,,,
BBWGHWK,1910,Central Kansas League,1910-07-18,0,regular,P6152332,Jewell,,Ellsworth,3b,9,2,0,,0,,,,,,,,,,,,,,,,,,,,,,,,,,,,,,2,2,0,,,,
BBWGHWK,1910,Central Kansas League,1910-07-18,0,regular,,TOTALS,,Ellsworth,,,33,2,,4,,,,,,,,,,,,,,,,,,,,,,,,,,,,,,24,11,3,,,,
MCSPCPV,1910,Central Kansas League,1910-07-19,0,regular,P4488636,Allingham,,Clay Center,cf,1,4,1,,1,,,,,,,,,,1,,,,,,,,,,,,,,,,,,,,5,1,1,,,,
MCSPCPV,1910,Central Kansas League,1910-07-19,0,regular,P3355451,Gramly,,Clay Center,2b,2,4,0,,0,,,,,,,,,,,,,,,,,,,,,,,,,,,,,,0,4,1,,,,
MCSPCPV,1910,Central Kansas League,1910-07-19,0,regular,P5583152,Southwick,,Clay Center,c,3,3,0,,0,1,,,,,,,,,1,,,,,,,,,,,,,,,,,,,,1,0,0,,,,
MCSPCPV,1910,Central Kansas League,1910-07-19,0,regular,P1307818,Barnes,,Clay Center,lf,4,4,0,,1,,,,,,,,,,,,,,,,,,,,,,,,,,,,,,3,0,0,,,,
MCSPCPV,1910,Central Kansas League,1910-07-19,0,regular,P3719820,Strong,,Clay Center,1b,5,4,1,,1,,,,,,,,,,,,,,,,,,,,,,,,,,,,,,13,0,1,1,,,
MCSPCPV,1910,Central Kansas League,1910-07-19,0,regular,P8040743,Wentz,,Clay Center,3b,6,2,1,,1,,,,,,,,,,1,,,,,,,,,,,,,,,,,,,,0,4,0,,,,
MCSPCPV,1910,Central Kansas League,1910-07-19,0,regular,P8811476,Grubbs,,Clay Center,ss,7,4,0,,2,,,,,,,,,,1,,,,,,,,,,,,,,,,,,,,2,3,0,1,,,
MCSPCPV,1910,Central Kansas League,1910-07-19,0,regular,P7617208,Hobson,,Clay Center,rf,8,4,0,,0,,,,,,,,,,,,,,,,,,,,,,,,,,,,,,3,0,0,,,,
MCSPCPV,1910,Central Kansas League,1910-07-19,0,regular,P2803647,Brooks,,Clay Center,p,9,4,0,,0,,,,,,,,,,,,,,,,,1,,,,,,,9,3,1,,,,0,2,0,,,,
MCSPCPV,1910,Central Kansas League,1910-07-19,0,regular,,TOTALS,,Clay Center,,,33,3,,6,,,,,,,,,,,,,,,,,,,,,,,,,,,,,,27,14,3,,,,
MCSPCPV,1910,Central Kansas League,1910-07-19,0,regular,P1912139,Poindexter,,Ellsworth,lf,1,4,0,,0,,,,,,,,,,,,,,,,,,,,,,,,,,,,,,1,0,0,,,,
MCSPCPV,1910,Central Kansas League,1910-07-19,0,regular,P9612853,Woods,,Ellsworth,p,10,3,0,,0,,,,,,,,,,,,,,,1,1,,,,,,,,3,1,5,,,1,0,2,0,,,,
MCSPCPV,1910,Central Kansas League,1910-07-19,0,regular,P0608262,Armstrong,,Ellsworth,1b,2,5,1,,2,,,,,,,,,,,,,,,,,,,,,,,,,,,,,,14,0,0,2,,,
MCSPCPV,1910,Central Kansas League,1910-07-19,0,regular,P5229975,Bankhead,,Ellsworth,c,3,5,1,,2,,,,,,,,,,,,,,,,,,,,,,,,,,,,,,6,0,0,,,,
MCSPCPV,1910,Central Kansas League,1910-07-19,0,regular,P9231177,Reed,,Ellsworth,2b,4,3,2,,1,,,,,,,1,,,,,,,,,,,,,,,,,,,,,,,1,4,0,1,,,
MCSPCPV,1910,Central Kansas League,1910-07-19,0,regular,P6025590,Pickens,,Ellsworth,ss,5,3,1,,2,,,,,,,,,,,,,,,,,,,,,,,,,,,,,,2,4,2,1,,,
MCSPCPV,1910,Central Kansas League,1910-07-19,0,regular,P2871531,Johns,,Ellsworth,rf,6,2,1,,0,,,,,,,1,,,1,,,,,,,,,,,,,,,,,,,,0,0,0,,,,
MCSPCPV,1910,Central Kansas League,1910-07-19,0,regular,P6221755,Schlensker,,Ellsworth,cf,7,5,1,,1,,,,,,,,,,,,,,,,,,,,,,,,,,,,,,1,0,0,,,,
MCSPCPV,1910,Central Kansas League,1910-07-19,0,regular,P6152332,Jewell,,Ellsworth,3b,8,3,1,,1,,,,,,,,,,,,,,,,,,,,,,,,,,,,,,2,2,0,,,,
MCSPCPV,1910,Central Kansas League,1910-07-19,0,regular,P5406148,Taylor,,Ellsworth,p,9,0,0,,0,,,,,,,,,,,,,,1,,,,,,,,,,3,2,,,,,0,1,0,,,,
MCSPCPV,1910,Central Kansas League,1910-07-19,0,regular,,TOTALS,,Ellsworth,,,33,8,,9,,,,,,,,,,,,,,,,,,,,,,,,,,,,,,27,13,2,,,,
LRVYSVV,1910,Central Kansas League,1910-07-20,0,regular,P4488636,Allingham,,Clay Center,cf,1,4,0,,1,,,,,,,,,,,,,,,,,,,,,,,,,,,,,,1,1,0,,,,
LRVYSVV,1910,Central Kansas League,1910-07-20,0,regular,P3355451,Gramly,,Clay Center,2b,2,3,0,,0,,,,,,,1,,,1,,,,,,,,,,,,,,,,,,,,3,5,0,,,,
LRVYSVV,1910,Central Kansas League,1910-07-20,0,regular,P5583152,Southwick,,Clay Center,c,3,4,0,,0,,,,,,,,,,,,,,,,,,,,,,,,,,,,,,3,1,0,,,,
LRVYSVV,1910,Central Kansas League,1910-07-20,0,regular,P1307818,Barnes,,Clay Center,cf,4,3,0,,0,,,,,,,,,,,,,,,,,,,,,,,,,,,,,,0,0,0,,,,
LRVYSVV,1910,Central Kansas League,1910-07-20,0,regular,P3719820,Strong,,Clay Center,1b,5,4,0,,1,,,,,,,,,,,,,,,,,,,,,,,,,,,,,,12,0,0,,,,
LRVYSVV,1910,Central Kansas League,1910-07-20,0,regular,P8040743,Wentz,,Clay Center,3b,6,4,0,,0,,,,,,,,,,,,,,,,,,,,,,,,,,,,,,2,1,0,,,,
LRVYSVV,1910,Central Kansas League,1910-07-20,0,regular,P8811476,Grubbs,,Clay Center,ss,7,4,0,,1,,,,,,,,,,,,,,,,,,,,,,,,,,,,,,2,4,1,,,,
LRVYSVV,1910,Central Kansas League,1910-07-20,0,regular,P7617208,Hobson,,Clay Center,rf,8,4,0,,2,,,,,,,,,,1,,,,,,,,,,,,,,,,,,,,2,0,0,,,,
LRVYSVV,1910,Central Kansas League,1910-07-20,0,regular,P0367380,Morehead,,Clay Center,p,9,3,0,,0,,,,,,,,,,,,,,,,,1,,9,,,,,5,,3,1,,,2,3,0,,,,
LRVYSVV,1910,Central Kansas League,1910-07-20,0,regular,,TOTALS,,Clay Center,,,33,0,,5,,,,,,,,,,,,,,,,,,,,,,,,,,,,,,27,15,1,,,,
LRVYSVV,1910,Central Kansas League,1910-07-20,0,regular,P1912139,Poindexter,,Ellsworth,lf,1,4,1,,0,,,,,,,,,,1,,,,,,,,,,,,,,,,,,,,2,0,0,,,,
LRVYSVV,1910,Central Kansas League,1910-07-20,0,regular,P0608262,Armstrong,,Ellsworth,1b,2,4,0,,1,,1,,,,,,,,,,,,,,,,,,,,,,,,,,,,8,0,0,,,,
LRVYSVV,1910,Central Kansas League,1910-07-20,0,regular,P5229975,Bankhead,,Ellsworth,c,3,3,0,,1,,,,,,,1,,,,,,,,,,,,,,,,,,,,,,,6,1,0,,,,
LRVYSVV,1910,Central Kansas League,1910-07-20,0,regular,P9231177,Reed,,Ellsworth,2b,4,4,0,,2,,,,,,,,,,,,,,,,,,,,,,,,,,,,,,5,2,0,,,,
LRVYSVV,1910,Central Kansas League,1910-07-20,0,regular,P6025590,Pickens,,Ellsworth,ss,5,4,0,,0,,,,,,,,,,,,,,,,,,,,,,,,,,,,,,1,4,0,,,,
LRVYSVV,1910,Central Kansas League,1910-07-20,0,regular,P2871531,Johns,,Ellsworth,rf,6,3,0,,0,,,,,,,,,,,,,,,,,,,,,,,,,,,,,,3,0,0,,,,
LRVYSVV,1910,Central Kansas League,1910-07-20,0,regular,P6221755,Schlensker,,Ellsworth,cf,7,3,0,,1,,,,,,,,,,,,,,,,,,,,,,,,,,,,,,2,0,0,,,,
LRVYSVV,1910,Central Kansas League,1910-07-20,0,regular,P7397390,Jeyell,,Ellsworth,3b,8,3,0,,0,,,,,,,,,,,,,,,,,,,,,,,,,,,,,,0,3,0,,,,
LRVYSVV,1910,Central Kansas League,1910-07-20,0,regular,P5406148,Taylor,,Ellsworth,p,9,3,0,,0,,,,,,,,,,,,,,,,1,,,9,,,,,5,1,6,1,,,0,1,0,,,,
LRVYSVV,1910,Central Kansas League,1910-07-20,0,regular,,TOTALS,,Ellsworth,,,31,1,,5,,,,,,,,,,,,,,,,,,,,,,,,,,,,,,27,11,0,,,,
HRKRKQD,1910,Central Kansas League,1910-07-25,0,regular,P0547728,White,,Clay Center,2b,1,4,3,,3,1,,,,,,,,,4,,,,,,,,,,,,,,,,,,,,5,3,0,,,,
HRKRKQD,1910,Central Kansas League,1910-07-25,0,regular,P1659488,Gramley,,Clay Center,3b,2,4,1,,2,,,,,,,,,,1,,,,,,,,,,,,,,,,,,,,1,2,0,,,,
HRKRKQD,1910,Central Kansas League,1910-07-25,0,regular,P3719820,Strong,,Clay Center,1b,3,4,2,,3,,,,,,,,,,3,,,,,,,,,,,,,,,,,,,,12,2,0,,,,
HRKRKQD,1910,Central Kansas League,1910-07-25,0,regular,P5583152,Southwick,,Clay Center,c,4,4,0,,0,,,,,,,,,,1,,,,,,,,,,,,,,,,,,,,5,1,0,,,,
HRKRKQD,1910,Central Kansas League,1910-07-25,0,regular,P1307818,Barnes,,Clay Center,lf,5,5,1,,3,1,,,,,,,,,3,,,,,,,,,,,,,,,,,,,,2,0,0,,,,
HRKRKQD,1910,Central Kansas League,1910-07-25,0,regular,P4488636,Allingham,,Clay Center,rf,6,4,0,,1,,,,,,,,,,1,,,,,,,,,,,,,,,,,,,,1,0,0,,,,
HRKRKQD,1910,Central Kansas League,1910-07-25,0,regular,P8040743,Wentz,,Clay Center,cf,7,4,,,1,,,,,,,,,,1,,,,,,,,,,,,,,,,,,,,0,1,0,,,,
HRKRKQD,1910,Central Kansas League,1910-07-25,0,regular,P8811476,Grubbs,,Clay Center,ss,8,3,1,,0,,,,,,,,,,1,,,,,,,,,,,,,,,,,,,,1,4,1,,,,
HRKRKQD,1910,Central Kansas League,1910-07-25,0,regular,P0367380,Morehead,,Clay Center,p,9,4,0,,0,,,,,,,,,,,,,,,,1,,,9,,,,,3,2,4,,,,0,2,0,,,,
HRKRKQD,1910,Central Kansas League,1910-07-25,0,regular,,TOTALS,,Clay Center,,,36,9,,13,,,,,,,,,,,,8,,,,,,,,,,,,,,,,,,27,15,1,,,,
HRKRKQD,1910,Central Kansas League,1910-07-25,0,regular,P8663479,Willer,,Junction City,3b,1,4,0,,0,,,,,,,,,,,,,,,,,,,,,,,,,,,,,,3,0,0,,,,
HRKRKQD,1910,Central Kansas League,1910-07-25,0,regular,P8627607,Jepson,,Junction City,p,10,2,0,,0,,,,,,,,,,,,,,,1,,,,5.1,,,,,4,4,5,,,,0,3,0,,,,
HRKRKQD,1910,Central Kansas League,1910-07-25,0,regular,P8281894,Erickson,,Junction City,lf,2,4,0,,0,,,,,,,,,,,,,,,,,,,,,,,,,,,,,,3,0,0,,,,
HRKRKQD,1910,Central Kansas League,1910-07-25,0,regular,P7156694,Bankhead,,Junction City,2b,3,4,0,,2,1,,,,,,,,,,,,,,,,,,,,,,,,,,,,,2,0,0,,,,
HRKRKQD,1910,Central Kansas League,1910-07-25,0,regular,P9420072,Nelson,C.,Junction City,rf,4,1,0,,1,,,,,,,1,,,,,,,,,,,,,,,,,,,,,,,0,0,0,,,,
HRKRKQD,1910,Central Kansas League,1910-07-25,0,regular,P8876615,Nelson,B.,Junction City,c,5,4,0,,0,,,,,,,,,,,,,,,,,,,,,,,,,,,,,,9,2,2,,,,
HRKRKQD,1910,Central Kansas League,1910-07-25,0,regular,P4353153,Mathews,,Junction City,cf,6,4,0,,0,,,,,,,,,,,,,,,,,,,,,,,,,,,,,,0,0,0,,,,
HRKRKQD,1910,Central Kansas League,1910-07-25,0,regular,P4217332,Woods,,Junction City,1b,7,3,0,,0,,,,,,,,,,,,,,,,,,,,,,,,,,,,,,7,1,2,,,,
HRKRKQD,1910,Central Kansas League,1910-07-25,0,regular,P5484647,Hesher,,Junction City,ss,8,3,0,,0,,,,,,,,,,,,,,,,,,,,,,,,,,,,,,0,2,1,,,,
HRKRKQD,1910,Central Kansas League,1910-07-25,0,regular,P9253677,McGrew,,Junction City,p,9,1,0,,0,,,,,,,,,,,,,,1,,,1,,2.2,,,,,9,1,3,,,,0,1,1,,,,
HRKRKQD,1910,Central Kansas League,1910-07-25,0,regular,,TOTALS,,Junction City,,,30,0,,3,,,,,,,,,,,,6,,,,,,,,,,,,,,,,,,24,9,6,,,,
CYHJSWN,1910,Central Kansas League,1910-07-26,0,regular,P0547728,White,,Clay Center,2b,1,4,0,,2,,,,,,,,,,,,,,,,,,,,,,,,,,,,,,1,3,0,,,,
CYHJSWN,1910,Central Kansas League,1910-07-26,0,regular,P3355451,Gramly,,Clay Center,3b,2,3,0,,0,,,,,,,1,,,,,,,,,,,,,,,,,,,,,,,1,3,0,,,,
CYHJSWN,1910,Central Kansas League,1910-07-26,0,regular,P3719820,Strong,,Clay Center,1b,3,4,0,,1,,,,,,,,,,,,,,,,,,,,,,,,,,,,,,11,0,1,,,,
CYHJSWN,1910,Central Kansas League,1910-07-26,0,regular,P5583152,Southwick,,Clay Center,c,4,4,0,,2,,,,,,,,,,,,,,,,,,,,,,,,,,,,,,9,0,0,,,,
CYHJSWN,1910,Central Kansas League,1910-07-26,0,regular,P1307818,Barnes,,Clay Center,lf,5,3,0,,0,,,,,,,1,,,,,,,,,,,,,,,,,,,,,,,0,0,0,,,,
CYHJSWN,1910,Central Kansas League,1910-07-26,0,regular,P7617208,Hobson,,Clay Center,rf,6,4,0,,0,,,,,,,,,,,,,,,,,,,,,,,,,,,,,,0,0,0,,,,
CYHJSWN,1910,Central Kansas League,1910-07-26,0,regular,P8040743,Wentz,,Clay Center,cf,7,3,1,,1,,,,,,,,,,,,,,,,,,,,,,,,,,,,,,3,1,0,,,,
CYHJSWN,1910,Central Kansas League,1910-07-26,0,regular,P8811476,Grubbs,,Clay Center,ss,8,2,1,,1,,,,,,,,,,,,,,,,,,,,,,,,,,,,,,3,1,0,,,,
CYHJSWN,1910,Central Kansas League,1910-07-26,0,regular,P2403529,Oswalt,,Clay Center,p,9,2,0,,0,,,,,,,,,,,,,,,,1,,,9,,,,,5,1,9,,,,0,1,0,,,,
CYHJSWN,1910,Central Kansas League,1910-07-26,0,regular,,TOTALS,,Clay Center,,,29,2,1,7,,,,,,,,,,,,7,,,,,,,,,,,,,,,,,,27,11,2,,,,
CYHJSWN,1910,Central Kansas League,1910-07-26,0,regular,P0387891,Weller,,Junction City,3b,1,4,1,,1,1,,,,,,,,,,,,,,,,,,,,,,,,,,,,,3,2,0,3,,,
CYHJSWN,1910,Central Kansas League,1910-07-26,0,regular,P8627607,Jepson,,Junction City,ph,10,1,0,,0,,,,,,,,,,,,,,,,,,,,,,,,,,,,,,0,0,0,,,,
CYHJSWN,1910,Central Kansas League,1910-07-26,0,regular,P8281894,Erickson,,Junction City,lf,2,4,0,,0,,,,,,,,,,,,,,,,,,,,,,,,,,,,,,1,0,1,,,,
CYHJSWN,1910,Central Kansas League,1910-07-26,0,regular,P7156694,Bankhead,,Junction City,2b,3,4,0,,0,,,,,,,,,,,,,,,,,,,,,,,,,,,,,,1,0,1,,,,
CYHJSWN,1910,Central Kansas League,1910-07-26,0,regular,P9420072,Nelson,C.,Junction City,rf,4,3,0,,0,,,,,,,,,,,,,,,,,,,,,,,,,,,,,,1,0,0,,,,
CYHJSWN,1910,Central Kansas League,1910-07-26,0,regular,P8876615,Nelson,B.,Junction City,c,5,4,0,,1,,,,,,,,,,,,,,,,,,,,,,,,,,,,,,6,0,0,,,,
CYHJSWN,1910,Central Kansas League,1910-07-26,0,regular,P4353153,Mathews,,Junction City,cf,6,4,0,,2,,,,,,,,,,,,,,,,,,,,,,,,,,,,,,0,0,0,,,,
CYHJSWN,1910,Central Kansas League,1910-07-26,0,regular,P4217332,Woods,,Junction City,1b,7,4,0,,1,,,,,,,,,,,,,,,,,,,,,,,,,,,,,,11,2,0,2,,,
CYHJSWN,1910,Central Kansas League,1910-07-26,0,regular,P5484647,Hesher,,Junction City,ss,8,2,0,,0,,,,,,,,,,,,,,,,,,,,,,,,,,,,,,1,4,0,1,,,
CYHJSWN,1910,Central Kansas League,1910-07-26,0,regular,P9253677,McGrew,,Junction City,p,9,3,0,,0,,,,,,,,,,,,,,,,,1,,8,,,,,7,1,5,,,,0,4,0,,,,
CYHJSWN,1910,Central Kansas League,1910-07-26,0,regular,,TOTALS,,Junction City,,,33,1,,5,,,,,,,,,,,,6,,,,,,,,,,,,,,,,,,24,12,2,,,,
RHRVNPW,1910,Central Kansas League,1910-07-27,0,regular,P0547728,White,,Clay Center,2b,1,4,0,,2,,,,,,,,,,2,,,,,,,,,,,,,,,,,,,,0,1,1,,,,
RHRVNPW,1910,Central Kansas League,1910-07-27,0,regular,P3355451,Gramly,,Clay Center,1b,2,5,0,,2,,,,,,,,,,1,,,,,,,,,,,,,,,,,,,,12,1,0,,,,
RHRVNPW,1910,Central Kansas League,1910-07-27,0,regular,P3719820,Strong,,Clay Center,c,3,5,1,,1,,,,,,,,,,,,,,,,,,,,,,,,,,,,,,7,2,0,,,,
RHRVNPW,1910,Central Kansas League,1910-07-27,0,regular,P1307818,Barnes,,Clay Center,lf,4,3,0,,2,1,,,,,,1,,,1,,,,,,,,,,,,,,,,,,,,3,0,0,,,,
RHRVNPW,1910,Central Kansas League,1910-07-27,0,regular,P8040743,Wentz,,Clay Center,3b,5,4,1,,3,,,,,,,,,,2,,,,,,,,,,,,,,,,,,,,2,5,0,,,,
RHRVNPW,1910,Central Kansas League,1910-07-27,0,regular,P4488636,Allingham,,Clay Center,rf,6,5,1,,1,,,,,,,,,,1,,,,,,,,,,,,,,,,,,,,0,0,0,,,,
RHRVNPW,1910,Central Kansas League,1910-07-27,0,regular,P8811476,Grubbs,,Clay Center,ss,7,5,0,,1,,,,,,,,,,,,,,,,,,,,,,,,,,,,,,1,0,1,,,,
RHRVNPW,1910,Central Kansas League,1910-07-27,0,regular,P7617208,Hobson,,Clay Center,rf,8,4,0,,1,,,,,,,,,,1,,,,,,,,,,,,,,,,,,,,1,0,0,,,,
RHRVNPW,1910,Central Kansas League,1910-07-27,0,regular,P2803647,Brooks,,Clay Center,p,9,4,0,,2,,,,,,,,,,,,,,,,1,,,9,,,,,5,0,6,,,,1,4,0,,,,
RHRVNPW,1910,Central Kansas League,1910-07-27,0,regular,,TOTALS,,Clay Center,,,39,3,3,15,,,,,,,,,,,,,,,,,,,,,,,,,,,,,,27,13,2,,,,
RHRVNPW,1910,Central Kansas League,1910-07-27,0,regular,P0387891,Weller,,Junction City,3b,1,4,1,,1,,1,,,,,,,,,,,,,,,,,,,,,,,,,,,,2,1,2,,,,
RHRVNPW,1910,Central Kansas League,1910-07-27,0,regular,P8627607,Jepson,,Junction City,p,10,3,0,,0,,,,,,,,,,,,,,,1,,1,,8,,,,,13,2,3,,,,1,1,0,,,,
RHRVNPW,1910,Central Kansas League,1910-07-27,0,regular,P8281894,Erickson,,Junction City,lf,2,3,0,,0,,,,,,,,,,,,,,,,,,,,,,,,,,,,,,1,0,0,,,,
RHRVNPW,1910,Central Kansas League,1910-07-27,0,regular,P7156694,Bankhead,,Junction City,2b,3,4,1,,1,,,,,,,,,,,,,,,,,,,,,,,,,,,,,,4,2,0,,,,
RHRVNPW,1910,Central Kansas League,1910-07-27,0,regular,P9420072,Nelson,C.,Junction City,rf,4,4,0,,2,,,,,,,,,,1,,,,,,,,,,,,,,,,,,,,2,1,0,,,,
RHRVNPW,1910,Central Kansas League,1910-07-27,0,regular,P8876615,Nelson,B.,Junction City,c,5,4,0,,0,,,,,,,,,,,,,,,,,,,,,,,,,,,,,,5,2,0,,,,
RHRVNPW,1910,Central Kansas League,1910-07-27,0,regular,P4353153,Mathews,,Junction City,cf,6,3,0,,0,,,,,,,,,,,,,,,,,,,,,,,,,,,,,,1,0,0,,,,
RHRVNPW,1910,Central Kansas League,1910-07-27,0,regular,P4217332,Woods,,Junction City,1b,7,3,0,,0,,,,,,,,,,,,,,,,,,,,,,,,,,,,,,8,1,0,,,,
RHRVNPW,1910,Central Kansas League,1910-07-27,0,regular,P5484647,Hesher,,Junction City,ss,8,3,0,,1,,,,,,,,,,,,,,,,,,,,,,,,,,,,,,1,5,0,,,,
RHRVNPW,1910,Central Kansas League,1910-07-27,0,regular,P8507849,Kelly,,Junction City,p,9,0,0,,0,,,,,,,,,,,,,,1,,,,,0.1,,,,,2,,,1,,,0,0,0,,,,
RHRVNPW,1910,Central Kansas League,1910-07-27,0,regular,,TOTALS,,Junction City,,,31,2,1,5,,,,,,,,,,,,,1,,,,,,,,,,,,,,,,,25,13,2,,,,
PWTHLVF,1910,Central Kansas League,1910-07-28,0,regular,P0547728,White,,Clay Center,2b,1,5,0,,0,,,,,,,,,,,,,,,,,,,,,,,,,,,,,,1,4,1,,,,
PWTHLVF,1910,Central Kansas League,1910-07-28,0,regular,P0367380,Morehead,,Clay Center,p,10,0,0,,0,,,,,,,,,,,,,,,1,,,,3,,,,,2,2,,,,,0,0,0,,,,
PWTHLVF,1910,Central Kansas League,1910-07-28,0,regular,P3355451,Gramly,,Clay Center,1b,2,5,1,,1,,,,,,,,,,,,,,,,,,,,,,,,,,,,,,10,1,0,,,,
PWTHLVF,1910,Central Kansas League,1910-07-28,0,regular,P8135210,Strong [CC],,Clay Center,c,3,5,1,,2,,,,,,,,,,,,,,,,,,,,,,,,,,,,,,4,1,0,,,,
PWTHLVF,1910,Central Kansas League,1910-07-28,0,regular,P1307818,Barnes,,Clay Center,lf,4,4,1,,0,,,,,,,,,,,,,,,,,,,,,,,,,,,,,,5,0,0,,,,
PWTHLVF,1910,Central Kansas League,1910-07-28,0,regular,P8040743,Wentz,,Clay Center,3b,5,3,2,,2,,,,,,,1,,,,,,,,,,,,,,,,,,,,,,,2,1,1,,,,
PWTHLVF,1910,Central Kansas League,1910-07-28,0,regular,P4488636,Allingham,,Clay Center,rf,6,4,1,,2,,,,,,,,,,,,,,,,,,,,,,,,,,,,,,0,1,3,,,,
PWTHLVF,1910,Central Kansas League,1910-07-28,0,regular,P8811476,Grubbs,,Clay Center,ss,7,4,0,,3,1,,,,,,,,,,,,,,,,,,,,,,,,,,,,,3,4,1,,,,
PWTHLVF,1910,Central Kansas League,1910-07-28,0,regular,P2803647,Brooks,,Clay Center,cf,8,4,0,,0,,,,,,,,,,,,,,,,,,,,,,,,,,,,,,0,0,0,,,,
PWTHLVF,1910,Central Kansas League,1910-07-28,0,regular,P7617208,Hobson,,Clay Center,p,9,3,0,,2,,,,,,,,,,,,,,1,,1,,,6,,,,,8,2,4,,,,0,1,0,,,,
PWTHLVF,1910,Central Kansas League,1910-07-28,0,regular,,TOTALS,,Clay Center,,,37,6,,12,,,,,,,,,,,,8,,,,,,,,,,,,,,,,,,27,13,5,,,,
PWTHLVF,1910,Central Kansas League,1910-07-28,0,regular,P8193810,Strong [Man],,Manhattan,cf,1,5,0,,3,,,,,,,,,,,,,,,,,,,,,,,,,,,,,,1,0,0,,,,
PWTHLVF,1910,Central Kansas League,1910-07-28,0,regular,P1253409,Patterson,,Manhattan,p,10,2,0,,0,,,,,,,,,,,,,,1,,,1,,5,,,,,10,1,3,,,,0,1,0,,,,
PWTHLVF,1910,Central Kansas League,1910-07-28,0,regular,P8883526,Miller,,Manhattan,c,11,2,0,,0,,,,,,,,,,,,,,,,,,,,,,,,,,,,,,2,1,0,,,,
PWTHLVF,1910,Central Kansas League,1910-07-28,0,regular,P4931801,Pierce,,Manhattan,2b,2,5,1,,1,,,,,,,,,,,,,,,,,,,,,,,,,,,,,,3,2,3,,,,
PWTHLVF,1910,Central Kansas League,1910-07-28,0,regular,P0417739,Rennard,,Manhattan,rf,3,4,1,,1,,,,,,,,,,,,,,,,,,,,,,,,,,,,,,1,0,0,,,,
PWTHLVF,1910,Central Kansas League,1910-07-28,0,regular,P8784739,Murie,,Manhattan,1b-p,4,5,1,,2,1,,,,,,,,,,,,,,1,,,,3,,,,,2,1,2,,,,6,0,0,,,,
PWTHLVF,1910,Central Kansas League,1910-07-28,0,regular,P6109890,Parks,,Manhattan,lf,5,5,0,,2,,,,,,,,,,,,,,,,,,,,,,,,,,,,,,1,1,0,,,,
PWTHLVF,1910,Central Kansas League,1910-07-28,0,regular,P7352837,Lindsley,,Manhattan,c-1b,6,5,0,,0,,,,,,,,,,,,,,,,,,,,,,,,,,,,,,6,2,0,,,,
PWTHLVF,1910,Central Kansas League,1910-07-28,0,regular,P0842418,Haag,,Manhattan,3b,7,1,0,,0,,,,,,,,,,,,,,,,,,,,,,,,,,,,,,0,0,0,,,,
PWTHLVF,1910,Central Kansas League,1910-07-28,0,regular,P3783268,Bond,,Manhattan,3b,8,3,0,,0,,,,,,,,,,,,,,,,,,,,,,,,,,,,,,2,0,0,,,,
PWTHLVF,1910,Central Kansas League,1910-07-28,0,regular,P2033150,Strohm,,Manhattan,ss,9,4,1,,1,,,,,,,,,,,,,,,,,,,,,,,,,,,,,,2,4,1,,,,
PWTHLVF,1910,Central Kansas League,1910-07-28,0,regular,,TOTALS,,Manhattan,,,41,4,,10,,,,,,,,,,,,12,,,,,,,,,,,,,,,,,,24,11,4,,,,
NHCDBWS,1910,Central Kansas League,1910-07-29,0,regular,P8040743,Wentz,,Clay Center,3b,1,4,1,,2,1,,,,,,,,,1,,,,,,,,,,,,,,,,,,,,0,3,0,,,,
NHCDBWS,1910,Central Kansas League,1910-07-29,0,regular,P0547728,White,,Clay Center,2b,2,3,1,,1,,,,,,,,,,1,,,,,,,,,,,,,,,,,,,,2,2,0,1,,,
NHCDBWS,1910,Central Kansas League,1910-07-29,0,regular,P8135210,Strong [CC],,Clay Center,1b,3,4,1,,1,,,,,,,,,,,,,,,,,,,,,,,,,,,,,,14,0,0,1,,,
NHCDBWS,1910,Central Kansas League,1910-07-29,0,regular,P4488636,Allingham,,Clay Center,rf,4,3,0,,1,,1,,,,,1,,,,,,,,,,,,,,,,,,,,,,,0,0,0,,,,
NHCDBWS,1910,Central Kansas League,1910-07-29,0,regular,P1307818,Barnes,,Clay Center,lf,5,4,0,,1,,,,,,,,,,1,,,,,,,,,,,,,,,,,,,,2,0,0,,,,
NHCDBWS,1910,Central Kansas League,1910-07-29,0,regular,P5583152,Southwick,,Clay Center,c,6,4,0,,0,,,,,,,,,,,,,,,,,,,,,,,,,,,,,,6,0,0,,,,
NHCDBWS,1910,Central Kansas League,1910-07-29,0,regular,P2803647,Brooks,,Clay Center,cf,7,3,0,,1,,,,,,,,,,,,,,,,,,,,,,,,,,,,,,2,0,0,,,,
NHCDBWS,1910,Central Kansas League,1910-07-29,0,regular,P8811476,Grubbs,,Clay Center,ss,8,3,0,,0,,,,,,,,,,,,,,,,,,,,,,,,,,,,,,1,4,2,1,,,
NHCDBWS,1910,Central Kansas League,1910-07-29,0,regular,P2579276,Stokesberry,,Clay Center,p,9,2,0,,0,,,,,,,1,,,,,,,,,1,,,9,,,,,7,,6,,,,0,4,0,,,,
NHCDBWS,1910,Central Kansas League,1910-07-29,0,regular,,TOTALS,,Clay Center,,,30,3,2,7,,,,,,,,,,,,6,,,,,,,,,,,,,,,,,,27,15,2,,,,
NHCDBWS,1910,Central Kansas League,1910-07-29,0,regular,P8193810,Strong [Man],,Manhattan,cf,1,4,0,,1,,,,,,,,,,,,,,,,,,,,,,,,,,,,,,0,0,0,,,,
NHCDBWS,1910,Central Kansas League,1910-07-29,0,regular,P8400960,Lindsly,,Manhattan,ph,10,1,0,,0,,,,,,,,,,,,,,,,,,,,,,,,,,,,,,0,0,0,,,,
NHCDBWS,1910,Central Kansas League,1910-07-29,0,regular,P4931801,Pierce,,Manhattan,2b,2,4,1,,1,1,,,,,,,,,,,,,,,,,,,,,,,,,,,,,2,2,0,,,,
NHCDBWS,1910,Central Kansas League,1910-07-29,0,regular,P0417739,Rennard,,Manhattan,rf,3,4,1,,1,,,,,,,,,,1,,,,,,,,,,,,,,,,,,,,0,0,0,,,,
NHCDBWS,1910,Central Kansas League,1910-07-29,0,regular,P8784739,Murie,,Manhattan,1b,4,4,0,,2,,1,,,,,,,,,,,,,,,,,,,,,,,,,,,,10,1,0,,,,
NHCDBWS,1910,Central Kansas League,1910-07-29,0,regular,P6109890,Parks,,Manhattan,lf,5,4,0,,2,,,,,,,,,,,,,,,,,,,,,,,,,,,,,,0,0,0,,,,
NHCDBWS,1910,Central Kansas League,1910-07-29,0,regular,P3783268,Bond,,Manhattan,3b,6,4,0,,0,,,,,,,,,,,,,,,,,,,,,,,,,,,,,,2,0,0,,,,
NHCDBWS,1910,Central Kansas League,1910-07-29,0,regular,P8883526,Miller,,Manhattan,c,7,3,0,,0,,,,,,,,,,,,,,,,,,,,,,,,,,,,,,6,1,0,,,,
NHCDBWS,1910,Central Kansas League,1910-07-29,0,regular,P2033150,Strohm,,Manhattan,ss,8,3,0,,0,,,,,,,,,,,,,,,,,,,,,,,,,,,,,,3,5,1,,,,
NHCDBWS,1910,Central Kansas League,1910-07-29,0,regular,P2238192,Gober,,Manhattan,p,9,3,0,,0,,,,,,,,,,,,,,,,,1,,8,,,,,7,1,6,,,,1,3,0,,,,
NHCDBWS,1910,Central Kansas League,1910-07-29,0,regular,,TOTALS,,Manhattan,,,34,2,1,7,,,,,,,,,,,,5,,,,,,,,,,,,,,,,,,24,12,1,,,,
CCZSRMC,1910,Central Kansas League,1910-07-30,0,regular,P8040743,Wentz,,Clay Center,3b,1,4,0,,1,,,,,,,,,,,,,,,,,,,,,,,,,,,,,,1,7,0,,,,
CCZSRMC,1910,Central Kansas League,1910-07-30,0,regular,P0367380,Morehead,,Clay Center,p,10,2,0,,1,,,,,,,,,,,,,,,,,,,5,,,,,4,,4,,,,0,0,0,,,,
CCZSRMC,1910,Central Kansas League,1910-07-30,0,regular,P2803647,Brooks,,Clay Center,p,11,1,0,,0,,,,,,,,,,,,,,,,,,,2.2,,,,,4,,1,,,,0,0,0,,,,
CCZSRMC,1910,Central Kansas League,1910-07-30,0,regular,P2403529,Oswalt,,Clay Center,p,12,0,0,,0,,,,,,,,,,,,,,,,,,,1.1,,,,,5,,2,,,,0,0,0,,,,
CCZSRMC,1910,Central Kansas League,1910-07-30,0,regular,P3355451,Gramly,,Clay Center,cf-1b,2,4,0,,0,,,,,,,,,,,,,,,,,,,,,,,,,,,,,,2,0,0,,,,
CCZSRMC,1910,Central Kansas League,1910-07-30,0,regular,P0547728,White,,Clay Center,2b,3,4,0,,1,,,,,,,,,,,,,,,,,,,,,,,,,,,,,,1,2,0,,,,
CCZSRMC,1910,Central Kansas League,1910-07-30,0,regular,P3719820,Strong,,Clay Center,1b-c,4,4,1,,1,,,,,,,,,,,,,,,,,,,,,,,,,,,,,,13,1,1,,,,
CCZSRMC,1910,Central Kansas League,1910-07-30,0,regular,P1307818,Barnes,,Clay Center,lf,5,3,1,,0,,,,,,,,,,,,,,,,,,,,,,,,,,,,,,2,1,0,,,,
CCZSRMC,1910,Central Kansas League,1910-07-30,0,regular,P4488636,Allingham,,Clay Center,rf,6,3,0,,0,,,,,,,,,,,,,,,,,,,,,,,,,,,,,,0,0,0,,,,
CCZSRMC,1910,Central Kansas League,1910-07-30,0,regular,P5583152,Southwick,,Clay Center,c,7,0,0,,0,,,,,,,,,,,,,,,,,,,,,,,,,,,,,,7,0,0,,,,
CCZSRMC,1910,Central Kansas League,1910-07-30,0,regular,P2579276,Stokesberry,,Clay Center,cf,8,2,0,,2,,,,,,,,,,,,,,,,,,,,,,,,,,,,,,1,0,0,,,,
CCZSRMC,1910,Central Kansas League,1910-07-30,0,regular,P8811476,Grubbs,,Clay Center,ss,9,3,0,,0,,,,,,,,,,,,,,,,,,,,,,,,,,,,,,0,5,0,,,,
CCZSRMC,1910,Central Kansas League,1910-07-30,0,regular,,TOTALS,,Clay Center,,,30,2,1,6,,,,,,,,,,,,6,,,,,,,,,,,,,,,,,,27,16,1,,,,
CCZSRMC,1910,Central Kansas League,1910-07-30,0,regular,P9087051,Strong,Al,Manhattan,cf,1,6,0,,3,1,1,,,,,,,,,,,,,,,,,,,,,,,,,,,,1,0,0,,,,
CCZSRMC,1910,Central Kansas League,1910-07-30,0,regular,P0842418,Haag,,Manhattan,p,10,4,1,,1,,,,,,,,,,,,,,,,,,,,,,,,6,2,6,,,,0,7,0,,,,
CCZSRMC,1910,Central Kansas League,1910-07-30,0,regular,P4931801,Pierce,,Manhattan,2b,2,4,1,,1,1,,,,,,,,,,,,,,,,,,,,,,,,,,,,,2,1,0,,,,
CCZSRMC,1910,Central Kansas League,1910-07-30,0,regular,P0417739,Rennard,,Manhattan,rf,3,5,1,,1,,,,,,,,,,,,,,,,,,,,,,,,,,,,,,2,0,0,,,,
CCZSRMC,1910,Central Kansas League,1910-07-30,0,regular,P8784739,Murie,,Manhattan,1b,4,5,3,,3,1,,,,,,,,,,,,,,,,,,,,,,,,,,,,,12,0,0,,,,
CCZSRMC,1910,Central Kansas League,1910-07-30,0,regular,P6109890,Parks,,Manhattan,lf,5,4,2,,1,,,,,,,,,,,,,,,,,,,,,,,,,,,,,,0,0,0,,,,
CCZSRMC,1910,Central Kansas League,1910-07-30,0,regular,P3783268,Bond,,Manhattan,3b,6,3,1,,1,,,,,,,,,,,,,,,,,,,,,,,,,,,,,,0,2,1,,,,
CCZSRMC,1910,Central Kansas League,1910-07-30,0,regular,P8883526,Miller,,Manhattan,c,7,1,0,,0,,,,,,,,,,,,,,,,,,,,,,,,,,,,,,0,0,0,,,,
CCZSRMC,1910,Central Kansas League,1910-07-30,0,regular,P2041972,Lindsy,,Manhattan,c,8,4,0,,2,,,,,,,,,,,,,,,,,,,,,,,,,,,,,,8,0,1,,,,
CCZSRMC,1910,Central Kansas League,1910-07-30,0,regular,P2033150,Strohm,,Manhattan,ss,9,3,1,,1,,,,,,,,,,,,,,,,,,,,,,,,,,,,,,2,3,0,,,,
CCZSRMC,1910,Central Kansas League,1910-07-30,0,regular,,TOTALS,,Manhattan,,,39,10,6,14,,,,,,,,,,,,7,,,,,,,,,,,,,,,,,,27,13,2,,,,
FFKSTZT,1910,Central Kansas League,1910-08-07,0,regular,P3355451,Gramly,,Clay Center,1b,1,4,0,,0,,,,,,,,,,,,,,,,,,,,,,,,,,,,,,8,0,1,1,,,
FFKSTZT,1910,Central Kansas League,1910-08-07,0,regular,P0367380,Morehead,,Clay Center,p,10,3,0,,0,,,,,,,,,,,,,,,,,,,,,,,,,3,5,1,,,1,5,0,,,,
FFKSTZT,1910,Central Kansas League,1910-08-07,0,regular,P0547728,White,,Clay Center,2b,2,4,0,,0,,,,,,,,,,,,,,,,,,,,,,,,,,,,,,5,2,0,1,,,
FFKSTZT,1910,Central Kansas League,1910-08-07,0,regular,P3719820,Strong,,Clay Center,rf,3,3,0,,0,,,,,,,,,,,,,,,,,,,,,,,,,,,,,,2,0,0,,,,
FFKSTZT,1910,Central Kansas League,1910-08-07,0,regular,P1307818,Barnes,,Clay Center,lf,4,3,0,,0,,,,,,,,,,,,,,,,,,,,,,,,,,,,,,1,0,0,,,,
FFKSTZT,1910,Central Kansas League,1910-08-07,0,regular,P8040743,Wentz,,Clay Center,3b,5,3,0,,0,,,,,,,,,,,,,,,,,,,,,,,,,,,,,,1,0,0,,,,
FFKSTZT,1910,Central Kansas League,1910-08-07,0,regular,P5583152,Southwick,,Clay Center,c,6,1,0,,0,,,,,,,,,,,,,,,,,,,,,,,,,,,,,,3,1,0,,,,
FFKSTZT,1910,Central Kansas League,1910-08-07,0,regular,P2803647,Brooks,,Clay Center,cf,7,1,0,,0,,,,,,,,,,,,,,,,,,,,,,,,,,,,,,1,0,0,,,,
FFKSTZT,1910,Central Kansas League,1910-08-07,0,regular,P4488636,Allingham,,Clay Center,rf-c,8,3,0,,1,,,,,,,,,,,,,,,,,,,,,,,,,,,,,,2,0,0,,,,
FFKSTZT,1910,Central Kansas League,1910-08-07,0,regular,P8811476,Grubbs,,Clay Center,ss,9,3,0,,0,,,,,,,,,,,,,,,,,,,,,,,,,,,,,,0,3,1,1,,,
FFKSTZT,1910,Central Kansas League,1910-08-07,0,regular,,TOTALS,,Clay Center,,,28,0,,1,,,,,,,,,,,,,,,,,,,,,,,,,,,,,,24,11,2,,,,
FFKSTZT,1910,Central Kansas League,1910-08-07,0,regular,P0387891,Weller,,Junction City,3b,1,2,0,,0,,,,,,,,,,,,,,,,,,,,,,,,,,,,,,0,1,0,,,,
FFKSTZT,1910,Central Kansas League,1910-08-07,0,regular,P7102063,Mathias,,Junction City,cf,2,4,0,,0,,,,,,,,,,,,,,,,,,,,,,,,,,,,,,2,0,0,,,,
FFKSTZT,1910,Central Kansas League,1910-08-07,0,regular,P7156694,Bankhead,,Junction City,2b,3,4,0,,1,,,,,,,,,,,,,,,,,,,,,,,,,,,,,,2,4,1,,,,
FFKSTZT,1910,Central Kansas League,1910-08-07,0,regular,P9420072,Nelson,C.,Junction City,cf,4,2,1,,0,,,,,,,,,,,,,,,,,,,,,,,,,,,,,,3,0,0,,,,
FFKSTZT,1910,Central Kansas League,1910-08-07,0,regular,P4217332,Woods,,Junction City,1b,5,1,0,,0,,,,,,,,,,,,,,,,,,,,,,,,,,,,,,12,0,0,,,,
FFKSTZT,1910,Central Kansas League,1910-08-07,0,regular,P0287630,Walker,,Junction City,cf,6,3,0,,0,,,,,,,,,,,,,,,,,,,,,,,,,,,,,,0,0,0,,,,
FFKSTZT,1910,Central Kansas League,1910-08-07,0,regular,P8618645,Wascher,,Junction City,ss,7,3,0,,0,,,,,,,,,,,,,,,,,,,,,,,,,,,,,,1,2,1,,,,
FFKSTZT,1910,Central Kansas League,1910-08-07,0,regular,P8507849,Kelly,,Junction City,p,8,2,1,,1,,,,,,,,,,,,,,,,,,,,,,,,,1,9,,,,0,2,0,,,,
FFKSTZT,1910,Central Kansas League,1910-08-07,0,regular,,TOTALS,,Junction City,,,24,2,,2,,,,,,,,,,,,,,,,,,,,,,,,,,,,,,27,13,2,,,,
