key,date,number,league,phase,site,away,away.score,away.manager,home,home.score,home.manager,A,T,forfeit.to,status,status.reason,outsatend,filename,source,away.score.1,away.score.2,away.score.3,away.score.4,away.score.5,away.score.6,away.score.7,away.score.8,away.score.9,away.score.10,away.score.11,away.score.12,away.score.13,away.score.14,away.score.15,away.score.16,away.score.17,away.score.18,home.score.1,home.score.2,home.score.3,home.score.4,home.score.5,home.score.6,home.score.7,home.score.8,home.score.9,home.score.10,home.score.11,home.score.12,home.score.13,home.score.14,home.score.15,home.score.16,home.score.17,home.score.18
1f52cd6f-0755-5bf6-9780-3e8dc7fc7727,1915-05-27,0,Blue Ridge,regular,,Hagerstown,,,Chambersburg,,,,,,,,,transcript/1915/1915-GSS/boxes/BLRI-19150527.txt,"Gettysburg Star and Sentinel, May 28, 1915",,,,,,,,,,,,,,,,,,,,,,,,,,,,,,,,,,,,
9fab2131-c7c5-5bb9-a89d-d44cdaea7371,1915-05-27,0,Blue Ridge,regular,,Martinsburg,,,Frederick,,,,,,,,,transcript/1915/1915-GSS/boxes/BLRI-19150527.txt,"Gettysburg Star and Sentinel, May 28, 1915",,,,,,,,,,,,,,,,,,,,,,,,,,,,,,,,,,,,
e7535b9a-7569-55f1-aaf4-9c49bcd9d817,1915-05-27,0,Blue Ridge,regular,,Gettysburg,,,Hanover,,,,1:30,,,,,transcript/1915/1915-GSS/boxes/BLRI-19150527.txt,"Gettysburg Star and Sentinel, May 28, 1915",,,,,,,,,,,,,,,,,,,,,,,,,,,,,,,,,,,,
f8280a5b-7ae7-5939-b1fa-a44977921c65,1915-05-28,0,Blue Ridge,regular,,Hanover,5,,Gettysburg,1,,,1:50,,,,,transcript/1915/1915-GSS/boxes/BLRI-19150527.txt,"Gettysburg Star and Sentinel, May 29, 1915",0,0,0,0,4,0,0,0,1,,,,,,,,,,0,0,1,0,0,0,0,0,0,,,,,,,,,
ea3bbfed-de64-50fd-939c-c93ed55e53c8,1915-05-28,0,Blue Ridge,regular,,Chambersburg,,,Hagerstown,,,,,,,,,transcript/1915/1915-GSS/boxes/BLRI-19150527.txt,"Gettysburg Star and Sentinel, May 29, 1915",,,,,,,,,,,,,,,,,,,,,,,,,,,,,,,,,,,,
8cd3b62a-bb9e-5651-97f6-6d7555ba5159,1915-05-28,0,Blue Ridge,regular,,Frederick,,,Martinsburg,,,,,,,,,transcript/1915/1915-GSS/boxes/BLRI-19150527.txt,"Gettysburg Star and Sentinel, May 29, 1915",,,,,,,,,,,,,,,,,,,,,,,,,,,,,,,,,,,,
e0775cc8-4296-54c4-9dd0-512dd1819a08,1915-05-29,0,Blue Ridge,regular,,Chambersburg,,,Hagerstown,,,,,,postponed,rain,,transcript/1915/1915-GSS/boxes/BLRI-19150527.txt,"Gettysburg Star and Sentinel, June 1, 1915",,,,,,,,,,,,,,,,,,,,,,,,,,,,,,,,,,,,
f7338aaf-99a4-5280-bf97-d6fe8ecb6666,1915-05-29,0,Blue Ridge,regular,,Gettysburg,3,,Hanover,4,,,,,,,,transcript/1915/1915-GSS/boxes/BLRI-19150527.txt,"Gettysburg Star and Sentinel, June 1, 1915",0,0,0,0,1,0,1,1,0,0,,,,,,,,,2,0,0,0,1,0,0,0,0,1,,,,,,,,
5c5defed-63ed-5e3f-9e3a-407bcc52d64f,1915-05-29,0,Blue Ridge,regular,,Frederick,4,,Martinsburg,3,,,,,,,,transcript/1915/1915-GSS/boxes/BLRI-19150527.txt,"Gettysburg Star and Sentinel, June 1, 1915",0,0,2,0,0,0,2,0,0,,,,,,,,,,0,0,3,0,0,0,0,0,0,,,,,,,,,
3a1aa41e-edbe-5d5f-91e8-ce091ac32129,1915-05-31,2,Blue Ridge,regular,,Gettysburg,5,,Frederick,7,,1400,2:15,,,,,transcript/1915/1915-GSS/boxes/BLRI-19150531.txt,"Gettysburg Star and Sentinel, June 1, 1915",0,2,0,0,0,0,0,1,2,,,,,,,,,,1,0,0,1,4,1,0,0,x,,,,,,,,,
27b5dfa7-1a4d-529f-bbaa-41bb7884cf74,1915-05-31,1,Blue Ridge,regular,,Frederick,,,Gettysburg,,,,,,postponed,wet grounds,,transcript/1915/1915-GSS/boxes/BLRI-19150531.txt,"Gettysburg Star and Sentinel, June 1, 1915",,,,,,,,,,,,,,,,,,,,,,,,,,,,,,,,,,,,
327b521f-03b0-5cec-84aa-c73695bda806,1915-05-31,1,Blue Ridge,regular,,Martinsburg,,,Hagerstown,,,,,,,,,transcript/1915/1915-GSS/boxes/BLRI-19150531.txt,"Gettysburg Star and Sentinel, June 1, 1915",,,,,,,,,,,,,,,,,,,,,,,,,,,,,,,,,,,,
cfc38a90-7cd2-5140-8050-f5132b8a6c9b,1915-05-31,1,Blue Ridge,regular,,Chambersburg,,,Hanover,,,,,,,,,transcript/1915/1915-GSS/boxes/BLRI-19150531.txt,"Gettysburg Star and Sentinel, June 1, 1915",,,,,,,,,,,,,,,,,,,,,,,,,,,,,,,,,,,,
791d99c1-f917-5beb-babd-73ac845d6b71,1915-05-31,2,Blue Ridge,regular,,Chambersburg,,,Hanover,,,,,,,,,transcript/1915/1915-GSS/boxes/BLRI-19150531.txt,"Gettysburg Star and Sentinel, June 1, 1915",,,,,,,,,,,,,,,,,,,,,,,,,,,,,,,,,,,,
60b00a5b-0ed6-5ad9-8ecc-80f9de8935a9,1915-05-31,2,Blue Ridge,regular,,Hagerstown,,,Martinsburg,,,,,,,,,transcript/1915/1915-GSS/boxes/BLRI-19150531.txt,"Gettysburg Star and Sentinel, June 1, 1915",,,,,,,,,,,,,,,,,,,,,,,,,,,,,,,,,,,,
53ff0049-64d0-58e7-98c8-1e5db2e612bd,1915-06-01,0,Blue Ridge,regular,,Gettysburg,,,Chambersburg,,,,,,,,,transcript/1915/1915-GSS/boxes/BLRI-19150531.txt,"Gettysburg Star and Sentinel, June 2, 1915",,,,,,,,,,,,,,,,,,,,,,,,,,,,,,,,,,,,
5e7f9135-84fa-5db5-866e-71224bab678c,1915-06-02,0,Blue Ridge,regular,,Gettysburg,,,Chambersburg,,,,,,postponed,rain,,transcript/1915/1915-GSS/boxes/BLRI-19150531.txt,"Gettysburg Star and Sentinel, June 3, 1915",,,,,,,,,,,,,,,,,,,,,,,,,,,,,,,,,,,,
20f01e90-8656-52b5-be7c-b2b4a1611f02,1915-06-02,0,Blue Ridge,regular,,Hanover,,,Frederick,,,,,,postponed,rain,,transcript/1915/1915-GSS/boxes/BLRI-19150531.txt,"Gettysburg Star and Sentinel, June 3, 1915",,,,,,,,,,,,,,,,,,,,,,,,,,,,,,,,,,,,
12c870b7-3163-59d0-a743-40071c1d19be,1915-06-02,0,Blue Ridge,regular,,Martinsburg,,,Hagerstown,,,,,,postponed,rain,,transcript/1915/1915-GSS/boxes/BLRI-19150531.txt,"Gettysburg Star and Sentinel, June 3, 1915",,,,,,,,,,,,,,,,,,,,,,,,,,,,,,,,,,,,
83bad560-7cf5-5950-ae2a-cb0c60b6a478,1915-06-03,0,Blue Ridge,regular,,Gettysburg,,,Chambersburg,,,,,,postponed,wet grounds,,transcript/1915/1915-GSS/boxes/BLRI-19150531.txt,"Gettysburg Star and Sentinel, June 4, 1915",,,,,,,,,,,,,,,,,,,,,,,,,,,,,,,,,,,,
94e5fbc3-23d4-5363-8126-9f50d2425394,1915-06-03,0,Blue Ridge,regular,,Hanover,,,Frederick,,,,,,postponed,wet grounds,,transcript/1915/1915-GSS/boxes/BLRI-19150531.txt,"Gettysburg Star and Sentinel, June 4, 1915",,,,,,,,,,,,,,,,,,,,,,,,,,,,,,,,,,,,
48f07f39-c35a-5262-85d9-a0ca3e0f13df,1915-06-03,0,Blue Ridge,regular,,Hagerstown,,,Martinsburg,,,,,,postponed,wet grounds,,transcript/1915/1915-GSS/boxes/BLRI-19150531.txt,"Gettysburg Star and Sentinel, June 4, 1915",,,,,,,,,,,,,,,,,,,,,,,,,,,,,,,,,,,,
b65ce6c0-e91c-5961-a458-ecd7652ce86c,1915-06-04,0,Blue Ridge,regular,,Gettysburg,6,,Chambersburg,2,,,2:15,,,,,transcript/1915/1915-GSS/boxes/BLRI-19150531.txt,"Gettysburg Star and Sentinel, June 5, 1915",0,1,0,0,4,0,0,1,0,,,,,,,,,,0,0,1,1,0,0,0,0,0,,,,,,,,,
cf08d82e-c527-5fd0-a545-d29d1702d558,1915-06-04,0,Blue Ridge,regular,,Frederick,,,Hagerstown,,,,,,,,,transcript/1915/1915-GSS/boxes/BLRI-19150531.txt,"Gettysburg Star and Sentinel, June 5, 1915",,,,,,,,,,,,,,,,,,,,,,,,,,,,,,,,,,,,
2dff5751-b943-57fc-872b-0b47a43a2d50,1915-06-04,0,Blue Ridge,regular,,Martinsburg,,,Hanover,,,,,,,,,transcript/1915/1915-GSS/boxes/BLRI-19150531.txt,"Gettysburg Star and Sentinel, June 5, 1915",,,,,,,,,,,,,,,,,,,,,,,,,,,,,,,,,,,,
6568d13d-b06f-5f88-87f4-d43f7679deb3,1915-06-05,0,Blue Ridge,regular,,Gettysburg,8,,Chambersburg,3,,,2:00,,,,,transcript/1915/1915-GSS/boxes/BLRI-19150531.txt,"Gettysburg Star and Sentinel, June 7, 1915",0,0,1,2,0,1,3,0,0,,,,,,,,,,1,0,1,0,0,0,1,0,0,,,,,,,,,
fd041707-de3b-57a6-a1ee-c613724a0e18,1915-06-05,0,Blue Ridge,regular,,Frederick,,,Hagerstown,,,,,,,,,transcript/1915/1915-GSS/boxes/BLRI-19150531.txt,"Gettysburg Star and Sentinel, June 7, 1915",,,,,,,,,,,,,,,,,,,,,,,,,,,,,,,,,,,,
602ab379-6209-590a-b9e3-b4daaa84a691,1915-06-05,0,Blue Ridge,regular,,Martinsburg,,,Hanover,,,,,,,,,transcript/1915/1915-GSS/boxes/BLRI-19150531.txt,"Gettysburg Star and Sentinel, June 7, 1915",,,,,,,,,,,,,,,,,,,,,,,,,,,,,,,,,,,,
b2e0f54c-56ce-51c3-8d1a-3c6746648bd4,1915-06-07,0,Blue Ridge,regular,,Hanover,2,,Chambersburg,7,,,,,,,,transcript/1915/1915-GSS/boxes/BLRI-19150607.txt,"Gettysburg Star and Sentinel, June 8, 1915",1,0,0,0,0,0,0,1,0,,,,,,,,,,0,0,0,0,0,0,0,7,x,,,,,,,,,
b3589ae4-49c7-5f0b-92ad-f0dc5495fa7d,1915-06-07,0,Blue Ridge,regular,,Hagerstown,,,Frederick,,,,,,,,,transcript/1915/1915-GSS/boxes/BLRI-19150607.txt,"Gettysburg Star and Sentinel, June 8, 1915",,,,,,,,,,,,,,,,,,,,,,,,,,,,,,,,,,,,
986f49d4-2084-5d31-baf6-9162bb5aada0,1915-06-07,0,Blue Ridge,regular,Hagerstown,Martinsburg,1,,Gettysburg,3,,,2:20,,,,,transcript/1915/1915-GSS/boxes/BLRI-19150607.txt,"Gettysburg Star and Sentinel, June 8, 1915",0,0,0,1,0,0,0,0,0,,,,,,,,,,0,0,0,0,0,1,0,2,x,,,,,,,,,
9140df47-9dee-513a-8fc6-85539e4c5b68,1915-06-08,0,Blue Ridge,regular,,Hanover,2,,Chambersburg,7,,,,,,,,transcript/1915/1915-GSS/boxes/BLRI-19150607.txt,"Gettysburg Star and Sentinel, June 9, 1915",0,2,0,0,0,0,0,0,0,,,,,,,,,,1,0,3,0,2,1,0,0,x,,,,,,,,,
d272f7e0-d5da-530a-9bb3-7f8fe40b6493,1915-06-08,0,Blue Ridge,regular,,Hagerstown,,,Frederick,,,,,,,,,transcript/1915/1915-GSS/boxes/BLRI-19150607.txt,"Gettysburg Star and Sentinel, June 9, 1915",,,,,,,,,,,,,,,,,,,,,,,,,,,,,,,,,,,,
16762a55-844d-5d8d-a9b6-1b9d3f33eb73,1915-06-08,0,Blue Ridge,regular,,Gettysburg,8,,Martinsburg,9,,,2:25,,,,,transcript/1915/1915-GSS/boxes/BLRI-19150607.txt,"Gettysburg Star and Sentinel, June 9, 1915",0,0,3,0,1,0,0,4,0,,,,,,,,,,2,0,3,0,3,0,0,1,x,,,,,,,,,
61bff606-b095-5caf-beb3-6061bb552b80,1915-06-09,0,Blue Ridge,regular,,Frederick,6,,Chambersburg,4,,,,,,,,transcript/1915/1915-GSS/boxes/BLRI-19150607.txt,"Gettysburg Star and Sentinel, June 10, 1915",0,0,1,1,1,1,0,0,0,2,,,,,,,,,1,0,3,0,0,0,0,0,0,0,,,,,,,,
ea18eb75-9b3a-5198-be50-98b26e5818b2,1915-06-09,0,Blue Ridge,regular,,Gettysburg,1,,Hagerstown,8,,,1:50,,,,,transcript/1915/1915-GSS/boxes/BLRI-19150607.txt,"Gettysburg Star and Sentinel, June 10, 1915",0,0,0,1,0,0,0,0,0,,,,,,,,,,3,0,0,2,2,0,1,0,x,,,,,,,,,
7bea07c7-ba88-507e-b9e7-97b95cedacb4,1915-06-09,0,Blue Ridge,regular,,Hanover,3,,Martinsburg,5,,,,,,,,transcript/1915/1915-GSS/boxes/BLRI-19150607.txt,"Gettysburg Star and Sentinel, June 10, 1915",1,0,0,0,0,2,0,0,0,,,,,,,,,,1,0,0,0,0,2,0,2,x,,,,,,,,,
2e08aece-23a9-5e40-9449-98688abe2762,1915-06-10,0,Blue Ridge,regular,,Frederick,2,,Chambersburg,0,,,,,,,,transcript/1915/1915-GSS/boxes/BLRI-19150607.txt,"Gettysburg Star and Sentinel, June 11, 1915",0,0,1,1,0,0,0,0,0,,,,,,,,,,0,0,0,0,0,0,0,0,0,,,,,,,,,
65369d6b-7825-5e6b-8ea6-c79e6972fe8f,1915-06-10,0,Blue Ridge,regular,,Gettysburg,0,,Hagerstown,1,,,1:35,,,,,transcript/1915/1915-GSS/boxes/BLRI-19150607.txt,"Gettysburg Star and Sentinel, June 11, 1915",0,0,0,0,0,0,0,0,0,,,,,,,,,,0,0,0,0,0,1,0,0,x,,,,,,,,,
0e4caf7d-5e02-566c-a684-4e6cefd41452,1915-06-10,0,Blue Ridge,regular,,Hanover,2,,Martinsburg,4,,,,,,,,transcript/1915/1915-GSS/boxes/BLRI-19150607.txt,"Gettysburg Star and Sentinel, June 11, 1915",0,2,0,0,0,0,0,0,0,,,,,,,,,,0,0,2,2,0,0,0,0,x,,,,,,,,,
76d687c1-9080-5ae1-8ca7-aea4344b809c,1915-06-11,0,Blue Ridge,regular,,Chambersburg,,,Frederick,,,,,,,,,transcript/1915/1915-GSS/boxes/BLRI-19150607.txt,"Gettysburg Star and Sentinel, June 12, 1915",,,,,,,,,,,,,,,,,,,,,,,,,,,,,,,,,,,,
d8b3a872-0111-585c-8a0d-c2b2976db4e5,1915-06-11,0,Blue Ridge,regular,,Hanover,,,Hagerstown,,,,,,,,,transcript/1915/1915-GSS/boxes/BLRI-19150607.txt,"Gettysburg Star and Sentinel, June 12, 1915",,,,,,,,,,,,,,,,,,,,,,,,,,,,,,,,,,,,
8aaed279-61c4-5565-abcb-a2907cf6521a,1915-06-11,0,Blue Ridge,regular,,Gettysburg,1,,Martinsburg,8,,,2:10,,,,,transcript/1915/1915-GSS/boxes/BLRI-19150607.txt,"Gettysburg Star and Sentinel, June 12, 1915",0,0,0,0,0,1,0,0,0,,,,,,,,,,1,0,0,2,5,0,0,0,x,,,,,,,,,
10bb40bb-2807-5438-888a-78245e73e1b1,1915-06-12,0,Blue Ridge,regular,,Chambersburg,,,Frederick,,,,,,,,,transcript/1915/1915-GSS/boxes/BLRI-19150607.txt,"Gettysburg Star and Sentinel, June 14, 1915",,,,,,,,,,,,,,,,,,,,,,,,,,,,,,,,,,,,
175fc216-3c7a-56e3-8d05-60deac7a2f94,1915-06-12,0,Blue Ridge,regular,,Hanover,,,Hagerstown,,,,,,,,,transcript/1915/1915-GSS/boxes/BLRI-19150607.txt,"Gettysburg Star and Sentinel, June 14, 1915",,,,,,,,,,,,,,,,,,,,,,,,,,,,,,,,,,,,
c9d4f59c-1590-53d5-b7b2-d12abb7f4172,1915-06-12,0,Blue Ridge,regular,,Gettysburg,5,,Martinsburg,6,,,2:20,,,,,transcript/1915/1915-GSS/boxes/BLRI-19150607.txt,"Gettysburg Star and Sentinel, June 13, 1915",1,0,0,2,0,0,2,0,0,,,,,,,,,,3,0,0,1,0,0,1,0,1,,,,,,,,,
b8234e57-2d4a-53c3-8fe8-f530027c9037,1915-06-14,0,Blue Ridge,regular,,Martinsburg,3,,Chambersburg,5,,,,,,,,transcript/1915/1915-GSS/boxes/BLRI-19150614.txt,"Gettysburg Star and Sentinel, June 15, 1915",0,0,0,0,0,0,2,1,0,,,,,,,,,,0,0,2,1,0,1,0,1,x,,,,,,,,,
1e2a55f8-702f-5337-b548-7b02e0a7b3d9,1915-06-14,0,Blue Ridge,regular,,Hagerstown,0,,Gettysburg,5,,,1:56,,,,,transcript/1915/1915-GSS/boxes/BLRI-19150614.txt,"Gettysburg Star and Sentinel, June 15, 1915",0,0,0,0,0,0,0,0,0,,,,,,,,,,0,0,0,0,1,2,1,1,x,,,,,,,,,
aa349e81-91f6-5f5e-a891-4d83e5fce264,1915-06-14,0,Blue Ridge,regular,,Frederick,,,Hanover,,,,,,,,,transcript/1915/1915-GSS/boxes/BLRI-19150614.txt,"Gettysburg Star and Sentinel, June 15, 1915",,,,,,,,,,,,,,,,,,,,,,,,,,,,,,,,,,,,
aa58c55c-d436-598a-aee8-86a5a5659e70,1915-06-15,0,Blue Ridge,regular,,Martinsburg,6,,Chambersburg,0,,,,,,,,transcript/1915/1915-GSS/boxes/BLRI-19150614.txt,"Gettysburg Star and Sentinel, June 16, 1915",2,0,1,2,1,0,0,0,0,,,,,,,,,,0,0,0,0,0,0,0,0,0,,,,,,,,,
aa2faf5b-70cd-540d-b382-b4a98dccbfed,1915-06-15,0,Blue Ridge,regular,,Hagerstown,,,Gettysburg,,,,,,postponed,rain,,transcript/1915/1915-GSS/boxes/BLRI-19150614.txt,"Gettysburg Star and Sentinel, June 16, 1915",,,,,,,,,,,,,,,,,,,,,,,,,,,,,,,,,,,,
2de6c4c3-efc9-52a7-851d-1ef7bd9003d9,1915-06-15,0,Blue Ridge,regular,,Frederick,,,Hanover,,,,,,postponed,rain,,transcript/1915/1915-GSS/boxes/BLRI-19150614.txt,"Gettysburg Star and Sentinel, June 16, 1915",,,,,,,,,,,,,,,,,,,,,,,,,,,,,,,,,,,,
ffe96935-cb0b-5c99-9396-7090898fa915,1915-06-16,0,Blue Ridge,regular,,Frederick,4,,Gettysburg,3,,,2:00,,,,,transcript/1915/1915-GSS/boxes/BLRI-19150614.txt,"Gettysburg Star and Sentinel, June 17, 1915",0,1,0,1,1,1,0,0,0,,,,,,,,,,1,0,0,0,0,0,0,1,1,,,,,,,,,
ad41a0ea-5d68-5772-8a5b-0b798010d053,1915-06-16,0,Blue Ridge,regular,,Hagerstown,,,Hanover,,,,,,,,,transcript/1915/1915-GSS/boxes/BLRI-19150614.txt,"Gettysburg Star and Sentinel, June 17, 1915",,,,,,,,,,,,,,,,,,,,,,,,,,,,,,,,,,,,
19c691f6-67ed-5376-8c74-e20a6b112daa,1915-06-16,0,Blue Ridge,regular,,Chambersburg,0,,Martinsburg,10,,,,,,,,transcript/1915/1915-GSS/boxes/BLRI-19150614.txt,"Gettysburg Star and Sentinel, June 17, 1915",0,0,0,0,0,0,0,0,0,,,,,,,,,,1,2,0,1,1,3,0,2,x,,,,,,,,,
d96ab694-ff8e-5f9a-9f4f-cb69cdf2be6e,1915-06-17,0,Blue Ridge,regular,,Gettysburg,0,,Frederick,1,,,1:40,,,,,transcript/1915/1915-GSS/boxes/BLRI-19150614.txt,"Gettysburg Star and Sentinel, June 18, 1915",0,0,0,0,0,0,0,0,0,,,,,,,,,,0,0,0,0,0,0,0,0,1,,,,,,,,,
6a2162fc-5fb6-5fe0-8159-67950cada25f,1915-06-17,0,Blue Ridge,regular,,Hagerstown,,,Hanover,,,,,,,,,transcript/1915/1915-GSS/boxes/BLRI-19150614.txt,"Gettysburg Star and Sentinel, June 18, 1915",,,,,,,,,,,,,,,,,,,,,,,,,,,,,,,,,,,,
f1e38b12-a33f-5898-8dea-71df271f538b,1915-06-17,0,Blue Ridge,regular,,Chambersburg,4,,Martinsburg,10,,,,,,,,transcript/1915/1915-GSS/boxes/BLRI-19150614.txt,"Gettysburg Star and Sentinel, June 18, 1915",0,0,0,0,1,1,0,2,0,,,,,,,,,,3,0,2,0,0,3,2,0,x,,,,,,,,,
e7fc90b2-999f-5feb-b295-1472a7a0975e,1915-06-18,0,Blue Ridge,regular,,Hagerstown,5,,Chambersburg,4,,,,,,,,transcript/1915/1915-GSS/boxes/BLRI-19150614.txt,"Gettysburg Star and Sentinel, June 19, 1915",0,0,0,1,2,1,0,0,1,,,,,,,,,,0,0,3,1,0,0,0,0,0,,,,,,,,,
807d7ff1-1d71-52bd-8948-3d2214683c2b,1915-06-18,0,Blue Ridge,regular,,Martinsburg,,,Frederick,,,,,,postponed,rain,,transcript/1915/1915-GSS/boxes/BLRI-19150614.txt,"Gettysburg Star and Sentinel, June 19, 1915",,,,,,,,,,,,,,,,,,,,,,,,,,,,,,,,,,,,
b97aaa07-f01c-5f9c-b9ce-35c0610c7fc1,1915-06-18,0,Blue Ridge,regular,,Gettysburg,8,,Hanover,7,,,2:05,,,,,transcript/1915/1915-GSS/boxes/BLRI-19150614.txt,"Gettysburg Star and Sentinel, June 19, 1915",1,0,0,0,0,1,2,0,4,,,,,,,,,,0,0,0,0,0,6,0,0,1,,,,,,,,,
b654533b-5c0a-5677-b3bd-ac0a23c5d828,1915-06-19,0,Blue Ridge,regular,,Hagerstown,,,Chambersburg,,,,,,,,,transcript/1915/1915-GSS/boxes/BLRI-19150614.txt,"Gettysburg Star and Sentinel, June 21, 1915",,,,,,,,,,,,,,,,,,,,,,,,,,,,,,,,,,,,
f9dc4482-5ac6-5bf6-bde8-7db630d2eb10,1915-06-19,1,Blue Ridge,regular,,Martinsburg,,,Frederick,,,,,,,,,transcript/1915/1915-GSS/boxes/BLRI-19150614.txt,"Gettysburg Star and Sentinel, June 21, 1915",,,,,,,,,,,,,,,,,,,,,,,,,,,,,,,,,,,,
18fe519c-be75-5863-a734-82660ec12fa0,1915-06-19,2,Blue Ridge,regular,,Martinsburg,,,Frederick,,,,,,postponed,darkness,,transcript/1915/1915-GSS/boxes/BLRI-19150614.txt,"Gettysburg Star and Sentinel, June 21, 1915",,,,,,,,,,,,,,,,,,,,,,,,,,,,,,,,,,,,
7bfc0d60-690f-5c5f-a6f5-347cadc93c1a,1915-06-19,0,Blue Ridge,regular,,Gettysburg,3,,Hanover,7,,,2:00,,,,,transcript/1915/1915-GSS/boxes/BLRI-19150614.txt,"Gettysburg Star and Sentinel, June 21, 1915",1,0,0,0,0,0,0,1,1,,,,,,,,,,2,0,2,2,1,0,0,0,x,,,,,,,,,
6bfd7980-fe44-53b9-9ed3-f19a3b5e1154,1915-06-21,0,Blue Ridge,regular,,Hanover,0,,Gettysburg,5,,,2:00,,,,,transcript/1915/1915-GSS/boxes/BLRI-19150621.txt,"Gettysburg Star and Sentinel, June 22, 1915",0,0,0,0,0,0,0,0,0,,,,,,,,,,1,3,0,1,0,0,0,0,0,,,,,,,,,
5e9f675b-d740-54e4-801f-9aebbacd74f6,1915-06-21,0,Blue Ridge,regular,,Chambersburg,,,Hagerstown,,,,,,,,,transcript/1915/1915-GSS/boxes/BLRI-19150621.txt,"Gettysburg Star and Sentinel, June 22, 1915",,,,,,,,,,,,,,,,,,,,,,,,,,,,,,,,,,,,
ad91de3b-f5ed-5acb-9d54-edac10e76b26,1915-06-21,0,Blue Ridge,regular,,Frederick,5,,Martinsburg,3,,,,,,,,transcript/1915/1915-GSS/boxes/BLRI-19150621.txt,"Gettysburg Star and Sentinel, June 22, 1915",0,2,0,0,2,1,0,0,0,,,,,,,,,,2,0,0,0,0,1,0,0,0,,,,,,,,,
bc5c7c97-dbfe-5f0f-aa88-886b7a90c859,1915-06-22,0,Blue Ridge,regular,,Hanover,0,,Gettysburg,0,,,1:58,,,,,transcript/1915/1915-GSS/boxes/BLRI-19150621.txt,"Gettysburg Star and Sentinel, June 23, 1915",1,0,0,1,1,0,0,0,0,,,,,,,,,,0,0,0,0,0,0,0,0,0,,,,,,,,,
4bff73bd-2536-50dc-8ee4-ddf2832b95ef,1915-06-22,1,Blue Ridge,regular,,Chambersburg,,,Hagerstown,,,,,,,,,transcript/1915/1915-GSS/boxes/BLRI-19150621.txt,"Gettysburg Star and Sentinel, June 23, 1915",,,,,,,,,,,,,,,,,,,,,,,,,,,,,,,,,,,,
70643a75-4a16-5ad4-8a33-eb3086040e41,1915-06-22,2,Blue Ridge,regular,,Chambersburg,,,Hagerstown,,,,,,,,,transcript/1915/1915-GSS/boxes/BLRI-19150621.txt,"Gettysburg Star and Sentinel, June 23, 1915",,,,,,,,,,,,,,,,,,,,,,,,,,,,,,,,,,,,
b6d8db63-53eb-5006-bfe4-3df9b081542d,1915-06-22,0,Blue Ridge,regular,,Frederick,0,,Martinsburg,5,,,,,,,,transcript/1915/1915-GSS/boxes/BLRI-19150621.txt,"Gettysburg Star and Sentinel, June 23, 1915",0,0,0,0,0,0,0,0,0,,,,,,,,,,2,0,2,0,0,0,0,1,x,,,,,,,,,
0e5b971c-f902-5a49-98c8-e6d36fe14d0d,1915-06-23,0,Blue Ridge,regular,,Hanover,,,Chambersburg,,,,,,,,,transcript/1915/1915-GSS/boxes/BLRI-19150621.txt,"Gettysburg Star and Sentinel, June 24, 1915",,,,,,,,,,,,,,,,,,,,,,,,,,,,,,,,,,,,
c2984a57-aa84-574a-af44-78399fd1944a,1915-06-23,0,Blue Ridge,regular,,Gettysburg,1,,Frederick,4,,,1:30,,,,,transcript/1915/1915-GSS/boxes/BLRI-19150621.txt,"Gettysburg Star and Sentinel, June 24, 1915",0,0,0,0,1,0,0,0,0,,,,,,,,,,0,0,0,0,2,2,0,0,0,,,,,,,,,
353018d5-4fc6-5c51-a4fb-4f8b1482a703,1915-06-23,0,Blue Ridge,regular,,Martinsburg,,,Hagerstown,,,,,,,,,transcript/1915/1915-GSS/boxes/BLRI-19150621.txt,"Gettysburg Star and Sentinel, June 24, 1915",,,,,,,,,,,,,,,,,,,,,,,,,,,,,,,,,,,,
d1fc8d0e-aa47-5e8d-8a1e-0b9ce8cde5a9,1915-06-24,0,Blue Ridge,regular,,Hanover,,,Chambersburg,,,,,,,,,transcript/1915/1915-GSS/boxes/BLRI-19150621.txt,"Gettysburg Star and Sentinel, June 25, 1915",,,,,,,,,,,,,,,,,,,,,,,,,,,,,,,,,,,,
bffdd738-ab5c-5067-9017-8b4604f9f1d9,1915-06-24,0,Blue Ridge,regular,,Gettysburg,6,,Frederick,7,,500,1:40,,,,,transcript/1915/1915-GSS/boxes/BLRI-19150621.txt,"Gettysburg Star and Sentinel, June 25, 1915",0,0,0,4,0,0,0,2,0,,,,,,,,,,0,1,2,1,0,1,0,2,x,,,,,,,,,
8626c742-53c2-5a6a-b679-0b53dcefa220,1915-06-24,0,Blue Ridge,regular,,Martinsburg,,,Hagerstown,,,,,,,,,transcript/1915/1915-GSS/boxes/BLRI-19150621.txt,"Gettysburg Star and Sentinel, June 25, 1915",,,,,,,,,,,,,,,,,,,,,,,,,,,,,,,,,,,,
80bba0db-fa86-536e-a629-ae58497d6625,1915-06-25,0,Blue Ridge,regular,,Gettysburg,2,,Chambersburg,1,,,1:50,,,,,transcript/1915/1915-GSS/boxes/BLRI-19150621.txt,"Gettysburg Star and Sentinel, June 26, 1915",1,0,0,0,1,0,0,0,0,,,,,,,,,,0,0,0,0,0,1,0,0,0,,,,,,,,,
8c41dc8d-2ca2-5768-88ee-14a37228ed11,1915-06-25,1,Blue Ridge,regular,,Hanover,,,Frederick,,,,,,,,,transcript/1915/1915-GSS/boxes/BLRI-19150621.txt,"Gettysburg Star and Sentinel, June 26, 1915",,,,,,,,,,,,,,,,,,,,,,,,,,,,,,,,,,,,
43efc4c2-f26e-5eca-89d9-0d4cd512222e,1915-06-25,2,Blue Ridge,regular,,Hanover,,,Frederick,,,,,,,,,transcript/1915/1915-GSS/boxes/BLRI-19150621.txt,"Gettysburg Star and Sentinel, June 26, 1915",,,,,,,,,,,,,,,,,,,,,,,,,,,,,,,,,,,,
f1a9deaf-075b-5795-a262-cac8225e5289,1915-06-25,0,Blue Ridge,regular,,Hagerstown,2,,Martinsburg,11,,,,,,,,transcript/1915/1915-GSS/boxes/BLRI-19150621.txt,"Gettysburg Star and Sentinel, June 26, 1915",0,0,0,0,0,2,0,0,0,0,,,,,,,,,1,0,3,2,2,3,0,0,0,x,,,,,,,,
d341f867-c251-540b-944a-a75b457d2f1e,1915-06-26,1,Blue Ridge,regular,,Gettysburg,0,,Chambersburg,8,,,1:45,,,,,transcript/1915/1915-GSS/boxes/BLRI-19150621.txt,"Gettysburg Star and Sentinel, June 28, 1915",0,0,0,0,0,0,0,0,0,,,,,,,,,,2,0,0,0,0,6,0,0,0,,,,,,,,,
55abd743-1887-5735-8e43-5906b4bc9560,1915-06-26,2,Blue Ridge,regular,,Gettysburg,3,,Chambersburg,4,,,1:55,,,,,transcript/1915/1915-GSS/boxes/BLRI-19150621.txt,"Gettysburg Star and Sentinel, June 28, 1915",1,0,0,0,0,2,0,0,,,,,,,,,,,0,1,0,0,0,2,0,1,,,,,,,,,,
efa048d8-a3f7-5a76-8929-e599286062a2,1915-06-26,1,Blue Ridge,regular,,Hanover,,,Frederick,,,,,,,,,transcript/1915/1915-GSS/boxes/BLRI-19150621.txt,"Gettysburg Star and Sentinel, June 28, 1915",,,,,,,,,,,,,,,,,,,,,,,,,,,,,,,,,,,,
6859b164-2f0a-5bcf-8a58-b1675df01fc1,1915-06-26,2,Blue Ridge,regular,,Hanover,,,Frederick,,,,,,,,,transcript/1915/1915-GSS/boxes/BLRI-19150621.txt,"Gettysburg Star and Sentinel, June 28, 1915",,,,,,,,,,,,,,,,,,,,,,,,,,,,,,,,,,,,
1263fa02-1df4-55c6-962e-8eb8b7762455,1915-06-26,1,Blue Ridge,regular,,Hagerstown,,,Martinsburg,,,,,,,,,transcript/1915/1915-GSS/boxes/BLRI-19150621.txt,"Gettysburg Star and Sentinel, June 28, 1915",,,,,,,,,,,,,,,,,,,,,,,,,,,,,,,,,,,,
f5d2b312-4961-5864-8969-99eb2c79f736,1915-06-26,2,Blue Ridge,regular,,Hagerstown,,,Martinsburg,,,,,,,,,transcript/1915/1915-GSS/boxes/BLRI-19150621.txt,"Gettysburg Star and Sentinel, June 28, 1915",,,,,,,,,,,,,,,,,,,,,,,,,,,,,,,,,,,,
8424cc35-52bc-5fdd-8353-a5549157883f,1915-06-28,0,Blue Ridge,regular,,Chambersburg,2,,Gettysburg,9,,,1:58,,,,,transcript/1915/1915-GSS/boxes/BLRI-19150628.txt,"Gettysburg Star and Sentinel, June 29, 1915",0,0,0,0,1,0,0,1,0,,,,,,,,,,0,0,6,3,0,0,0,0,x,,,,,,,,,
f419fefe-46a1-54a3-8b5f-ae25045e4d56,1915-06-28,0,Blue Ridge,regular,,Frederick,,,Hagerstown,,,,,,,,,transcript/1915/1915-GSS/boxes/BLRI-19150628.txt,"Gettysburg Star and Sentinel, June 29, 1915",,,,,,,,,,,,,,,,,,,,,,,,,,,,,,,,,,,,
89ca5030-6896-5e60-a3ef-e97c5c7f919f,1915-06-28,0,Blue Ridge,regular,,Martinsburg,,,Hanover,,,,,,,,,transcript/1915/1915-GSS/boxes/BLRI-19150628.txt,"Gettysburg Star and Sentinel, June 29, 1915",,,,,,,,,,,,,,,,,,,,,,,,,,,,,,,,,,,,
fa751781-b9d7-598b-af28-222dd0163efa,1915-06-29,0,Blue Ridge,regular,,Chambersburg,3,,Gettysburg,3,,,2:00,,,,,transcript/1915/1915-GSS/boxes/BLRI-19150628.txt,"Gettysburg Star and Sentinel, June 30, 1915",0,0,0,2,0,0,0,1,0,0,,,,,,,,,0,1,0,0,0,0,0,0,2,0,,,,,,,,
0d2f3f5e-fa5c-5435-8bbb-7747fb6f385d,1915-06-29,0,Blue Ridge,regular,,Frederick,,,Hagerstown,,,,,,,,,transcript/1915/1915-GSS/boxes/BLRI-19150628.txt,"Gettysburg Star and Sentinel, June 30, 1915",,,,,,,,,,,,,,,,,,,,,,,,,,,,,,,,,,,,
f8437971-d397-5453-b92c-405dbcd1a51f,1915-06-29,0,Blue Ridge,regular,,Martinsburg,,,Hanover,,,,,,,,,transcript/1915/1915-GSS/boxes/BLRI-19150628.txt,"Gettysburg Star and Sentinel, June 30, 1915",,,,,,,,,,,,,,,,,,,,,,,,,,,,,,,,,,,,
7a29eeb7-2f5f-587e-9f22-27c024db4ad7,1915-06-30,0,Blue Ridge,regular,,Hagerstown,,,Frederick,,,,,,,,,transcript/1915/1915-GSS/boxes/BLRI-19150628.txt,"Gettysburg Star and Sentinel, July 1, 1915",,,,,,,,,,,,,,,,,,,,,,,,,,,,,,,,,,,,
512f9231-6b04-5eba-aabe-528c922443de,1915-06-30,0,Blue Ridge,regular,,Martinsburg,1,,Gettysburg,0,,,1:40,,,,,transcript/1915/1915-GSS/boxes/BLRI-19150628.txt,"Gettysburg Star and Sentinel, July 1, 1915",0,0,0,0,1,0,0,0,0,,,,,,,,,,0,0,0,0,0,0,0,0,0,,,,,,,,,
2c98bf84-29c2-573e-98a0-c832ace02bc2,1915-06-30,0,Blue Ridge,regular,,Chambersburg,,,Hanover,,,,,,,,,transcript/1915/1915-GSS/boxes/BLRI-19150628.txt,"Gettysburg Star and Sentinel, July 1, 1915",,,,,,,,,,,,,,,,,,,,,,,,,,,,,,,,,,,,
2f20cf7c-57b7-51ef-b856-46cd47359864,1915-07-01,0,Blue Ridge,regular,,Hagerstown,,,Frederick,,,,,,,,,transcript/1915/1915-GSS/boxes/BLRI-19150628.txt,"Gettysburg Star and Sentinel, July 2, 1915",,,,,,,,,,,,,,,,,,,,,,,,,,,,,,,,,,,,
1ae83122-667b-5ec0-92be-3c9957f3add5,1915-07-01,0,Blue Ridge,regular,,Martinsburg,1,,Gettysburg,1,,,2:00,,,,,transcript/1915/1915-GSS/boxes/BLRI-19150628.txt,"Gettysburg Star and Sentinel, July 2, 1915",0,0,0,0,0,0,0,1,0,0,,,,,,,,,1,0,0,0,0,0,0,0,0,0,,,,,,,,
477431ee-b8ef-5fcb-8780-54655edf287f,1915-07-01,0,Blue Ridge,regular,,Chambersburg,,,Hanover,,,,,,,,,transcript/1915/1915-GSS/boxes/BLRI-19150628.txt,"Gettysburg Star and Sentinel, July 2, 1915",,,,,,,,,,,,,,,,,,,,,,,,,,,,,,,,,,,,
2571f755-8c47-5b56-8353-7eedbb0ab0ad,1915-07-02,0,Blue Ridge,regular,,Chambersburg,,,Frederick,,,,,,,,,transcript/1915/1915-GSS/boxes/BLRI-19150628.txt,"Gettysburg Star and Sentinel, July 3, 1915",,,,,,,,,,,,,,,,,,,,,,,,,,,,,,,,,,,,
3fca5749-4e96-5292-b358-940883b10193,1915-07-02,0,Blue Ridge,regular,,Gettysburg,1,,Hagerstown,6,,,1:45,,,,,transcript/1915/1915-GSS/boxes/BLRI-19150628.txt,"Gettysburg Star and Sentinel, July 3, 1915",0,0,0,0,0,1,0,0,0,,,,,,,,,,0,3,1,2,0,0,0,0,x,,,,,,,,,
f02c315c-db54-57a2-b119-2209a4115f1a,1915-07-02,0,Blue Ridge,regular,,Hanover,,,Martinsburg,,,,,,,,,transcript/1915/1915-GSS/boxes/BLRI-19150628.txt,"Gettysburg Star and Sentinel, July 3, 1915",,,,,,,,,,,,,,,,,,,,,,,,,,,,,,,,,,,,
22dd2ac6-38b7-5380-b10e-e810254fed00,1915-07-05,1,Blue Ridge,regular,,Frederick,,,Chambersburg,,,,,,,,,transcript/1915/1915-GSS/boxes/BLRI-19150705.txt,"Gettysburg Star and Sentinel, July 6, 1915",,,,,,,,,,,,,,,,,,,,,,,,,,,,,,,,,,,,
820063a4-b917-55d1-9762-b6355dd8a685,1915-07-05,2,Blue Ridge,regular,,Frederick,,,Chambersburg,,,,,,,,,transcript/1915/1915-GSS/boxes/BLRI-19150705.txt,"Gettysburg Star and Sentinel, July 6, 1915",,,,,,,,,,,,,,,,,,,,,,,,,,,,,,,,,,,,
6c6576da-267a-5e26-bc82-65e3091b27bb,1915-07-05,1,Blue Ridge,regular,,Hanover,,,Hagerstown,,,,,,,,,transcript/1915/1915-GSS/boxes/BLRI-19150705.txt,"Gettysburg Star and Sentinel, July 6, 1915",,,,,,,,,,,,,,,,,,,,,,,,,,,,,,,,,,,,
a70b3268-584d-587e-823b-0e7f33219094,1915-07-05,2,Blue Ridge,regular,,Hanover,,,Hagerstown,,,,,,,,,transcript/1915/1915-GSS/boxes/BLRI-19150705.txt,"Gettysburg Star and Sentinel, July 6, 1915",,,,,,,,,,,,,,,,,,,,,,,,,,,,,,,,,,,,
361fa580-ca45-53f9-9872-e42dcf78d31b,1915-07-05,1,Blue Ridge,regular,,Gettysburg,2,,Martinsburg,10,,,2:08,,,,,transcript/1915/1915-GSS/boxes/BLRI-19150705.txt,"Gettysburg Star and Sentinel, July 6, 1915",0,0,1,0,0,1,0,0,0,,,,,,,,,,2,1,1,0,0,4,2,0,x,,,,,,,,,
daad0aa4-aeb4-5049-80ac-caeaaed6431a,1915-07-05,2,Blue Ridge,regular,,Gettysburg,3,,Martinsburg,7,,,1:50,,,,,transcript/1915/1915-GSS/boxes/BLRI-19150705.txt,"Gettysburg Star and Sentinel, July 6, 1915",0,1,0,1,1,0,0,0,0,,,,,,,,,,0,1,1,0,3,0,0,2,x,,,,,,,,,
d50f8d5a-7c5e-5067-8edc-377adc5bd7e8,1915-07-06,0,Blue Ridge,regular,,Hagerstown,,,Chambersburg,,,,,,,,,transcript/1915/1915-GSS/boxes/BLRI-19150705.txt,"Gettysburg Star and Sentinel, July 7, 1915",,,,,,,,,,,,,,,,,,,,,,,,,,,,,,,,,,,,
c522764b-2b11-5450-8ea8-bae5d3fd2172,1915-07-06,0,Blue Ridge,regular,,Martinsburg,,,Frederick,,,,,,,,,transcript/1915/1915-GSS/boxes/BLRI-19150705.txt,"Gettysburg Star and Sentinel, July 7, 1915",,,,,,,,,,,,,,,,,,,,,,,,,,,,,,,,,,,,
f65f353c-02ca-5527-8728-f9f5ba2d8370,1915-07-06,0,Blue Ridge,regular,,Hanover,4,,Gettysburg,1,,,1:45,,,,,transcript/1915/1915-GSS/boxes/BLRI-19150705.txt,"Gettysburg Star and Sentinel, July 7, 1915",0,2,2,0,0,0,0,0,0,,,,,,,,,,0,0,0,0,0,1,0,0,0,,,,,,,,,
60ebfe21-589a-5ce4-a3b9-478a1822578f,1915-07-07,0,Blue Ridge,regular,,Martinsburg,,,Chambersburg,,,,,,,,,transcript/1915/1915-GSS/boxes/BLRI-19150705.txt,"Gettysburg Star and Sentinel, July 8, 1915",,,,,,,,,,,,,,,,,,,,,,,,,,,,,,,,,,,,
6c44c642-8516-503b-8660-80f6256d2ba2,1915-07-07,0,Blue Ridge,regular,,Hagerstown,3,,Gettysburg,1,,,1:45,,,,,transcript/1915/1915-GSS/boxes/BLRI-19150705.txt,"Gettysburg Star and Sentinel, July 8, 1915",0,0,1,0,0,0,2,0,0,,,,,,,,,,0,0,0,0,0,0,0,0,1,,,,,,,,,
ff216add-a13b-54e8-84fb-c4180fa3c529,1915-07-07,1,Blue Ridge,regular,,Frederick,,,Hanover,,,,,,,,,transcript/1915/1915-GSS/boxes/BLRI-19150705.txt,"Gettysburg Star and Sentinel, July 8, 1915",,,,,,,,,,,,,,,,,,,,,,,,,,,,,,,,,,,,
c5725d60-07b4-51f3-a576-98ef3278c29c,1915-07-07,2,Blue Ridge,regular,,Frederick,,,Hanover,,,,,,,,,transcript/1915/1915-GSS/boxes/BLRI-19150705.txt,"Gettysburg Star and Sentinel, July 8, 1915",,,,,,,,,,,,,,,,,,,,,,,,,,,,,,,,,,,,
ea0ca308-5a44-5121-a1b2-af352e749cfd,1915-07-08,0,Blue Ridge,regular,,Martinsburg,,,Chambersburg,,,,,,,,,transcript/1915/1915-GSS/boxes/BLRI-19150705.txt,"Gettysburg Star and Sentinel, July 9, 1915",,,,,,,,,,,,,,,,,,,,,,,,,,,,,,,,,,,,
58e1306b-54f1-56dd-96d4-ec22ec4d31ad,1915-07-08,1,Blue Ridge,regular,,Hagerstown,7,,Gettysburg,2,,,2:00,,,,,transcript/1915/1915-GSS/boxes/BLRI-19150705.txt,"Gettysburg Star and Sentinel, July 9, 1915",0,1,0,0,0,0,0,6,0,,,,,,,,,,0,0,0,1,0,1,0,0,0,,,,,,,,,
0eca145d-64c0-593c-baa5-088e2392e33f,1915-07-08,2,Blue Ridge,regular,,Hagerstown,1,,Gettysburg,4,,,1:15,,,,,transcript/1915/1915-GSS/boxes/BLRI-19150705.txt,"Gettysburg Star and Sentinel, July 9, 1915",0,0,0,0,0,1,0,,,,,,,,,,,,2,0,2,0,0,0,x,,,,,,,,,,,
694da618-ad62-5573-ac6c-1b6a71fb495c,1915-07-08,1,Blue Ridge,regular,,Frederick,,,Hanover,,,,,,,,,transcript/1915/1915-GSS/boxes/BLRI-19150705.txt,"Gettysburg Star and Sentinel, July 9, 1915",,,,,,,,,,,,,,,,,,,,,,,,,,,,,,,,,,,,
4d5bdc8c-1098-510f-8ef1-096336379ec5,1915-07-09,0,Blue Ridge,regular,,Frederick,2,,Gettysburg,4,,,1:30,,,,,transcript/1915/1915-GSS/boxes/BLRI-19150705.txt,"Gettysburg Star and Sentinel, July 10, 1915",0,0,0,1,0,1,0,0,0,,,,,,,,,,2,1,0,0,0,0,0,1,x,,,,,,,,,
25159293-681d-5503-89da-1680984c1723,1915-07-09,0,Blue Ridge,regular,,Hagerstown,,,Hanover,,,,,,,,,transcript/1915/1915-GSS/boxes/BLRI-19150705.txt,"Gettysburg Star and Sentinel, July 10, 1915",,,,,,,,,,,,,,,,,,,,,,,,,,,,,,,,,,,,
6b0d5607-5b1e-5a6a-b0ae-200bb99dcd20,1915-07-09,0,Blue Ridge,regular,,Chambersburg,,,Martinsburg,,,,,,,,,transcript/1915/1915-GSS/boxes/BLRI-19150705.txt,"Gettysburg Star and Sentinel, July 10, 1915",,,,,,,,,,,,,,,,,,,,,,,,,,,,,,,,,,,,
e580b664-56cf-53a6-aaf9-efae85fcf182,1915-07-10,0,Blue Ridge,regular,,Martinsburg,,,Chambersburg,,,,,,,,,transcript/1915/1915-GSS/boxes/BLRI-19150705.txt,"Gettysburg Star and Sentinel, July 12, 1915",,,,,,,,,,,,,,,,,,,,,,,,,,,,,,,,,,,,
8cb86cc2-988c-57fb-9c5c-4a2458e9e545,1915-07-10,0,Blue Ridge,regular,,Frederick,1,,Gettysburg,2,,,3:55,,,,,transcript/1915/1915-GSS/boxes/BLRI-19150705.txt,"Gettysburg Star and Sentinel, July 12, 1915",0,0,0,0,0,0,0,0,1,0,0,0,0,0,0,0,0,0,0,0,0,1,0,0,0,0,0,0,0,0,0,0,0,0,0,1
54540dbd-8a76-5e21-ab91-c154afc9813a,1915-07-10,2,Blue Ridge,regular,,Frederick,,,Gettysburg,,,,,,postponed,length of first game,,transcript/1915/1915-GSS/boxes/BLRI-19150705.txt,"Gettysburg Star and Sentinel, July 12, 1915",,,,,,,,,,,,,,,,,,,,,,,,,,,,,,,,,,,,
3be46863-60cd-5848-89fb-ae244b99f7e3,1915-07-10,0,Blue Ridge,regular,,Hagerstown,,,Hanover,,,,,,,,,transcript/1915/1915-GSS/boxes/BLRI-19150705.txt,"Gettysburg Star and Sentinel, July 12, 1915",,,,,,,,,,,,,,,,,,,,,,,,,,,,,,,,,,,,
41cf5d16-ea8b-5d4f-b115-bde327b6304f,1915-07-12,0,Blue Ridge,regular,,Hagerstown,,,Chambersburg,,,,,,,,,transcript/1915/1915-GSS/boxes/BLRI-19150712.txt,"Gettysburg Star and Sentinel, July 13, 1915",,,,,,,,,,,,,,,,,,,,,,,,,,,,,,,,,,,,
f8648eff-ba49-5013-a137-ce1d093832c4,1915-07-12,0,Blue Ridge,regular,,Martinsburg,,,Frederick,,,,,,,,,transcript/1915/1915-GSS/boxes/BLRI-19150712.txt,"Gettysburg Star and Sentinel, July 13, 1915",,,,,,,,,,,,,,,,,,,,,,,,,,,,,,,,,,,,
7e9bf01c-6d49-501b-afc4-f73ecc33f4df,1915-07-12,0,Blue Ridge,regular,,Gettysburg,3,,Hanover,4,,,2:10,,,,,transcript/1915/1915-GSS/boxes/BLRI-19150712.txt,"Gettysburg Star and Sentinel, July 13, 1915",0,0,0,0,3,0,0,0,0,,,,,,,,,,1,0,1,0,0,0,0,2,x,,,,,,,,,
dc771b67-c4cd-5d4b-9c25-938aab8db540,1915-07-13,0,Blue Ridge,regular,,Hagerstown,,,Chambersburg,,,,,,,,,transcript/1915/1915-GSS/boxes/BLRI-19150712.txt,"Gettysburg Star and Sentinel, July 14, 1915",,,,,,,,,,,,,,,,,,,,,,,,,,,,,,,,,,,,
c597fe95-f52a-5878-bc35-da6bc51c0c7e,1915-07-13,0,Blue Ridge,regular,,Martinsburg,,,Frederick,,,,,,,,,transcript/1915/1915-GSS/boxes/BLRI-19150712.txt,"Gettysburg Star and Sentinel, July 14, 1915",,,,,,,,,,,,,,,,,,,,,,,,,,,,,,,,,,,,
cf235b2b-31f5-50c4-9922-a29a5c7be99e,1915-07-13,0,Blue Ridge,regular,,Gettysburg,4,,Hanover,0,,,,,,,,transcript/1915/1915-GSS/boxes/BLRI-19150712.txt,"Gettysburg Star and Sentinel, July 14, 1915",0,0,0,0,0,0,1,1,2,,,,,,,,,,0,0,0,0,0,0,0,0,0,,,,,,,,,
076b629a-9fbb-5b82-a0d7-b93bf24fecf6,1915-07-14,0,Blue Ridge,regular,,Hanover,1,,Gettysburg,4,,,1:50,,,,,transcript/1915/1915-GSS/boxes/BLRI-19150712.txt,"Gettysburg Star and Sentinel, July 15, 1915",0,0,1,0,0,0,0,0,0,,,,,,,,,,0,0,1,1,0,0,0,2,x,,,,,,,,,
0d387633-cfbe-5f63-b596-c6647570514c,1915-07-14,0,Blue Ridge,regular,,Chambersburg,,,Hagerstown,,,,,,,,,transcript/1915/1915-GSS/boxes/BLRI-19150712.txt,"Gettysburg Star and Sentinel, July 15, 1915",,,,,,,,,,,,,,,,,,,,,,,,,,,,,,,,,,,,
a460201d-2596-5c7a-95fb-1759da21ea7d,1915-07-14,0,Blue Ridge,regular,,Frederick,,,Martinsburg,,,,,,,,,transcript/1915/1915-GSS/boxes/BLRI-19150712.txt,"Gettysburg Star and Sentinel, July 15, 1915",,,,,,,,,,,,,,,,,,,,,,,,,,,,,,,,,,,,
a1426a97-c779-5c0e-a729-29a007a55540,1915-07-15,0,Blue Ridge,regular,,Hanover,7,,Gettysburg,6,,,2:00,,,,,transcript/1915/1915-GSS/boxes/BLRI-19150712.txt,"Gettysburg Star and Sentinel, July 16, 1915",4,0,0,0,0,3,0,0,0,,,,,,,,,,0,1,3,1,0,1,0,0,0,,,,,,,,,
f2f2dbdb-e6c5-5869-889a-fa01443307a1,1915-07-15,0,Blue Ridge,regular,,Chambersburg,,,Hagerstown,,,,,,postponed,rain,,transcript/1915/1915-GSS/boxes/BLRI-19150712.txt,"Gettysburg Star and Sentinel, July 16, 1915",,,,,,,,,,,,,,,,,,,,,,,,,,,,,,,,,,,,
c1a2b3aa-9f2b-5189-bbda-8a79d4550ead,1915-07-15,0,Blue Ridge,regular,,Frederick,,,Martinsburg,,,,,,,,,transcript/1915/1915-GSS/boxes/BLRI-19150712.txt,"Gettysburg Star and Sentinel, July 16, 1915",,,,,,,,,,,,,,,,,,,,,,,,,,,,,,,,,,,,
44fb15e2-5c43-584f-871c-791047892218,1915-07-16,0,Blue Ridge,regular,,Hanover,,,Chambersburg,,,,,,,,,transcript/1915/1915-GSS/boxes/BLRI-19150712.txt,"Gettysburg Star and Sentinel, July 17, 1915",,,,,,,,,,,,,,,,,,,,,,,,,,,,,,,,,,,,
d2851b73-eec0-5ef6-b86e-c5e09c141604,1915-07-16,0,Blue Ridge,regular,,Gettysburg,3,,Frederick,4,,,1:45,,,,,transcript/1915/1915-GSS/boxes/BLRI-19150712.txt,"Gettysburg Star and Sentinel, July 17, 1915",0,0,0,0,3,0,0,0,0,,,,,,,,,,1,1,1,0,1,0,0,0,x,,,,,,,,,
fc675332-e198-52a0-89ee-a5bf00e1b31b,1915-07-16,0,Blue Ridge,regular,,Martinsburg,,,Hagerstown,,,,,,,,,transcript/1915/1915-GSS/boxes/BLRI-19150712.txt,"Gettysburg Star and Sentinel, July 17, 1915",,,,,,,,,,,,,,,,,,,,,,,,,,,,,,,,,,,,
3912cef0-32dd-569d-ad37-64cbe707c118,1915-07-17,0,Blue Ridge,regular,,Hanover,,,Chambersburg,,,,,,,,,transcript/1915/1915-GSS/boxes/BLRI-19150712.txt,"Gettysburg Star and Sentinel, July 19, 1915",,,,,,,,,,,,,,,,,,,,,,,,,,,,,,,,,,,,
febe4da2-e22a-5414-8ca2-3701ec5f762a,1915-07-17,0,Blue Ridge,regular,,Gettysburg,0,,Frederick,6,,,,,,,,transcript/1915/1915-GSS/boxes/BLRI-19150712.txt,"Gettysburg Star and Sentinel, July 19, 1915",0,0,0,0,0,0,0,0,0,,,,,,,,,,1,1,0,0,0,0,2,2,x,,,,,,,,,
73156207-3f43-5ea3-9f4b-0724a7621daa,1915-07-17,1,Blue Ridge,regular,,Martinsburg,,,Hagerstown,,,,,,,,,transcript/1915/1915-GSS/boxes/BLRI-19150712.txt,"Gettysburg Star and Sentinel, July 19, 1915",,,,,,,,,,,,,,,,,,,,,,,,,,,,,,,,,,,,
a07e35cc-6e88-5a51-9a8a-f62dbd57d2a4,1915-07-17,2,Blue Ridge,regular,,Martinsburg,,,Hagerstown,,,,,,,,,transcript/1915/1915-GSS/boxes/BLRI-19150712.txt,"Gettysburg Star and Sentinel, July 19, 1915",,,,,,,,,,,,,,,,,,,,,,,,,,,,,,,,,,,,
41c3ddd0-1aea-5776-87ea-dcd6e59d9e71,1915-07-19,0,Blue Ridge,regular,,Gettysburg,3,,Chambersburg,3,,,1:10,,,,,transcript/1915/1915-GSS/boxes/BLRI-19150719.txt,"Gettysburg Star and Sentinel, July 20, 1915",0,0,0,0,1,2,,,,,,,,,,,,,0,0,3,0,0,0,,,,,,,,,,,,
c5f19f4d-85ec-517f-9ca9-5c251b964ba7,1915-07-19,0,Blue Ridge,regular,,Hanover,,,Frederick,,,,,,,,,transcript/1915/1915-GSS/boxes/BLRI-19150719.txt,"Gettysburg Star and Sentinel, July 20, 1915",,,,,,,,,,,,,,,,,,,,,,,,,,,,,,,,,,,,
d9900e17-a1bc-5def-8bd5-c1cbd224251a,1915-07-19,0,Blue Ridge,regular,,Hagerstown,,,Martinsburg,,,,,,postponed,rain,,transcript/1915/1915-GSS/boxes/BLRI-19150719.txt,"Gettysburg Star and Sentinel, July 20, 1915",,,,,,,,,,,,,,,,,,,,,,,,,,,,,,,,,,,,
f371f788-3507-52c1-96b4-e38f1f48d08f,1915-07-20,1,Blue Ridge,regular,,Gettysburg,9,,Chambersburg,8,,,2:15,,,,,transcript/1915/1915-GSS/boxes/BLRI-19150719.txt,"Gettysburg Star and Sentinel, July 21, 1915",0,0,0,0,0,1,5,0,2,1,,,,,,,,,2,0,0,1,0,0,2,0,3,0,,,,,,,,
edc707ba-bace-57f0-8fa7-d4d19e2fc5be,1915-07-20,2,Blue Ridge,regular,,Gettysburg,1,,Chambersburg,3,,,1:10,,,,,transcript/1915/1915-GSS/boxes/BLRI-19150719.txt,"Gettysburg Star and Sentinel, July 21, 1915",0,0,1,0,0,0,0,,,,,,,,,,,,0,0,0,2,0,1,x,,,,,,,,,,,
a4019057-da16-51e5-8621-2e45151a3331,1915-07-20,0,Blue Ridge,regular,,Hanover,,,Frederick,,,,,,,,,transcript/1915/1915-GSS/boxes/BLRI-19150719.txt,"Gettysburg Star and Sentinel, July 21, 1915",,,,,,,,,,,,,,,,,,,,,,,,,,,,,,,,,,,,
e8baf221-6f14-566d-9e1a-a91070d0b2b9,1915-07-20,0,Blue Ridge,regular,,Hagerstown,,,Martinsburg,,,,,,,,,transcript/1915/1915-GSS/boxes/BLRI-19150719.txt,"Gettysburg Star and Sentinel, July 21, 1915",,,,,,,,,,,,,,,,,,,,,,,,,,,,,,,,,,,,
5641598d-6ed4-5587-80d6-a5895a5985d2,1915-07-21,0,Blue Ridge,regular,,Chambersburg,4,,Gettysburg,6,,,1:44,,,,,transcript/1915/1915-GSS/boxes/BLRI-19150719.txt,"Gettysburg Star and Sentinel, July 22, 1915",2,1,0,0,0,0,1,0,0,,,,,,,,,,0,0,0,0,6,0,0,0,x,,,,,,,,,
ec543630-5b30-5813-842a-c3b4c4b6584e,1915-07-21,0,Blue Ridge,regular,,Frederick,,,Hagerstown,,,,,,,,,transcript/1915/1915-GSS/boxes/BLRI-19150719.txt,"Gettysburg Star and Sentinel, July 22, 1915",,,,,,,,,,,,,,,,,,,,,,,,,,,,,,,,,,,,
283e1771-768e-5656-962c-b4b5b7a99f57,1915-07-21,0,Blue Ridge,regular,,Martinsburg,,,Hanover,,,,,,,,,transcript/1915/1915-GSS/boxes/BLRI-19150719.txt,"Gettysburg Star and Sentinel, July 22, 1915",,,,,,,,,,,,,,,,,,,,,,,,,,,,,,,,,,,,
7b0d2918-901e-5a89-9f2a-cca152e173c1,1915-07-22,0,Blue Ridge,regular,,Chambersburg,2,,Gettysburg,5,,,1:40,,,,,transcript/1915/1915-GSS/boxes/BLRI-19150719.txt,"Gettysburg Star and Sentinel, July 23, 1915",0,0,1,1,0,0,0,0,0,,,,,,,,,,0,0,2,0,2,1,0,0,x,,,,,,,,,
81795e92-9c26-5b8c-a7b1-568e7f9324c6,1915-07-22,0,Blue Ridge,regular,,Frederick,,,Hagerstown,,,,,,,,,transcript/1915/1915-GSS/boxes/BLRI-19150719.txt,"Gettysburg Star and Sentinel, July 23, 1915",,,,,,,,,,,,,,,,,,,,,,,,,,,,,,,,,,,,
76733d85-6aba-556b-8b3f-1d19a707cddd,1915-07-22,0,Blue Ridge,regular,,Martinsburg,,,Hanover,,,,,,,,,transcript/1915/1915-GSS/boxes/BLRI-19150719.txt,"Gettysburg Star and Sentinel, July 23, 1915",,,,,,,,,,,,,,,,,,,,,,,,,,,,,,,,,,,,
b61787dd-dcf2-5b07-9bef-a5a718fbd675,1915-07-23,0,Blue Ridge,regular,,Hagerstown,,,Frederick,,,,,,,,,transcript/1915/1915-GSS/boxes/BLRI-19150719.txt,"Gettysburg Star and Sentinel, July 24, 1915",,,,,,,,,,,,,,,,,,,,,,,,,,,,,,,,,,,,
f5ea7d69-d322-5fb6-a3e2-af18ea3c1bb5,1915-07-23,0,Blue Ridge,regular,,Martinsburg,2,,Gettysburg,1,,,1:53,,,,,transcript/1915/1915-GSS/boxes/BLRI-19150719.txt,"Gettysburg Star and Sentinel, July 24, 1915",0,0,0,0,0,0,0,0,2,,,,,,,,,,0,0,1,0,0,0,0,0,0,,,,,,,,,
f362d114-75c7-5e7b-89ec-d8b2d4ffe1a5,1915-07-23,0,Blue Ridge,regular,,Chambersburg,,,Hanover,,,,,,,,,transcript/1915/1915-GSS/boxes/BLRI-19150719.txt,"Gettysburg Star and Sentinel, July 24, 1915",,,,,,,,,,,,,,,,,,,,,,,,,,,,,,,,,,,,
f72f5e50-b8aa-57bf-a33e-e714b3360a35,1915-07-24,0,Blue Ridge,regular,,Hagerstown,,,Frederick,,,,,,,,,transcript/1915/1915-GSS/boxes/BLRI-19150719.txt,"Gettysburg Star and Sentinel, July 26, 1915",,,,,,,,,,,,,,,,,,,,,,,,,,,,,,,,,,,,
f372abb7-26a9-5fe1-b3df-590933289880,1915-07-24,1,Blue Ridge,regular,,Martinsburg,3,,Gettysburg,1,,,1:56,,,,,transcript/1915/1915-GSS/boxes/BLRI-19150719.txt,"Gettysburg Star and Sentinel, July 26, 1915",0,0,0,0,2,0,1,0,0,,,,,,,,,,0,0,0,0,0,0,0,1,0,,,,,,,,,
82aaee3e-bce2-50c7-a11b-4853d60bf48c,1915-07-24,2,Blue Ridge,regular,,Martinsburg,4,,Gettysburg,2,,,1:40,,,,,transcript/1915/1915-GSS/boxes/BLRI-19150719.txt,"Gettysburg Star and Sentinel, July 26, 1915",1,0,2,0,0,1,0,,,,,,,,,,,,0,0,0,0,0,1,1,,,,,,,,,,,
d9638622-94aa-568d-8c69-8a9cfe5d003e,1915-07-24,0,Blue Ridge,regular,,Chambersburg,,,Hanover,,,,,,thrown-out,Protest subsequently upheld,,transcript/1915/1915-GSS/boxes/BLRI-19150719.txt,"Gettysburg Star and Sentinel, July 26, 1915",,,,,,,,,,,,,,,,,,,,,,,,,,,,,,,,,,,,
6e5aacb3-1a6d-535c-b642-f690c1141797,1915-07-26,0,Blue Ridge,regular,,Frederick,,,Chambersburg,,,,,,,,,transcript/1915/1915-GSS/boxes/BLRI-19150726.txt,"Gettysburg Star and Sentinel, July 27, 1915",,,,,,,,,,,,,,,,,,,,,,,,,,,,,,,,,,,,
244bfff7-75eb-5393-892a-bc6fca0611ee,1915-07-26,0,Blue Ridge,regular,,Gettysburg,11,,Hagerstown,3,,,1:50,,,,,transcript/1915/1915-GSS/boxes/BLRI-19150726.txt,"Gettysburg Star and Sentinel, July 27, 1915",4,2,0,0,1,2,1,0,1,,,,,,,,,,0,2,0,0,0,1,0,0,0,,,,,,,,,
c337ef6e-9f92-56ab-9664-d6f647e05bdc,1915-07-26,0,Blue Ridge,regular,,Hanover,,,Martinsburg,,,,,,,,,transcript/1915/1915-GSS/boxes/BLRI-19150726.txt,"Gettysburg Star and Sentinel, July 27, 1915",,,,,,,,,,,,,,,,,,,,,,,,,,,,,,,,,,,,
f61f4352-079c-5fb8-8e59-e958c83c80d8,1915-07-27,0,Blue Ridge,regular,,Frederick,,,Chambersburg,,,,,,,,,transcript/1915/1915-GSS/boxes/BLRI-19150726.txt,"Gettysburg Star and Sentinel, July 28, 1915",,,,,,,,,,,,,,,,,,,,,,,,,,,,,,,,,,,,
cf253667-8683-58ab-bdf6-f41edd79b1e9,1915-07-27,0,Blue Ridge,regular,,Gettysburg,4,,Hagerstown,5,,,1:50,,,,,transcript/1915/1915-GSS/boxes/BLRI-19150726.txt,"Gettysburg Star and Sentinel, July 28, 1915",0,0,0,0,0,0,2,2,0,,,,,,,,,,0,0,0,1,1,1,0,0,2,,,,,,,,,
c3b9d6cb-6e51-5f47-90ce-111124cc19e8,1915-07-27,0,Blue Ridge,regular,,Hanover,,,Martinsburg,,,,,,,,,transcript/1915/1915-GSS/boxes/BLRI-19150726.txt,"Gettysburg Star and Sentinel, July 28, 1915",,,,,,,,,,,,,,,,,,,,,,,,,,,,,,,,,,,,
0fb25459-4330-58ee-8124-47f94a4d2686,1915-07-28,0,Blue Ridge,regular,,Chambersburg,,,Frederick,,,,,,,,,transcript/1915/1915-GSS/boxes/BLRI-19150726.txt,"Gettysburg Star and Sentinel, July 29, 1915",,,,,,,,,,,,,,,,,,,,,,,,,,,,,,,,,,,,
25427ae7-0380-5886-9658-a93260c32d5a,1915-07-28,0,Blue Ridge,regular,,Hanover,,,Hagerstown,,,,,,,,,transcript/1915/1915-GSS/boxes/BLRI-19150726.txt,"Gettysburg Star and Sentinel, July 29, 1915",,,,,,,,,,,,,,,,,,,,,,,,,,,,,,,,,,,,
0176ecdb-cd7f-5f8d-adb1-92c6d0581fb0,1915-07-28,0,Blue Ridge,regular,,Gettysburg,4,,Martinsburg,5,,,2:00,,,,,transcript/1915/1915-GSS/boxes/BLRI-19150726.txt,"Gettysburg Star and Sentinel, July 29, 1915",1,1,0,2,0,0,0,0,0,0,,,,,,,,,0,0,3,0,1,0,0,0,0,1,,,,,,,,
3f3371a7-54ee-5e50-83b0-933ea0e5dc54,1915-07-29,0,Blue Ridge,regular,,Chambersburg,,,Frederick,,,,,,,,,transcript/1915/1915-GSS/boxes/BLRI-19150726.txt,"Gettysburg Star and Sentinel, July 30, 1915",,,,,,,,,,,,,,,,,,,,,,,,,,,,,,,,,,,,
3fb9e04f-9504-5ddb-bf6e-a7444d6e1a35,1915-07-29,0,Blue Ridge,regular,,Hanover,,,Hagerstown,,,,,,,,,transcript/1915/1915-GSS/boxes/BLRI-19150726.txt,"Gettysburg Star and Sentinel, July 30, 1915",,,,,,,,,,,,,,,,,,,,,,,,,,,,,,,,,,,,
b2b9a33e-e66e-5e03-bff7-739ff1369011,1915-07-29,0,Blue Ridge,regular,,Gettysburg,1,,Martinsburg,2,,,1:10,,,,,transcript/1915/1915-GSS/boxes/BLRI-19150726.txt,"Gettysburg Star and Sentinel, July 30, 1915",1,0,0,0,0,0,0,0,0,,,,,,,,,,0,1,0,0,0,0,0,1,x,,,,,,,,,
04b19b23-6712-519d-aa97-366937c876a4,1915-07-30,0,Blue Ridge,regular,,Martinsburg,,,Chambersburg,,,,,,,,,transcript/1915/1915-GSS/boxes/BLRI-19150726.txt,"Gettysburg Star and Sentinel, July 31, 1915",,,,,,,,,,,,,,,,,,,,,,,,,,,,,,,,,,,,
48f48463-5cdf-5a84-8ce1-bc9647655c93,1915-07-30,0,Blue Ridge,regular,,Hagerstown,1,,Gettysburg,5,,,1:40,,,,,transcript/1915/1915-GSS/boxes/BLRI-19150726.txt,"Gettysburg Star and Sentinel, July 31, 1915",0,0,0,0,0,0,1,0,0,,,,,,,,,,0,0,2,0,2,1,0,0,0,,,,,,,,,
a8dd51ab-5767-5cea-845c-4a191359c7c2,1915-07-30,0,Blue Ridge,regular,,Frederick,,,Hanover,,,,,,,,,transcript/1915/1915-GSS/boxes/BLRI-19150726.txt,"Gettysburg Star and Sentinel, July 31, 1915",,,,,,,,,,,,,,,,,,,,,,,,,,,,,,,,,,,,
4a485655-2c25-581b-85d2-851fdbd50211,1915-07-31,0,Blue Ridge,regular,,Martinsburg,,,Chambersburg,,,,,,,,,transcript/1915/1915-GSS/boxes/BLRI-19150726.txt,"Gettysburg Star and Sentinel, August 2, 1915",,,,,,,,,,,,,,,,,,,,,,,,,,,,,,,,,,,,
b584f499-a16b-569b-b7f9-9e2bfbdb548d,1915-07-31,0,Blue Ridge,regular,,Hagerstown,1,,Gettysburg,3,,,1:50,,,,,transcript/1915/1915-GSS/boxes/BLRI-19150726.txt,"Gettysburg Star and Sentinel, August 2, 1915",0,0,0,0,0,0,1,0,0,,,,,,,,,,0,0,1,0,0,0,0,2,x,,,,,,,,,
c0e8e711-04dc-5c88-be2a-ae5030f84b2c,1915-07-31,0,Blue Ridge,regular,,Frederick,,,Hanover,,,,,,,,,transcript/1915/1915-GSS/boxes/BLRI-19150726.txt,"Gettysburg Star and Sentinel, August 2, 1915",,,,,,,,,,,,,,,,,,,,,,,,,,,,,,,,,,,,
e037ea68-6c23-5961-821d-1c1e41fde9cb,1915-08-02,0,Blue Ridge,regular,,Frederick,,,Gettysburg,,,,,,postponed,rain,,transcript/1915/1915-GSS/boxes/BLRI-19150802.txt,"Gettysburg Star and Sentinel, August 3, 1915",,,,,,,,,,,,,,,,,,,,,,,,,,,,,,,,,,,,
a56145fa-e6bf-56d8-9b4a-7911417d090a,1915-08-02,0,Blue Ridge,regular,,Hagerstown,,,Hanover,,,,,,,,,transcript/1915/1915-GSS/boxes/BLRI-19150802.txt,"Gettysburg Star and Sentinel, August 3, 1915",,,,,,,,,,,,,,,,,,,,,,,,,,,,,,,,,,,,
8f9b0139-abf1-5e33-8693-04c5a0b8ac6b,1915-08-02,0,Blue Ridge,regular,,Chambersburg,,,Martinsburg,,,,,,,,,transcript/1915/1915-GSS/boxes/BLRI-19150802.txt,"Gettysburg Star and Sentinel, August 3, 1915",,,,,,,,,,,,,,,,,,,,,,,,,,,,,,,,,,,,
ff598e08-2735-5dce-9ca5-d5faa24464b7,1915-08-03,0,Blue Ridge,regular,,Gettysburg,0,,Chambersburg,1,,,,,,,,transcript/1915/1915-GSS/boxes/BLRI-19150802.txt,"Gettysburg Star and Sentinel, August 4, 1915",0,0,0,0,0,0,0,0,0,,,,,,,,,,0,0,1,0,0,0,0,0,0,,,,,,,,,
bbb2ea58-b7b1-5d9f-aee4-c9241de7ded3,1915-08-03,0,Blue Ridge,regular,,Frederick,3,,Gettysburg,2,,,1:30,,,,,transcript/1915/1915-GSS/boxes/BLRI-19150802.txt,"Gettysburg Star and Sentinel, August 4, 1915",1,0,1,0,0,0,1,0,0,,,,,,,,,,0,0,0,0,2,0,0,0,0,,,,,,,,,
68e6a5d0-5de3-5eb3-a623-2a7a4f6add22,1915-08-03,0,Blue Ridge,regular,,Hagerstown,,,Hanover,,,,,,,,,transcript/1915/1915-GSS/boxes/BLRI-19150802.txt,"Gettysburg Star and Sentinel, August 4, 1915",,,,,,,,,,,,,,,,,,,,,,,,,,,,,,,,,,,,
4502ba9f-da34-5b0e-a7ab-516e2404cff1,1915-08-03,0,Blue Ridge,regular,,Chambersburg,,,Martinsburg,,,,,,postponed,rain,,transcript/1915/1915-GSS/boxes/BLRI-19150802.txt,"Gettysburg Star and Sentinel, August 4, 1915",,,,,,,,,,,,,,,,,,,,,,,,,,,,,,,,,,,,
f2add96b-74cc-53ff-9426-0b934bf52480,1915-08-04,0,Blue Ridge,regular,,Martinsburg,,,Frederick,,,,,,,,,transcript/1915/1915-GSS/boxes/BLRI-19150802.txt,"Gettysburg Star and Sentinel, August 5, 1915",,,,,,,,,,,,,,,,,,,,,,,,,,,,,,,,,,,,
caadec17-423f-534c-8d50-49d9cf290500,1915-08-04,0,Blue Ridge,regular,,Chambersburg,,,Hagerstown,,,,,,,,,transcript/1915/1915-GSS/boxes/BLRI-19150802.txt,"Gettysburg Star and Sentinel, August 5, 1915",,,,,,,,,,,,,,,,,,,,,,,,,,,,,,,,,,,,
9fc0c543-fee4-5c84-a212-1d8ed5395d65,1915-08-04,0,Blue Ridge,regular,,Gettysburg,2,,Hanover,5,,,2:10,,,,,transcript/1915/1915-GSS/boxes/BLRI-19150802.txt,"Gettysburg Star and Sentinel, August 5, 1915",0,0,0,0,0,0,2,0,0,,,,,,,,,,2,0,0,1,0,0,0,2,x,,,,,,,,,
ac6dfe4e-d792-56f8-b93b-eb3ae3d8b962,1915-08-05,0,Blue Ridge,regular,,Hagerstown,,,Chambersburg,,,,,,postponed,rain,,transcript/1915/1915-GSS/boxes/BLRI-19150802.txt,"Gettysburg Star and Sentinel, August 6, 1915",,,,,,,,,,,,,,,,,,,,,,,,,,,,,,,,,,,,
3a685f52-9295-5d94-b7c2-9d2729c14a85,1915-08-05,0,Blue Ridge,regular,,Hanover,,,Gettysburg,,,,,,postponed,rain,,transcript/1915/1915-GSS/boxes/BLRI-19150802.txt,"Gettysburg Star and Sentinel, August 6, 1915",,,,,,,,,,,,,,,,,,,,,,,,,,,,,,,,,,,,
ee93ea29-e123-5938-978c-3a5dfd0a1075,1915-08-05,0,Blue Ridge,regular,,Frederick,,,Martinsburg,,,,,,postponed,rain,,transcript/1915/1915-GSS/boxes/BLRI-19150802.txt,"Gettysburg Star and Sentinel, August 6, 1915",,,,,,,,,,,,,,,,,,,,,,,,,,,,,,,,,,,,
581f4e87-5473-50a0-b558-d3b1af731130,1915-08-06,0,Blue Ridge,regular,,Hanover,2,,Gettysburg,1,,,1:50,,,,,transcript/1915/1915-GSS/boxes/BLRI-19150802.txt,"Gettysburg Star and Sentinel, August 7, 1915",0,0,0,0,1,0,1,0,0,,,,,,,,,,0,0,1,0,0,0,0,0,0,,,,,,,,,
7e74f710-07f8-5da6-a4c6-4c856554034a,1915-08-06,1,Blue Ridge,regular,,Chambersburg,,,Hagerstown,,,,,,,,,transcript/1915/1915-GSS/boxes/BLRI-19150802.txt,"Gettysburg Star and Sentinel, August 7, 1915",,,,,,,,,,,,,,,,,,,,,,,,,,,,,,,,,,,,
c233d3ab-0300-5959-9061-09058cb32015,1915-08-06,2,Blue Ridge,regular,,Chambersburg,,,Hagerstown,,,,,,,,,transcript/1915/1915-GSS/boxes/BLRI-19150802.txt,"Gettysburg Star and Sentinel, August 7, 1915",,,,,,,,,,,,,,,,,,,,,,,,,,,,,,,,,,,,
be7c08e5-e070-5552-9869-d045760aa7ae,1915-08-06,0,Blue Ridge,regular,,Frederick,,,Martinsburg,,,,,,,,,transcript/1915/1915-GSS/boxes/BLRI-19150802.txt,"Gettysburg Star and Sentinel, August 7, 1915",,,,,,,,,,,,,,,,,,,,,,,,,,,,,,,,,,,,
d72bc868-f171-50de-8fed-c9cef6bff1b2,1915-08-07,1,Blue Ridge,regular,,Hagerstown,,,Chambersburg,,,,,,,,,transcript/1915/1915-GSS/boxes/BLRI-19150802.txt,"Gettysburg Star and Sentinel, August 9, 1915",,,,,,,,,,,,,,,,,,,,,,,,,,,,,,,,,,,,
2e3d2a59-1ca1-5152-85b5-329f3e26d3c4,1915-08-07,2,Blue Ridge,regular,,Hagerstown,,,Chambersburg,,,,,,,,,transcript/1915/1915-GSS/boxes/BLRI-19150802.txt,"Gettysburg Star and Sentinel, August 9, 1915",,,,,,,,,,,,,,,,,,,,,,,,,,,,,,,,,,,,
c4f9b08f-19a3-510c-bc53-3863c0abb0e9,1915-08-07,0,Blue Ridge,regular,,Hanover,3,,Gettysburg,7,,,1:55,,,,,transcript/1915/1915-GSS/boxes/BLRI-19150802.txt,"Gettysburg Star and Sentinel, August 9, 1915",0,0,1,2,0,0,0,0,0,,,,,,,,,,0,2,1,2,1,0,0,1,x,,,,,,,,,
72f4573f-ba1f-5abc-b710-50ab0ea6a9ca,1915-08-07,0,Blue Ridge,regular,,Frederick,,,Martinsburg,,,,,,postponed,rain,,transcript/1915/1915-GSS/boxes/BLRI-19150802.txt,"Gettysburg Star and Sentinel, August 9, 1915",,,,,,,,,,,,,,,,,,,,,,,,,,,,,,,,,,,,
5f7d4feb-c303-5c20-b6ef-12c66e568700,1915-08-09,0,Blue Ridge,regular,,Hanover,,,Chambersburg,,,,,,,,,transcript/1915/1915-GSS/boxes/BLRI-19150809.txt,"Gettysburg Star and Sentinel, August 10, 1915",,,,,,,,,,,,,,,,,,,,,,,,,,,,,,,,,,,,
ec46b066-80f7-58fe-a094-4fdeca4817ea,1915-08-09,0,Blue Ridge,regular,,Gettysburg,3,,Frederick,4,,,2:30,,,,,transcript/1915/1915-GSS/boxes/BLRI-19150809.txt,"Gettysburg Star and Sentinel, August 10, 1915",0,0,0,1,0,0,0,1,0,0,0,0,1,,,,,,0,0,0,0,0,0,0,0,2,0,0,0,2,,,,,
0df224d3-8ee7-5b72-9a47-30e4658a15a5,1915-08-09,0,Blue Ridge,regular,,Martinsburg,,,Hagerstown,,,,,,,,,transcript/1915/1915-GSS/boxes/BLRI-19150809.txt,"Gettysburg Star and Sentinel, August 10, 1915",,,,,,,,,,,,,,,,,,,,,,,,,,,,,,,,,,,,
d97855b6-d10a-5a9f-94e7-672e303e2ea9,1915-08-10,0,Blue Ridge,regular,,Hanover,,,Chambersburg,,,,,,,,,transcript/1915/1915-GSS/boxes/BLRI-19150809.txt,"Gettysburg Star and Sentinel, August 11, 1915",,,,,,,,,,,,,,,,,,,,,,,,,,,,,,,,,,,,
81e7aeb8-37b1-5545-a48c-07a4cb01eb3f,1915-08-10,0,Blue Ridge,regular,,Gettysburg,3,,Frederick,5,,,1:40,,,,,transcript/1915/1915-GSS/boxes/BLRI-19150809.txt,"Gettysburg Star and Sentinel, August 11, 1915",1,0,0,2,0,0,0,0,0,,,,,,,,,,0,0,0,0,0,2,0,3,x,,,,,,,,,
d1c112cd-0dfb-5453-b1d4-3bd00986bae5,1915-08-10,0,Blue Ridge,regular,,Martinsburg,,,Hagerstown,,,,,,,,,transcript/1915/1915-GSS/boxes/BLRI-19150809.txt,"Gettysburg Star and Sentinel, August 11, 1915",,,,,,,,,,,,,,,,,,,,,,,,,,,,,,,,,,,,
660795cf-5f70-545a-98d2-557df038888e,1915-08-11,0,Blue Ridge,regular,,Gettysburg,4,,Chambersburg,1,,,1:50,,,,,transcript/1915/1915-GSS/boxes/BLRI-19150809.txt,"Gettysburg Star and Sentinel, August 12, 1915",1,0,1,0,0,1,1,0,0,,,,,,,,,,0,0,0,1,0,0,0,0,0,,,,,,,,,
7d91d724-149b-5c27-9b34-2f9dd08d361a,1915-08-11,0,Blue Ridge,regular,,Hanover,,,Frederick,,,,,,,,,transcript/1915/1915-GSS/boxes/BLRI-19150809.txt,"Gettysburg Star and Sentinel, August 12, 1915",,,,,,,,,,,,,,,,,,,,,,,,,,,,,,,,,,,,
f981484e-c6bf-5131-af3c-c90a8f163a70,1915-08-11,0,Blue Ridge,regular,,Hagerstown,,,Martinsburg,,,,,,,,,transcript/1915/1915-GSS/boxes/BLRI-19150809.txt,"Gettysburg Star and Sentinel, August 12, 1915",,,,,,,,,,,,,,,,,,,,,,,,,,,,,,,,,,,,
fa3c3ecf-e46c-50d5-b6c4-f13666d14994,1915-08-12,0,Blue Ridge,regular,,Gettysburg,2,,Chambersburg,7,,,1:45,,,,,transcript/1915/1915-GSS/boxes/BLRI-19150809.txt,"Gettysburg Star and Sentinel, August 13, 1915",0,0,0,0,0,2,0,0,0,,,,,,,,,,3,0,1,1,0,2,0,0,0,,,,,,,,,
937831de-4f39-540e-86e1-ef9b1c54986b,1915-08-12,0,Blue Ridge,regular,,Hanover,,,Frederick,,,,,,,,,transcript/1915/1915-GSS/boxes/BLRI-19150809.txt,"Gettysburg Star and Sentinel, August 13, 1915",,,,,,,,,,,,,,,,,,,,,,,,,,,,,,,,,,,,
52263897-1e7e-5433-8add-c9e3400b6177,1915-08-12,0,Blue Ridge,regular,,Hagerstown,,,Martinsburg,,,,,,postponed,rain,,transcript/1915/1915-GSS/boxes/BLRI-19150809.txt,"Gettysburg Star and Sentinel, August 13, 1915",,,,,,,,,,,,,,,,,,,,,,,,,,,,,,,,,,,,
33ad50b9-409b-5fe7-ad97-666561f88465,1915-08-13,0,Blue Ridge,regular,,Chambersburg,2,,Gettysburg,9,,,1:40,,,,,transcript/1915/1915-GSS/boxes/BLRI-19150809.txt,"Gettysburg Star and Sentinel, August 14, 1915",0,0,0,0,0,2,0,0,0,,,,,,,,,,1,0,5,1,2,0,0,0,x,,,,,,,,,
c3ad78ed-a7bc-54fb-87d1-1fbe2a9dda83,1915-08-13,0,Blue Ridge,regular,,Frederick,,,Hagerstown,,,,,,,,,transcript/1915/1915-GSS/boxes/BLRI-19150809.txt,"Gettysburg Star and Sentinel, August 14, 1915",,,,,,,,,,,,,,,,,,,,,,,,,,,,,,,,,,,,
6761ae35-9b36-5893-85e7-6e8750d2e32c,1915-08-13,0,Blue Ridge,regular,,Martinsburg,,,Hanover,,,,,,,,,transcript/1915/1915-GSS/boxes/BLRI-19150809.txt,"Gettysburg Star and Sentinel, August 14, 1915",,,,,,,,,,,,,,,,,,,,,,,,,,,,,,,,,,,,
7f0e58a8-26e3-5d2e-88ef-720cfff60974,1915-08-14,0,Blue Ridge,regular,,Chambersburg,1,,Gettysburg,0,,,1:30,,,,,transcript/1915/1915-GSS/boxes/BLRI-19150809.txt,"Gettysburg Star and Sentinel, August 16, 1915",0,0,0,1,0,0,0,0,0,,,,,,,,,,0,0,0,0,0,0,0,0,0,,,,,,,,,
9183e758-45e5-54a9-bd5b-15dfc836d1e0,1915-08-14,0,Blue Ridge,regular,,Frederick,,,Hagerstown,,,,,,,,,transcript/1915/1915-GSS/boxes/BLRI-19150809.txt,"Gettysburg Star and Sentinel, August 16, 1915",,,,,,,,,,,,,,,,,,,,,,,,,,,,,,,,,,,,
c53653d8-7dff-554c-9efe-b70a38fcdf59,1915-08-14,0,Blue Ridge,regular,,Martinsburg,,,Hanover,,,,,,,,,transcript/1915/1915-GSS/boxes/BLRI-19150809.txt,"Gettysburg Star and Sentinel, August 16, 1915",,,,,,,,,,,,,,,,,,,,,,,,,,,,,,,,,,,,
79356caa-80e0-5fc2-810c-ce7443e37cbe,1915-08-16,0,Blue Ridge,regular,,Hagerstown,,,Frederick,,,,,,,,,transcript/1915/1915-GSS/boxes/BLRI-19150816.txt,"Gettysburg Star and Sentinel, August 17, 1915",,,,,,,,,,,,,,,,,,,,,,,,,,,,,,,,,,,,
1ecc34a7-5bb5-5d66-b358-7451579ab824,1915-08-16,0,Blue Ridge,regular,,Martinsburg,7,,Gettysburg,4,,,2:15,,,,,transcript/1915/1915-GSS/boxes/BLRI-19150816.txt,"Gettysburg Star and Sentinel, August 17, 1915",0,1,0,0,1,3,1,0,1,,,,,,,,,,0,0,0,0,0,0,0,4,0,,,,,,,,,
5c789dfa-6d00-5fb4-9b89-a4b835cfa3d1,1915-08-16,1,Blue Ridge,regular,,Chambersburg,,,Hanover,,,,,,,,,transcript/1915/1915-GSS/boxes/BLRI-19150816.txt,"Gettysburg Star and Sentinel, August 17, 1915",,,,,,,,,,,,,,,,,,,,,,,,,,,,,,,,,,,,
46b63058-e256-5f06-9c2f-644fee0745ab,1915-08-16,2,Blue Ridge,regular,,Chambersburg,,,Hanover,,,,,,,,,transcript/1915/1915-GSS/boxes/BLRI-19150816.txt,"Gettysburg Star and Sentinel, August 17, 1915",,,,,,,,,,,,,,,,,,,,,,,,,,,,,,,,,,,,
5da5bda2-ab0a-51d8-8338-f6de07a7c32d,1915-08-17,0,Blue Ridge,regular,,Hagerstown,,,Frederick,,,,,,,,,transcript/1915/1915-GSS/boxes/BLRI-19150816.txt,"Gettysburg Star and Sentinel, August 18, 1915",,,,,,,,,,,,,,,,,,,,,,,,,,,,,,,,,,,,
b9246097-0f23-50bf-a204-53de2ce51d3c,1915-08-17,0,Blue Ridge,regular,,Martinsburg,3,,Gettysburg,4,,,1:42,,,,,transcript/1915/1915-GSS/boxes/BLRI-19150816.txt,"Gettysburg Star and Sentinel, August 18, 1915",0,0,2,0,0,0,0,1,0,,,,,,,,,,2,0,1,1,0,0,0,0,x,,,,,,,,,
3a5106ef-a6c5-5f80-9db6-8d2e7b78c5d0,1915-08-17,0,Blue Ridge,regular,,Chambersburg,,,Hanover,,,,,,,,,transcript/1915/1915-GSS/boxes/BLRI-19150816.txt,"Gettysburg Star and Sentinel, August 18, 1915",,,,,,,,,,,,,,,,,,,,,,,,,,,,,,,,,,,,
f7110496-2e7c-5484-8473-13275760272c,1915-08-18,1,Blue Ridge,regular,,Frederick,,,Chambersburg,,,,,,,,,transcript/1915/1915-GSS/boxes/BLRI-19150816.txt,"Gettysburg Star and Sentinel, August 19, 1915",,,,,,,,,,,,,,,,,,,,,,,,,,,,,,,,,,,,
a191dd7d-801e-5b27-8e41-ee4dd5b8d17a,1915-08-18,2,Blue Ridge,regular,,Frederick,,,Chambersburg,,,,,,,,,transcript/1915/1915-GSS/boxes/BLRI-19150816.txt,"Gettysburg Star and Sentinel, August 19, 1915",,,,,,,,,,,,,,,,,,,,,,,,,,,,,,,,,,,,
50a8c499-344e-5ae7-988e-386976434b42,1915-08-18,0,Blue Ridge,regular,,Gettysburg,3,,Hagerstown,1,,,1:40,,,,,transcript/1915/1915-GSS/boxes/BLRI-19150816.txt,"Gettysburg Star and Sentinel, August 19, 1915",0,0,0,0,2,0,1,0,0,,,,,,,,,,0,0,0,0,0,0,1,0,0,,,,,,,,,
7bece997-ef8c-5152-850f-74f6d1f6a9d6,1915-08-18,0,Blue Ridge,regular,,Hanover,,,Martinsburg,,,,,,,,,transcript/1915/1915-GSS/boxes/BLRI-19150816.txt,"Gettysburg Star and Sentinel, August 19, 1915",,,,,,,,,,,,,,,,,,,,,,,,,,,,,,,,,,,,
672f2e80-3fd0-5ee8-92bc-c4c719d904c6,1915-08-19,0,Blue Ridge,regular,,Gettysburg,5,,Hagerstown,14,,,2:00,,,,,transcript/1915/1915-GSS/boxes/BLRI-19150816.txt,"Gettysburg Star and Sentinel, August 20, 1915",1,0,0,0,0,0,1,0,3,,,,,,,,,,2,0,2,4,0,1,2,3,x,,,,,,,,,
c6002b12-c334-5593-9d00-9899fd122c87,1915-08-19,0,Blue Ridge,regular,,Hanover,,,Martinsburg,,,,,,,,,transcript/1915/1915-GSS/boxes/BLRI-19150816.txt,"Gettysburg Star and Sentinel, August 20, 1915",,,,,,,,,,,,,,,,,,,,,,,,,,,,,,,,,,,,
20084e74-0e69-5ad2-bada-b7c684e9c078,1915-08-20,0,Blue Ridge,regular,,Chambersburg,,,Frederick,,,,,,,,,transcript/1915/1915-GSS/boxes/BLRI-19150816.txt,"Gettysburg Star and Sentinel, August 21, 1915",,,,,,,,,,,,,,,,,,,,,,,,,,,,,,,,,,,,
0c7ad402-32ce-5f3d-a81f-b182456bd07d,1915-08-20,0,Blue Ridge,regular,,Hanover,,,Hagerstown,,,,,,,,,transcript/1915/1915-GSS/boxes/BLRI-19150816.txt,"Gettysburg Star and Sentinel, August 21, 1915",,,,,,,,,,,,,,,,,,,,,,,,,,,,,,,,,,,,
2bafa937-3bac-545c-a87a-c8dcbd201ca8,1915-08-20,0,Blue Ridge,regular,,Gettysburg,2,,Martinsburg,13,,,1:15,,,,,transcript/1915/1915-GSS/boxes/BLRI-19150816.txt,"Gettysburg Star and Sentinel, August 21, 1915",0,0,1,0,0,1,0,0,0,,,,,,,,,,3,0,0,0,0,4,0,6,x,,,,,,,,,
8cc9ae67-9289-53b3-976f-9aed1afdd4f1,1915-08-21,0,Blue Ridge,regular,,Chambersburg,,,Frederick,,,,,,,,,transcript/1915/1915-GSS/boxes/BLRI-19150816.txt,"Gettysburg Star and Sentinel, August 23, 1915",,,,,,,,,,,,,,,,,,,,,,,,,,,,,,,,,,,,
d548da50-1a4b-5aab-befe-464df099e2e4,1915-08-21,0,Blue Ridge,regular,,Hanover,,,Hagerstown,,,,,,,,,transcript/1915/1915-GSS/boxes/BLRI-19150816.txt,"Gettysburg Star and Sentinel, August 23, 1915",,,,,,,,,,,,,,,,,,,,,,,,,,,,,,,,,,,,
a1bcc7e5-e731-5b02-8908-00e7ce6e7c06,1915-08-21,0,Blue Ridge,regular,,Gettysburg,2,,Martinsburg,13,,,1:25,,,,,transcript/1915/1915-GSS/boxes/BLRI-19150816.txt,"Gettysburg Star and Sentinel, August 23, 1915",0,0,1,0,0,1,0,0,0,,,,,,,,,,3,0,0,0,0,4,0,6,x,,,,,,,,,
04c11279-95ae-56de-80bb-5217f987fe31,1915-08-23,0,Blue Ridge,regular,,Martinsburg,,,Chambersburg,,,,,,,,,transcript/1915/1915-GSS/boxes/BLRI-19150823.txt,"Gettysburg Star and Sentinel, August 24, 1915",,,,,,,,,,,,,,,,,,,,,,,,,,,,,,,,,,,,
0da2e372-f1b7-5049-9d4c-58c86015c694,1915-08-23,0,Blue Ridge,regular,,Hagerstown,0,,Gettysburg,0,,,1:50,,,,,transcript/1915/1915-GSS/boxes/BLRI-19150823.txt,"Gettysburg Star and Sentinel, August 24, 1915",0,0,0,0,0,0,0,0,0,0,,,,,,,,,0,0,0,0,0,0,0,0,0,0,,,,,,,,
0c77a195-6a85-5ff4-b1dd-f14c2ce7223b,1915-08-23,0,Blue Ridge,regular,,Frederick,,,Hanover,,,,,,,,,transcript/1915/1915-GSS/boxes/BLRI-19150823.txt,"Gettysburg Star and Sentinel, August 24, 1915",,,,,,,,,,,,,,,,,,,,,,,,,,,,,,,,,,,,
9e02b1cd-c885-5307-b067-ee0ec5d73e29,1915-08-24,0,Blue Ridge,regular,,Martinsburg,,,Chambersburg,,,,,,,,,transcript/1915/1915-GSS/boxes/BLRI-19150823.txt,"Gettysburg Star and Sentinel, August 25, 1915",,,,,,,,,,,,,,,,,,,,,,,,,,,,,,,,,,,,
5cfb8bd5-44b0-55d8-8930-293fae5eabde,1915-08-24,0,Blue Ridge,regular,,Hagerstown,,,Gettysburg,,,,,,postponed,rain,,transcript/1915/1915-GSS/boxes/BLRI-19150823.txt,"Gettysburg Star and Sentinel, August 25, 1915",,,,,,,,,,,,,,,,,,,,,,,,,,,,,,,,,,,,
c59cf456-9aef-5a92-89ca-9f53aeeff91b,1915-08-24,0,Blue Ridge,regular,,Frederick,,,Hanover,,,,,,postponed,rain,,transcript/1915/1915-GSS/boxes/BLRI-19150823.txt,"Gettysburg Star and Sentinel, August 25, 1915",,,,,,,,,,,,,,,,,,,,,,,,,,,,,,,,,,,,
d3901a69-83a3-55c6-9d4b-58036b78c787,1915-08-25,1,Blue Ridge,regular,,Frederick,4,,Gettysburg,3,,,1:40,,,,,transcript/1915/1915-GSS/boxes/BLRI-19150823.txt,"Gettysburg Star and Sentinel, August 26, 1915",0,0,0,2,0,0,0,0,0,0,2,,,,,,,,0,2,0,0,0,0,0,0,0,0,1,,,,,,,
3c2903ff-7330-5ee7-ae8f-f80dd9c8652d,1915-08-25,2,Blue Ridge,regular,,Frederick,2,,Gettysburg,4,,,1:20,,,,,transcript/1915/1915-GSS/boxes/BLRI-19150823.txt,"Gettysburg Star and Sentinel, August 26, 1915",2,0,0,0,0,0,0,,,,,,,,,,,,0,0,3,1,0,0,x,,,,,,,,,,,
459c138f-a9c2-54a9-9c43-9a836223154b,1915-08-25,1,Blue Ridge,regular,,Hagerstown,,,Hanover,,,,,,,,,transcript/1915/1915-GSS/boxes/BLRI-19150823.txt,"Gettysburg Star and Sentinel, August 26, 1915",,,,,,,,,,,,,,,,,,,,,,,,,,,,,,,,,,,,
f625b16f-7978-5d9d-b7a1-4b1b8a2bde56,1915-08-25,2,Blue Ridge,regular,,Hagerstown,,,Hanover,,,,,,,,,transcript/1915/1915-GSS/boxes/BLRI-19150823.txt,"Gettysburg Star and Sentinel, August 26, 1915",,,,,,,,,,,,,,,,,,,,,,,,,,,,,,,,,,,,
dc932f06-078d-51b8-9d1b-920b1a8bf7b9,1915-08-25,1,Blue Ridge,regular,,Chambersburg,,,Martinsburg,,,,,,,,,transcript/1915/1915-GSS/boxes/BLRI-19150823.txt,"Gettysburg Star and Sentinel, August 26, 1915",,,,,,,,,,,,,,,,,,,,,,,,,,,,,,,,,,,,
e2bfcecb-e041-5951-acd0-57b413644eef,1915-08-25,2,Blue Ridge,regular,,Chambersburg,,,Martinsburg,,,,,,,,,transcript/1915/1915-GSS/boxes/BLRI-19150823.txt,"Gettysburg Star and Sentinel, August 26, 1915",,,,,,,,,,,,,,,,,,,,,,,,,,,,,,,,,,,,
272f8fbe-eb61-5d29-bb83-1e0298638f9f,1915-08-26,1,Blue Ridge,regular,,Frederick,0,,Gettysburg,4,,,,,,,,transcript/1915/1915-GSS/boxes/BLRI-19150823.txt,"Gettysburg Star and Sentinel, August 27, 1915",0,0,0,0,0,0,0,0,0,,,,,,,,,,0,1,3,0,0,0,0,0,x,,,,,,,,,
584912f9-ba42-57d8-9743-17db53ce765a,1915-08-26,2,Blue Ridge,regular,,Frederick,2,,Gettysburg,1,,,,,,,,transcript/1915/1915-GSS/boxes/BLRI-19150823.txt,"Gettysburg Star and Sentinel, August 27, 1915",0,0,0,2,0,0,0,,,,,,,,,,,,0,0,0,0,0,0,1,,,,,,,,,,,
248a4018-6de5-52c4-a5e6-e8883b72ae21,1915-08-26,1,Blue Ridge,regular,,Chambersburg,,,Martinsburg,,,,,,,,,transcript/1915/1915-GSS/boxes/BLRI-19150823.txt,"Gettysburg Star and Sentinel, August 27, 1915",,,,,,,,,,,,,,,,,,,,,,,,,,,,,,,,,,,,
43474318-0b66-5eaf-8c16-fcfd9023eb44,1915-08-26,2,Blue Ridge,regular,,Chambersburg,,,Martinsburg,,,,,,,,,transcript/1915/1915-GSS/boxes/BLRI-19150823.txt,"Gettysburg Star and Sentinel, August 27, 1915",,,,,,,,,,,,,,,,,,,,,,,,,,,,,,,,,,,,
