game.key,league.year,league.name,game.date,game.number,game.phase,name.last,name.first
QZYZQYP,1908,Arkansas State League,1908-04-20,0,regular,Kinman,
SZKFHQT,1908,Arkansas State League,1908-04-20,0,regular,Gampher,
JKTVTMD,1908,Arkansas State League,1908-04-20,0,regular,Cratty,
DBWFTLX,1908,Arkansas State League,1908-04-21,0,regular,Crotty,
LXVRJVV,1908,Arkansas State League,1908-04-22,0,regular,Crotty,
JNMXZSJ,1908,Arkansas State League,1908-04-22,0,regular,Gamphor,
CNFCGGL,1908,Arkansas State League,1908-04-23,0,regular,Moore,
HZRXXST,1908,Arkansas State League,1908-04-23,0,regular,Gamphor,
ZNWZHHX,1908,Arkansas State League,1908-04-24,0,regular,Gamphor,
CMKCKPS,1908,Arkansas State League,1908-04-24,0,regular,Potts,
KXQDGJL,1908,Arkansas State League,1908-04-25,0,regular,Moore,
XGJTFNB,1908,Arkansas State League,1908-04-25,0,regular,Crotty,
JVWVKSM,1908,Arkansas State League,1908-04-27,0,regular,Welch,
JVWVKSM,1908,Arkansas State League,1908-04-27,0,regular,Ray,
SNZMSWY,1908,Arkansas State League,1908-04-28,0,regular,Crotty,
BCPKKVX,1908,Arkansas State League,1908-04-28,0,regular,Gamphor,
JDHMQMK,1908,Arkansas State League,1908-04-28,0,regular,Moore,
VBCSYHM,1908,Arkansas State League,1908-04-30,0,regular,Crotty,
QCPDBTL,1908,Arkansas State League,1908-04-30,0,regular,Crowley,
ZHXPQVX,1908,Arkansas State League,1908-05-01,0,regular,Crotty,
HHKJDXJ,1908,Arkansas State League,1908-05-01,0,regular,Gampher,
QNHCDBW,1908,Arkansas State League,1908-05-02,0,regular,Gampfer,
ZKCGZWB,1908,Arkansas State League,1908-05-04,0,regular,Crotty,
GWSYNNB,1908,Arkansas State League,1908-05-04,0,regular,Crowley,
TPPTLHY,1908,Arkansas State League,1908-05-06,0,regular,Crotty,
TRKCYGL,1908,Arkansas State League,1908-05-07,0,regular,Crowley,
GMJLQDX,1908,Arkansas State League,1908-05-08,0,regular,Crowley,
RVYXJZB,1908,Arkansas State League,1908-05-08,0,regular,Deaver,
WHXYLJF,1908,Arkansas State League,1908-05-12,0,regular,Gampher,
JPNNKHT,1908,Arkansas State League,1908-05-13,0,regular,Gamper,
PTVXKBW,1908,Arkansas State League,1908-05-13,0,regular,Crotty,
YPCJNDF,1908,Arkansas State League,1908-05-14,0,regular,Crotty,
ZPTWRJB,1908,Arkansas State League,1908-05-16,0,regular,Crottey,
RSSWMGN,1908,Arkansas State League,1908-05-16,0,regular,McAdams,
RSSWMGN,1908,Arkansas State League,1908-05-16,0,regular,Wray,
YSMMCCT,1908,Arkansas State League,1908-05-17,0,regular,Haeschle,
YSMMCCT,1908,Arkansas State League,1908-05-17,0,regular,McDowell,
ZCTZQNW,1908,Arkansas State League,1908-05-18,0,regular,MacDowell,
PYTGKHF,1908,Arkansas State League,1908-05-18,0,regular,Crotty,
HTYYGKV,1908,Arkansas State League,1908-05-19,0,regular,Kinman,
MJTZKSQ,1908,Arkansas State League,1908-05-19,0,regular,Crotty,
GNFMYTG,1908,Arkansas State League,1908-05-20,0,regular,Gampher,
TZDRGLX,1908,Arkansas State League,1908-05-20,0,regular,Kinman,
MBRXJYS,1908,Arkansas State League,1908-05-20,0,regular,Crotty,
KGQZQFX,1908,Arkansas State League,1908-05-21,0,regular,Gomphor,
DSDSYSM,1908,Arkansas State League,1908-05-22,0,regular,R.T. Simmons,
RWFCPXB,1908,Arkansas State League,1908-05-23,0,regular,Gamphor,
BLCWYLJ,1908,Arkansas State League,1908-05-25,0,regular,Simmons,
JBQCWDN,1908,Arkansas State League,1908-05-25,0,regular,Gampher,
XLCSDJP,1908,Arkansas State League,1908-05-26,0,regular,Gampher,
FTVCZRT,1908,Arkansas State League,1908-05-27,0,regular,Gampher,
YLVRJGT,1908,Arkansas State League,1908-05-28,0,regular,Gampher,
SSTQQMB,1908,Arkansas State League,1908-05-28,0,regular,Crotty,
VCNXLMD,1908,Arkansas State League,1908-05-28,0,regular,Goldsby,
WYRVTZK,1908,Arkansas State League,1908-05-30,0,regular,Goldsby,
SLCWLRP,1908,Arkansas State League,1908-05-30,1,regular,Crotty,
CDTYVRR,1908,Arkansas State League,1908-05-30,2,regular,Crotty,
LDGXNWD,1908,Arkansas State League,1908-05-31,0,regular,Goldsby,
PTRRTHP,1908,Arkansas State League,1908-06-01,0,regular,Gamfer,
GJVMYDV,1908,Arkansas State League,1908-06-02,0,regular,Gampher,
SRSFVFH,1908,Arkansas State League,1908-06-04,0,regular,Gampher,
QRZYPCW,1908,Arkansas State League,1908-06-08,0,regular,Grotty,
TKZFJYX,1908,Arkansas State League,1908-06-08,0,regular,Gampfer,
QCQRHCY,1908,Arkansas State League,1908-06-09,0,regular,Crotty,
YLNYGFZ,1908,Arkansas State League,1908-06-10,0,regular,Crotty,
HXMBPML,1908,Arkansas State League,1908-06-10,1,regular,Gampfer,
QLSDZSB,1908,Arkansas State League,1908-06-11,0,regular,Gampfer,
MKZCVPR,1908,Arkansas State League,1908-06-11,0,regular,Crotty,
FPJMGTG,1908,Arkansas State League,1908-06-12,0,regular,Crotty,
VKFMPWR,1908,Arkansas State League,1908-06-12,0,regular,Gampfor,
BZCSTCW,1908,Arkansas State League,1908-06-13,0,regular,Crotty,
VPDCGZX,1908,Arkansas State League,1908-06-13,0,regular,Gampher,
SHRHFWN,1908,Arkansas State League,1908-06-15,0,regular,Crotty,
ZTYJSCR,1908,Arkansas State League,1908-06-15,0,regular,Goldsby,
PNDQRQJ,1908,Arkansas State League,1908-06-16,0,regular,Gampher,
LWKZPDR,1908,Arkansas State League,1908-06-16,0,regular,Golsdby,
WLXBTGT,1908,Arkansas State League,1908-06-16,0,regular,Crotty,
LVHSNZF,1908,Arkansas State League,1908-06-17,1,regular,Duran,
DGHGQKD,1908,Arkansas State League,1908-06-17,2,regular,Duran,
KZQTVFX,1908,Arkansas State League,1908-06-18,0,regular,R.T. Simmons,
HRQKWDB,1908,Arkansas State League,1908-06-18,0,regular,Durand,
CCSTTBQ,1908,Arkansas State League,1908-06-18,0,regular,Gampfer,
XJDMSVD,1908,Arkansas State League,1908-06-19,0,regular,Crotty,
SNGMWSD,1908,Arkansas State League,1908-06-19,0,regular,Gampher,
YYQRLTX,1908,Arkansas State League,1908-06-20,0,regular,Gamfer,
QJSRDCY,1908,Arkansas State League,1908-06-20,0,regular,Crotty,
WKNRBNQ,1908,Arkansas State League,1908-06-22,0,regular,Gampfer,
JFCCRSY,1908,Arkansas State League,1908-06-23,0,regular,Gampfer,
HLWFBTJ,1908,Arkansas State League,1908-06-24,0,regular,Gamfer,
PQCTGCX,1908,Arkansas State League,1908-06-25,0,regular,Crotty,
TVPLLBK,1908,Arkansas State League,1908-06-26,0,regular,Crotty,
JMWMHNW,1908,Arkansas State League,1908-06-26,0,regular,Druand,
XPTJCDM,1908,Arkansas State League,1908-06-26,0,regular,Gampher,
PZHLDXW,1908,Arkansas State League,1908-06-27,0,regular,Crotty,
JRCCCJF,1908,Arkansas State League,1908-06-27,0,regular,Durand,
YZYYCSX,1908,Arkansas State League,1908-06-27,0,regular,Gampfer,
NLJDDPK,1908,Arkansas State League,1908-06-28,0,regular,Durand,
JZJQFTM,1908,Arkansas State League,1908-06-29,0,regular,Gampher,
FMXVXJH,1908,Arkansas State League,1908-06-29,0,regular,Crotty,
YWRMXWD,1908,Arkansas State League,1908-06-30,0,regular,Crotty,
BWQQLVM,1908,Arkansas State League,1908-06-30,0,regular,Gampfer,
BXZZXWL,1908,Arkansas State League,1908-07-01,0,regular,Crotty,
XJQNNGZ,1908,Arkansas State League,1908-07-01,0,regular,Gampfer,
YLXCTXZ,1908,Arkansas State League,1908-07-02,0,regular,Crotty,
QXDYGLL,1908,Arkansas State League,1908-07-03,0,regular,Gampher,
YTHCFGY,1908,Arkansas State League,1908-07-03,0,regular,Crotty,
KYXLXZW,1908,Arkansas State League,1908-07-04,1,regular,Gamfer,
WMVJKCL,1908,Arkansas State League,1908-07-04,2,regular,Gamfer,
KTWPLVP,1908,Arkansas State League,1908-07-04,1,regular,Durant,
JPXRTDS,1908,Arkansas State League,1908-07-04,2,regular,Durant,
DPXHMZS,1908,Arkansas State League,1908-07-04,1,regular,Crotty,
WRBRWDV,1908,Arkansas State League,1908-07-04,2,regular,Crotty,
SJCJQVH,1908,Arkansas State League,1908-07-06,0,regular,McAdams,
VQCYFVG,1908,Arkansas State League,1908-07-07,0,regular,Stoeder,
XRJRGTB,1908,Arkansas State League,1908-07-07,0,regular,Gampfer,
WZZXTVY,1908,Arkansas State League,1908-07-08,0,regular,Crotty,
ZDLYYGF,1908,Arkansas State League,1908-07-08,0,regular,Durand,
CDWSVGB,1908,Arkansas State League,1908-07-09,0,regular,Kimball,
GVTDMYN,1908,Arkansas State League,1908-07-09,0,regular,Crotty,
FVTNRWP,1908,Arkansas State League,1908-07-10,0,regular,Durand,
MWKMTXL,1908,Arkansas State League,1908-07-10,0,regular,Crotty,
PFWNQNT,1908,Arkansas State League,1908-07-11,0,regular,Crotty,
RDDNMJL,1908,Arkansas State League,1908-07-11,0,regular,Durand,
RZSTFVD,1908,Arkansas State League,1908-07-13,0,regular,Durand,
BFXQKBP,1908,Arkansas State League,1908-07-14,0,regular,Gamphor,
WMPJLVD,1908,Arkansas State League,1908-07-14,0,regular,Durand,
VNLHZGC,1908,Arkansas State League,1908-07-15,0,regular,Durand,
LQFMPYS,1908,Arkansas State League,1908-07-16,0,regular,Durand,
TXJWKTN,1908,Arkansas State League,1908-07-16,0,regular,Crotty,
BVBMJDH,1908,Arkansas State League,1908-07-17,0,regular,Durand,
KYNTQYN,1908,Arkansas State League,1908-07-17,0,regular,Crotty,
LMWZMZL,1908,Arkansas State League,1908-07-18,0,regular,Crotty,
BQHXMMN,1908,Arkansas State League,1908-07-18,0,regular,Durand,
JSXDMXR,1908,Arkansas State League,1908-07-20,0,regular,Crotty,
PNYYDBX,1908,Arkansas State League,1908-07-21,0,regular,Crotty,
MZNGNGR,1908,Arkansas State League,1908-07-21,0,regular,Gamphor,
QFVLNQX,1908,Arkansas State League,1908-07-22,0,regular,Crotty,
YZMPWYM,1908,Arkansas State League,1908-07-23,0,regular,Walters,
PXZKWQY,1908,Arkansas State League,1908-07-24,0,regular,Durand,
RLNJQGP,1908,Arkansas State League,1908-07-24,0,regular,Crotty,
PZXGZDG,1908,Arkansas State League,1908-07-25,1,regular,Crotty,
TGDZQVF,1908,Arkansas State League,1908-07-25,2,regular,Crotty,
GZXKYYX,1908,Arkansas State League,1908-07-25,0,regular,Durand,
LQJBXTP,1908,Arkansas State League,1908-07-27,0,regular,Durand,
HSGWMHR,1908,Arkansas State League,1908-07-27,0,regular,Crotty,
KVBHKHJ,1908,Arkansas State League,1908-07-28,0,regular,Shaw,
KVBHKHJ,1908,Arkansas State League,1908-07-28,0,regular,Brumling,
VRJWZCW,1908,Arkansas State League,1908-07-29,0,regular,Clare,
QWRGKJY,1908,Arkansas State League,1908-07-30,0,regular,Crotty,
WLDTYDZ,1908,Arkansas State League,1908-07-30,0,regular,Durand,
ZBTCNYM,1908,Arkansas State League,1908-07-31,0,regular,Crotty,
RPGWRPV,1908,Arkansas State League,1908-07-31,0,regular,Durand,
HWWVMCM,1908,Arkansas State League,1908-08-01,1,regular,Crotty,
XSMNPKL,1908,Arkansas State League,1908-08-01,2,regular,Crotty,
SQVBSTF,1908,Arkansas State League,1908-08-04,0,regular,Durand,
CTYMSWQ,1908,Arkansas State League,1908-08-05,1,regular,Durand,
CGGNTCZ,1908,Arkansas State League,1908-08-05,2,regular,Durand,
KBQDVYK,1908,Arkansas State League,1908-08-06,0,regular,Crotty,
TWPLSMN,1908,Arkansas State League,1908-08-06,0,regular,Durand,
GCWKDRY,1908,Arkansas State League,1908-08-07,0,regular,Crotty,
YWMRSBT,1908,Arkansas State League,1908-08-07,0,regular,Durand,
HYXSFBJ,1908,Arkansas State League,1908-08-08,0,regular,Durand,
KSPXDCF,1908,Arkansas State League,1908-08-08,0,regular,Crotty,
BJKKHNY,1908,Arkansas State League,1908-08-09,0,regular,Gamphor,
JZBQLZJ,1908,Arkansas State League,1908-08-11,0,regular,Durand,
RPDCRKP,1908,Arkansas State League,1908-08-13,0,regular,Gamphor,
XJXJGWM,1908,Arkansas State League,1908-08-13,0,regular,Walters,
XJXJGWM,1908,Arkansas State League,1908-08-13,0,regular,Hoeschele,
PJNZGGB,1908,Arkansas State League,1908-08-14,0,regular,Durand,
ZVBWRMZ,1908,Arkansas State League,1908-08-14,1,regular,Gamphor,
JFHXGYH,1908,Arkansas State League,1908-08-14,2,regular,Gamphor,
FNYDWHH,1908,Arkansas State League,1908-08-15,0,regular,Gamphor,
WZSFHLT,1908,Arkansas State League,1908-08-15,0,regular,Durand,
STPKRSY,1908,Arkansas State League,1908-08-17,0,regular,Eldridge,
JRLHFQM,1908,Arkansas State League,1908-08-17,0,regular,Gamphor,
MXXPSMX,1908,Arkansas State League,1908-08-18,0,regular,Eldridge,
XGKGVPK,1908,Arkansas State League,1908-08-20,0,regular,Jehl,
ZNFVKBG,1908,Arkansas State League,1908-08-20,0,regular,Crotty,
QFQKFPH,1908,Arkansas State League,1908-08-21,0,regular,Jehl,
SMXNXQP,1908,Arkansas State League,1908-08-21,0,regular,Crotty,
JSBMNHZ,1908,Arkansas State League,1908-08-21,0,regular,Gamphor,
TWTHLVH,1908,Arkansas State League,1908-08-22,0,regular,Gamphor,
YLZTCKX,1908,Arkansas State League,1908-08-23,0,regular,Jehl,
BWTDJWX,1908,Arkansas State League,1908-08-24,0,regular,Rainey,
YCHPWFY,1908,Arkansas State League,1908-08-25,1,regular,Jehl,
LZLCDFT,1908,Arkansas State League,1908-08-25,2,regular,McDavitt,
DXDMBDM,1908,Arkansas State League,1908-08-25,1,regular,Crotty,
QPXGTJW,1908,Arkansas State League,1908-08-25,2,regular,Crotty,
GKSLXLC,1908,Arkansas State League,1908-08-25,0,regular,Gamphor,
TNFZWBQ,1908,Arkansas State League,1908-08-26,0,regular,Moore,
MYBFHDN,1908,Arkansas State League,1908-08-26,0,regular,Crotty,
JQYTZNN,1908,Arkansas State League,1908-08-26,0,regular,Gamphor,
ZGWGSVB,1908,Arkansas State League,1908-08-27,0,regular,Gamphor,
TVJNCCF,1908,Arkansas State League,1908-08-27,0,regular,Simmons,
SPRJVBQ,1908,Arkansas State League,1908-08-28,0,regular,Simmons,
MQBNJQC,1908,Arkansas State League,1908-08-28,0,regular,Gamphor,
MJJFZLT,1908,Arkansas State League,1908-08-29,0,regular,Gamphor,
FFTDGLT,1908,Arkansas State League,1908-08-29,0,regular,Crotty,
LWBJKCF,1908,Arkansas State League,1908-08-31,0,regular,Crotty,
GHNGGVH,1908,Arkansas State League,1908-09-01,0,regular,Gamphor,
CDDRXXG,1908,Arkansas State League,1908-09-01,0,regular,Moore,
PMHBFWC,1908,Arkansas State League,1908-09-01,0,regular,Crotty,
DWBDRXR,1908,Arkansas State League,1908-09-02,0,regular,Gamphor,
FVVCLZM,1908,Arkansas State League,1908-09-02,0,regular,Moore,
YYYBNXM,1908,Arkansas State League,1908-09-02,0,regular,Crotty,
RXNTMZJ,1908,Arkansas State League,1908-09-03,0,regular,Moore,
LLMYHPC,1908,Arkansas State League,1908-09-04,0,regular,Moore,
CCRTPKW,1908,Arkansas State League,1908-09-05,0,regular,Moore,
CCRTPKW,1908,Arkansas State League,1908-09-05,0,regular,Boultes,
FDDZTRQ,1908,Arkansas State League,1908-09-05,2,regular,Walters,
BNWFCXW,1908,Arkansas State League,1908-09-05,1,regular,Crotty,
CRRGKRC,1908,Arkansas State League,1908-09-05,2,regular,Crotty,
LPKFPYY,1908,Arkansas State League,1908-09-07,0,regular,Crotty,
WMRHKJY,1908,Arkansas State League,1908-09-07,1,regular,Gampher,
CTNXMZB,1908,Arkansas State League,1908-09-07,2,regular,Gamphor,
PNRYFRR,1908,Cotton States League,1908-04-02,0,regular,Bammert,
JCRRKHJ,1908,Cotton States League,1908-04-02,0,regular,Hall,
VWDKSJG,1908,Cotton States League,1908-04-02,0,regular,Laroque,
TGRKYYP,1908,Cotton States League,1908-04-03,0,regular,Bammert,
THGZYHX,1908,Cotton States League,1908-04-03,0,regular,LaRoque,
FVLMWVY,1908,Cotton States League,1908-04-04,0,regular,Hall,
TZZQJNX,1908,Cotton States League,1908-04-04,0,regular,Larouque,
FQXPYYC,1908,Cotton States League,1908-04-04,0,regular,Blummet,
VDQMMNG,1908,Cotton States League,1908-04-05,0,regular,Hall,
VDBXVQG,1908,Cotton States League,1908-04-06,0,regular,Bammert,
GPQZKRG,1908,Cotton States League,1908-04-06,0,regular,Larouque,
NHRBTZG,1908,Cotton States League,1908-04-06,0,regular,Hall,
LKGYKHH,1908,Cotton States League,1908-04-07,0,regular,Laroque,
GSQMDJJ,1908,Cotton States League,1908-04-07,0,regular,Bammert,
LKRRCRN,1908,Cotton States League,1908-04-07,0,regular,Hall,
NNWFFVR,1908,Cotton States League,1908-04-08,0,regular,Bammert,
VNTMCNS,1908,Cotton States League,1908-04-08,0,regular,Hall,
BTYPZBZ,1908,Cotton States League,1908-04-08,0,regular,Laroque,
BFDJLTT,1908,Cotton States League,1908-04-09,0,regular,Larouque,
TNGSNYW,1908,Cotton States League,1908-04-09,0,regular,Hall,
HDXDMYV,1908,Cotton States League,1908-04-10,0,regular,Hall,
WZQGCSS,1908,Cotton States League,1908-04-10,0,regular,Larocque,
NFSXLFJ,1908,Cotton States League,1908-04-10,0,regular,Bammert,
GFFWYNP,1908,Cotton States League,1908-04-11,0,regular,Hall,
WCSHFFT,1908,Cotton States League,1908-04-11,0,regular,Bammert,
MPBKLZK,1908,Cotton States League,1908-04-11,0,regular,Larocque,
PMXKZZJ,1908,Cotton States League,1908-04-12,0,regular,Bammert,
WRJHNGK,1908,Cotton States League,1908-04-13,0,regular,Bammert,
WBMKKCG,1908,Cotton States League,1908-04-13,0,regular,Hall,
YDTYXVC,1908,Cotton States League,1908-04-13,0,regular,Larocque,
DXBNCXB,1908,Cotton States League,1908-04-14,0,regular,Laroque,
QCMDDHF,1908,Cotton States League,1908-04-14,0,regular,Hall,
XMLTSNL,1908,Cotton States League,1908-04-15,0,regular,Larocque,
JXSWFMD,1908,Cotton States League,1908-04-16,0,regular,Bammert,
ZRXKKLT,1908,Cotton States League,1908-04-16,0,regular,Larocque,
XSDBLLR,1908,Cotton States League,1908-04-17,0,regular,Bammert,
VTGBWTH,1908,Cotton States League,1908-04-17,0,regular,Hall,
LPPWXLY,1908,Cotton States League,1908-04-17,0,regular,Larocque,
KCMQPJB,1908,Cotton States League,1908-04-18,0,regular,Hall,
PMGWHVS,1908,Cotton States League,1908-04-18,0,regular,Bammert,
PZVZTJW,1908,Cotton States League,1908-04-18,0,regular,Larocque,
YJPZJZV,1908,Cotton States League,1908-04-19,0,regular,Hall,
BRRDQZR,1908,Cotton States League,1908-04-19,0,regular,Larocque,
XLRFHRS,1908,Cotton States League,1908-04-20,0,regular,Bammert,
WFBGFYD,1908,Cotton States League,1908-04-21,0,regular,Bammert,
KLVBHDB,1908,Cotton States League,1908-04-22,1,regular,Hall,
JBHXCCN,1908,Cotton States League,1908-04-22,2,regular,Hall,
TSZQSHH,1908,Cotton States League,1908-04-22,0,regular,Larocque,
XTHHZSN,1908,Cotton States League,1908-04-22,0,regular,Bammert,
TGBTWTW,1908,Cotton States League,1908-04-23,0,regular,Larouque,
CLWDHJB,1908,Cotton States League,1908-04-23,0,regular,Hall,
VHBWMBR,1908,Cotton States League,1908-04-23,0,regular,Larocque,
CWZJVFP,1908,Cotton States League,1908-04-24,0,regular,Bammert,
QDGWRYL,1908,Cotton States League,1908-04-25,1,regular,Larocque,
YRWHSTF,1908,Cotton States League,1908-04-25,2,regular,Larocque,
DZLFDCD,1908,Cotton States League,1908-04-25,1,regular,Hall,
VXPXNXH,1908,Cotton States League,1908-04-25,2,regular,Hall,
CTPYCJF,1908,Cotton States League,1908-04-25,0,regular,Bammert,
DFJCPPV,1908,Cotton States League,1908-04-26,0,regular,Larocque,
GMRSHVB,1908,Cotton States League,1908-04-27,0,regular,Larocque,
KHLVTDN,1908,Cotton States League,1908-04-27,0,regular,Hall,
ZYNSYGD,1908,Cotton States League,1908-04-27,0,regular,Cerveaux,
TJRQCXW,1908,Cotton States League,1908-04-28,0,regular,Hall,
JBYBDCJ,1908,Cotton States League,1908-04-28,0,regular,Larocque,
CTDMQRS,1908,Cotton States League,1908-04-28,0,regular,Bammert,
PZMJRWP,1908,Cotton States League,1908-04-29,0,regular,Hall,
HKFLJLP,1908,Cotton States League,1908-04-29,0,regular,Bammert,
XCHTVMC,1908,Cotton States League,1908-04-30,0,regular,Larocque,
KHBQQFN,1908,Cotton States League,1908-04-30,0,regular,Bammert,
NXVMZZJ,1908,Cotton States League,1908-05-01,0,regular,Larocque,
VXRGBBM,1908,Cotton States League,1908-05-01,0,regular,Hall,
JWXLCXY,1908,Cotton States League,1908-05-01,0,regular,Bammert,
JTSQVRF,1908,Cotton States League,1908-05-02,0,regular,Hall,
ZLZGXTC,1908,Cotton States League,1908-05-02,0,regular,Larocque,
HDWYTXQ,1908,Cotton States League,1908-05-02,1,regular,Bammert,
LYQPHBS,1908,Cotton States League,1908-05-02,2,regular,Bammert,
YGCPXRJ,1908,Cotton States League,1908-05-03,0,regular,Hall,
DTPJNCW,1908,Cotton States League,1908-05-04,0,regular,Larocque,
HKZDXQK,1908,Cotton States League,1908-05-04,0,regular,Mammert,
YWFMZJV,1908,Cotton States League,1908-05-04,0,regular,Hall,
BPNHRJF,1908,Cotton States League,1908-05-05,0,regular,Hall,
HTKSTLC,1908,Cotton States League,1908-05-06,0,regular,Larocque,
RXLNLVT,1908,Cotton States League,1908-05-06,0,regular,Bammert,
KSNQKSB,1908,Cotton States League,1908-05-06,0,regular,Hall,
MHFLDQX,1908,Cotton States League,1908-05-07,0,regular,Hall,
MWNZDPS,1908,Cotton States League,1908-05-07,0,regular,Bammert,
QGPTJYS,1908,Cotton States League,1908-05-08,0,regular,Larocque,
HYDQCBF,1908,Cotton States League,1908-05-08,0,regular,Hall,
RPXZBFR,1908,Cotton States League,1908-05-08,0,regular,Bammert,
CGNRHPW,1908,Cotton States League,1908-05-09,1,regular,Larocque,
WRPJMLB,1908,Cotton States League,1908-05-09,2,regular,Larocque,
ZBMMCQY,1908,Cotton States League,1908-05-09,0,regular,Hall,
NYQJGJV,1908,Cotton States League,1908-05-09,0,regular,Bammert,
CVFGCYV,1908,Cotton States League,1908-05-10,0,regular,Hall,
VBXTMRL,1908,Cotton States League,1908-05-11,0,regular,Bammert,
ZHBNFVY,1908,Cotton States League,1908-05-11,0,regular,Hall,
PBSHXLP,1908,Cotton States League,1908-05-11,0,regular,Larocque,
XNMDRVQ,1908,Cotton States League,1908-05-12,0,regular,Bammert,
SSTDLLD,1908,Cotton States League,1908-05-12,0,regular,Hall,
XKDZXRF,1908,Cotton States League,1908-05-12,0,regular,Larocque,
CTKBTYB,1908,Cotton States League,1908-05-13,1,regular,Bammert,
FZHGMSK,1908,Cotton States League,1908-05-13,2,regular,Bammert,
TCXTLMY,1908,Cotton States League,1908-05-13,0,regular,Larocque,
YHYBMWQ,1908,Cotton States League,1908-05-14,0,regular,Hall,
KXWYZPR,1908,Cotton States League,1908-05-15,0,regular,Hall,
FXXJLSW,1908,Cotton States League,1908-05-16,0,regular,Hall,
WPQNGSL,1908,Cotton States League,1908-05-16,0,regular,Bammert,
NCQQKQC,1908,Cotton States League,1908-05-17,0,regular,Larocque,
HPNPXWG,1908,Cotton States League,1908-05-18,0,regular,Hall,
QXNZWWR,1908,Cotton States League,1908-05-19,1,regular,Bammert,
DPDDFMT,1908,Cotton States League,1908-05-19,2,regular,Bammert,
HTQCCJL,1908,Cotton States League,1908-05-19,1,regular,Hall,
ZFZSYJQ,1908,Cotton States League,1908-05-19,2,regular,Hall,
SPPFBXD,1908,Cotton States League,1908-05-19,0,regular,Larocque,
LDVPCST,1908,Cotton States League,1908-05-20,0,regular,Laroque,
XLWQWZV,1908,Cotton States League,1908-05-20,0,regular,Hall,
CPGSXST,1908,Cotton States League,1908-05-21,0,regular,Hall,
YQYXCXV,1908,Cotton States League,1908-05-21,0,regular,Bammert,
QBCQNDN,1908,Cotton States League,1908-05-21,0,regular,Laroque,
MTCJHSP,1908,Cotton States League,1908-05-22,0,regular,Hall,
JSNTHXK,1908,Cotton States League,1908-05-22,0,regular,Laroque,
ZBDKJTP,1908,Cotton States League,1908-05-22,0,regular,Bammert,
LMZKJNF,1908,Cotton States League,1908-05-23,0,regular,Hall,
TKHZPQZ,1908,Cotton States League,1908-05-23,0,regular,Robb,
TKHZPQZ,1908,Cotton States League,1908-05-23,0,regular,Schulz,
JWPGLWJ,1908,Cotton States League,1908-05-23,0,regular,Bammert,
QSGTDMQ,1908,Cotton States League,1908-05-24,0,regular,Larocque,
QPCCMRS,1908,Cotton States League,1908-05-25,0,regular,Bammert,
GRTMPFM,1908,Cotton States League,1908-05-25,1,regular,Larocque,
NPCZDQN,1908,Cotton States League,1908-05-25,2,regular,Lorocque,
RYQNPXZ,1908,Cotton States League,1908-05-25,0,regular,Hall,
VXQXLLN,1908,Cotton States League,1908-05-26,0,regular,Hall,
ZCKRKGV,1908,Cotton States League,1908-05-26,0,regular,Bammert,
TQSXQDY,1908,Cotton States League,1908-05-26,0,regular,Larocque,
LLKPLGL,1908,Cotton States League,1908-05-27,1,regular,Bammert,
XFVSGMQ,1908,Cotton States League,1908-05-27,2,regular,Bammert,
HLVFLTN,1908,Cotton States League,1908-05-27,0,regular,Hall,
JLVFVCS,1908,Cotton States League,1908-05-28,0,regular,Hall,
FXQZVVN,1908,Cotton States League,1908-05-28,0,regular,Larocque,
JKPJRYJ,1908,Cotton States League,1908-05-28,0,regular,Bammert,
QXMLFGQ,1908,Cotton States League,1908-05-29,0,regular,Larocque,
DNFDZVQ,1908,Cotton States League,1908-05-29,0,regular,Bammert,
VWCRGXV,1908,Cotton States League,1908-05-30,0,regular,Hall,
BQMWHWQ,1908,Cotton States League,1908-05-30,0,regular,Larocque,
ZKCWGDM,1908,Cotton States League,1908-05-30,0,regular,Bammert,
TWJHYFP,1908,Cotton States League,1908-05-31,0,regular,Bauer,
VSNZWHG,1908,Cotton States League,1908-06-01,0,regular,Bammert,
DKXHKLC,1908,Cotton States League,1908-06-02,1,regular,Larocque,
GYPWSNC,1908,Cotton States League,1908-06-02,2,regular,Laroque,
ZYLZVWC,1908,Cotton States League,1908-06-02,0,regular,Bammert,
HYPQJFT,1908,Cotton States League,1908-06-02,0,regular,Hall,
VDSQYGP,1908,Cotton States League,1908-06-03,1,regular,Bammert,
BYXKCNX,1908,Cotton States League,1908-06-03,2,regular,Bammert,
TRLNCKM,1908,Cotton States League,1908-06-03,0,regular,Hall,
TRLNCKM,1908,Cotton States League,1908-06-03,0,regular,Robinson,
WQLHVDJ,1908,Cotton States League,1908-06-04,0,regular,Bammert,
NJMJLQX,1908,Cotton States League,1908-06-05,1,regular,Larocque,
DQNQKDP,1908,Cotton States League,1908-06-05,2,regular,Larocque,
XFPFJPW,1908,Cotton States League,1908-06-05,0,regular,Bammert,
HLMZXGL,1908,Cotton States League,1908-06-05,0,regular,Bauer,
MVBMZGC,1908,Cotton States League,1908-06-06,0,regular,Larocque,
CPCWDCQ,1908,Cotton States League,1908-06-06,0,regular,Bammert,
BQYHCDK,1908,Cotton States League,1908-06-06,0,regular,Bauer,
VBCKPWN,1908,Cotton States League,1908-06-07,0,regular,Larocque,
GXLKTNK,1908,Cotton States League,1908-06-07,0,regular,Hall,
VZFDQVV,1908,Cotton States League,1908-06-08,0,regular,Hall,
GKVZXTG,1908,Cotton States League,1908-06-08,0,regular,Larocque,
PKGJDZJ,1908,Cotton States League,1908-06-08,0,regular,Bammert,
BBJLSTH,1908,Cotton States League,1908-06-09,0,regular,Larocque,
NZLBQXX,1908,Cotton States League,1908-06-09,0,regular,Bammert,
CHSRJVR,1908,Cotton States League,1908-06-09,0,regular,Hall,
WWSKYXV,1908,Cotton States League,1908-06-10,1,regular,Bammert,
DQLTBQD,1908,Cotton States League,1908-06-10,2,regular,Bammert,
HWBRJTW,1908,Cotton States League,1908-06-11,0,regular,Hall,
PBTYLDC,1908,Cotton States League,1908-06-11,0,regular,Larocque,
SVWFWWR,1908,Cotton States League,1908-06-12,1,regular,Bammert,
BRNTVFZ,1908,Cotton States League,1908-06-12,2,regular,Bammert,
DMGLMZF,1908,Cotton States League,1908-06-12,0,regular,Hall,
VYKYDPW,1908,Cotton States League,1908-06-12,0,regular,Larocque,
WGVSHHK,1908,Cotton States League,1908-06-13,0,regular,Hall,
WYHMDGF,1908,Cotton States League,1908-06-13,0,regular,Bammert,
MZQBZLM,1908,Cotton States League,1908-06-13,0,regular,Larocque,
VVMWGNW,1908,Cotton States League,1908-06-14,0,regular,Laroque,
TZJRTWY,1908,Cotton States League,1908-06-15,0,regular,Stewart,
GBGRFRM,1908,Cotton States League,1908-06-15,0,regular,Larocque,
JDHZLBN,1908,Cotton States League,1908-06-15,0,regular,Bammert,
ZQBTSBG,1908,Cotton States League,1908-06-16,0,regular,Bammert,
DZYVDZZ,1908,Cotton States League,1908-06-16,0,regular,Stewart,
NFXJNKH,1908,Cotton States League,1908-06-16,0,regular,Larocque,
KGKPXGX,1908,Cotton States League,1908-06-17,1,regular,Bammert,
RKBLHVD,1908,Cotton States League,1908-06-17,2,regular,Bammert,
PQBXWNT,1908,Cotton States League,1908-06-17,0,regular,Lively,
PQBXWNT,1908,Cotton States League,1908-06-17,0,regular,Yount,
SFRRBJB,1908,Cotton States League,1908-06-18,0,regular,Bammert,
FMRKPZC,1908,Cotton States League,1908-06-18,0,regular,Thompson,
YLVGHFD,1908,Cotton States League,1908-06-18,0,regular,Larocque,
LJXDBDG,1908,Cotton States League,1908-06-19,0,regular,Bammert,
VMYMGGT,1908,Cotton States League,1908-06-19,0,regular,Thompson,
PBFNRND,1908,Cotton States League,1908-06-19,0,regular,Larocque,
JFXDLHV,1908,Cotton States League,1908-06-20,1,regular,Bammert,
SGNNRHW,1908,Cotton States League,1908-06-20,2,regular,Bammert,
DCWHJLK,1908,Cotton States League,1908-06-20,0,regular,Thompson,
CLJGHCJ,1908,Cotton States League,1908-06-20,0,regular,Larocque,
FWJYHWH,1908,Cotton States League,1908-06-21,0,regular,McDivitt,
BPVLXKS,1908,Cotton States League,1908-06-21,0,regular,Lederer,
CTYZTLP,1908,Cotton States League,1908-06-22,1,regular,Lederer,
RSVFRVV,1908,Cotton States League,1908-06-22,2,regular,Lederer,
WPTZXRK,1908,Cotton States League,1908-06-22,0,regular,Laroque,
DMTJHZC,1908,Cotton States League,1908-06-22,0,regular,Bammert,
PCRPHGQ,1908,Cotton States League,1908-06-23,0,regular,Larocque,
LFZSGTS,1908,Cotton States League,1908-06-23,0,regular,Lederer,
WRNSNZF,1908,Cotton States League,1908-06-23,0,regular,Bammert,
RJYSKQZ,1908,Cotton States League,1908-06-24,0,regular,Laroque,
XYXXZGB,1908,Cotton States League,1908-06-24,0,regular,Matthews,
MQRQXQC,1908,Cotton States League,1908-06-25,0,regular,Matthews,
DQFRWVJ,1908,Cotton States League,1908-06-25,0,regular,Larocque,
PHZKTLN,1908,Cotton States League,1908-06-26,1,regular,Bammert,
GGMLHNT,1908,Cotton States League,1908-06-26,2,regular,Bammert,
NQVGCSK,1908,Cotton States League,1908-06-26,1,regular,Matthews,
YHDMDGY,1908,Cotton States League,1908-06-26,2,regular,Matthews,
GVWQGQD,1908,Cotton States League,1908-06-26,0,regular,Larocque,
XQLKTBT,1908,Cotton States League,1908-06-27,0,regular,Matthews,
ZHPYGMW,1908,Cotton States League,1908-06-27,0,regular,Bammert,
LYBWVLC,1908,Cotton States League,1908-06-27,0,regular,Larocque,
WNYKLJT,1908,Cotton States League,1908-06-28,0,regular,Bammert,
YZPJJHL,1908,Cotton States League,1908-06-28,0,regular,Matthews,
XPHPZNS,1908,Cotton States League,1908-06-29,0,regular,Matthews,
HDBSKGN,1908,Cotton States League,1908-06-29,0,regular,Larocque,
CXBNQRM,1908,Cotton States League,1908-06-30,0,regular,Bammert,
TDRSDHZ,1908,Cotton States League,1908-06-30,0,regular,Matthews,
BMPTDWQ,1908,Cotton States League,1908-06-30,0,regular,Larocque,
BQZNMVM,1908,Cotton States League,1908-07-01,1,regular,Matthews,
NRYMHZB,1908,Cotton States League,1908-07-01,2,regular,Matthews,
FGVSSFV,1908,Cotton States League,1908-07-01,1,regular,Bammert,
HKBSGSK,1908,Cotton States League,1908-07-01,2,regular,Bammert,
FHVDKZR,1908,Cotton States League,1908-07-01,0,regular,Laroque,
BRNJGFY,1908,Cotton States League,1908-07-03,0,regular,Larocque,
MVQZYLH,1908,Cotton States League,1908-07-03,0,regular,Bammert,
WFTXRZW,1908,Cotton States League,1908-07-04,1,regular,Larocque,
MDKCKPR,1908,Cotton States League,1908-07-04,2,regular,Larocque,
ZWWWHJP,1908,Cotton States League,1908-07-04,1,regular,Matthews,
QXTRSMC,1908,Cotton States League,1908-07-04,2,regular,Matthews,
BCQCVHK,1908,Cotton States League,1908-07-04,1,regular,Bammert,
ZKFGSMP,1908,Cotton States League,1908-07-04,2,regular,Bammert,
THBWPBQ,1908,Cotton States League,1908-07-05,0,regular,Bammert,
NZPKPQP,1908,Cotton States League,1908-07-05,0,regular,Mathews,
PGMWHQX,1908,Cotton States League,1908-07-06,0,regular,Bammert,
ZLCJNQB,1908,Cotton States League,1908-07-06,2,regular,Larocque,
PXYQSXB,1908,Cotton States League,1908-07-06,0,regular,Matthews,
QYSSYMY,1908,Cotton States League,1908-07-07,0,regular,Larocque,
CZXSWCS,1908,Cotton States League,1908-07-07,0,regular,Matthews,
YSMWQPM,1908,Cotton States League,1908-07-07,0,regular,Bammert,
KCGKQQJ,1908,Cotton States League,1908-07-08,0,regular,Larocque,
XCWZQXL,1908,Cotton States League,1908-07-09,0,regular,Bammert,
LHPRLDX,1908,Cotton States League,1908-07-09,0,regular,Larocque,
HXRFSZD,1908,Cotton States League,1908-07-09,0,regular,Matthews,
QNWQYJQ,1908,Cotton States League,1908-07-10,0,regular,Bammert,
PYMVRBC,1908,Cotton States League,1908-07-10,1,regular,Larocque,
KWTLDFJ,1908,Cotton States League,1908-07-10,2,regular,Larocque,
KFHTYLS,1908,Cotton States League,1908-07-10,0,regular,Matthews,
VPLDLVR,1908,Cotton States League,1908-07-11,0,regular,Bammert,
QSXMVBB,1908,Cotton States League,1908-07-11,0,regular,Larocque,
WMVVNCF,1908,Cotton States League,1908-07-11,0,regular,Matthews,
DTCMQLH,1908,Cotton States League,1908-07-12,0,regular,Bammert,
VFDMSWL,1908,Cotton States League,1908-07-12,0,regular,Larocque,
XPVRNJR,1908,Cotton States League,1908-07-13,0,regular,Laroque,
HRNVXFV,1908,Cotton States League,1908-07-13,0,regular,Matthews,
RGRYSYT,1908,Cotton States League,1908-07-13,0,regular,Bammert,
RMMBZYS,1908,Cotton States League,1908-07-14,1,regular,Larocque,
SJGJZLM,1908,Cotton States League,1908-07-14,2,regular,Larocque,
ZYLZLRQ,1908,Cotton States League,1908-07-14,0,regular,Bammert,
WSHRBNL,1908,Cotton States League,1908-07-14,0,regular,Matthews,
WSTNNPL,1908,Cotton States League,1908-07-15,0,regular,Matthews,
RVLRRBM,1908,Cotton States League,1908-07-16,0,regular,Larocque,
LCMDKHB,1908,Cotton States League,1908-07-17,1,regular,Bammert,
LPZBYXC,1908,Cotton States League,1908-07-17,2,regular,Bammert,
GLTVWDG,1908,Cotton States League,1908-07-17,0,regular,Matthews,
GTSSGWK,1908,Cotton States League,1908-07-17,1,regular,Larocque,
TXXRQRZ,1908,Cotton States League,1908-07-17,2,regular,Larocque,
LRYKZFJ,1908,Cotton States League,1908-07-18,0,regular,Larocque,
GVDMRLM,1908,Cotton States League,1908-07-18,0,regular,Matthews,
KTBKDND,1908,Cotton States League,1908-07-19,0,regular,Bammert,
CZYKXPM,1908,Cotton States League,1908-07-20,0,regular,Larocque,
JPCDQCV,1908,Cotton States League,1908-07-20,0,regular,Matthews,
CQDLFHT,1908,Cotton States League,1908-07-20,0,regular,Bammert,
FWSHZCH,1908,Cotton States League,1908-07-21,0,regular,LaRoque,
YSRWQKQ,1908,Cotton States League,1908-07-21,0,regular,Matthews,
XTNXCST,1908,Cotton States League,1908-07-21,0,regular,Bammert,
KDCHMHZ,1908,Cotton States League,1908-07-22,1,regular,Bammert,
GBBPBGR,1908,Cotton States League,1908-07-22,2,regular,Bammert,
YXWCVDN,1908,Cotton States League,1908-07-22,0,regular,Larocque,
VDDHJVC,1908,Cotton States League,1908-07-22,0,regular,Matthews,
YMFNWJW,1908,Cotton States League,1908-07-23,0,regular,Matthews,
QCSGNDY,1908,Cotton States League,1908-07-23,0,regular,Larocque,
SVTSSQZ,1908,Cotton States League,1908-07-23,0,regular,Bammert,
RVTFTKP,1908,Cotton States League,1908-07-24,0,regular,Mathews,
HBTMSLH,1908,Cotton States League,1908-07-24,0,regular,Larocque,
NCSXSXS,1908,Cotton States League,1908-07-25,0,regular,Larocque,
QLHQDFF,1908,Cotton States League,1908-07-25,1,regular,Bammert,
YTVDSHT,1908,Cotton States League,1908-07-25,2,regular,Bammert,
LGQYNSL,1908,Cotton States League,1908-07-25,0,regular,Matthews,
NLKRCML,1908,Cotton States League,1908-07-27,0,regular,Matthews,
HPFCNXQ,1908,Cotton States League,1908-07-27,0,regular,Bammert,
DLPDJZR,1908,Cotton States League,1908-07-28,0,regular,Matthews,
KJKFPDV,1908,Cotton States League,1908-07-29,1,regular,Larocque,
ZLYMPQX,1908,Cotton States League,1908-07-29,2,regular,Larocque,
RBWCDCW,1908,Cotton States League,1908-07-29,0,regular,Matthews,
ZCZRPBY,1908,Cotton States League,1908-07-29,0,regular,Bammert,
RGPFQKY,1908,Cotton States League,1908-07-30,0,regular,Larocque,
BMJZRGY,1908,Cotton States League,1908-07-31,0,regular,Bammert,
ZPKNLGF,1908,Cotton States League,1908-08-01,0,regular,Matthews,
WTCXLCQ,1908,Cotton States League,1908-08-02,0,regular,Hunter,
ZWXPNFB,1908,Cotton States League,1908-08-03,0,regular,Matthews,
BNKHYTF,1908,Cotton States League,1908-08-03,0,regular,Bammert,
VYTBXXG,1908,Cotton States League,1908-08-03,0,regular,Larocque,
XPXRKZC,1908,Cotton States League,1908-08-04,0,regular,Laroque,
CVBWJVP,1908,Cotton States League,1908-08-04,0,regular,Matthews,
DTLKFBW,1908,Cotton States League,1908-08-04,1,regular,Bammert,
KNRKWWL,1908,Cotton States League,1908-08-05,1,regular,Bammert,
MJLTLVN,1908,Cotton States League,1908-08-05,2,regular,Bammert,
JHSSKMH,1908,Cotton States League,1908-08-05,0,regular,Matthews,
RHBWJJB,1908,Cotton States League,1908-08-05,0,regular,Larocque,
KNZYYSW,1908,Cotton States League,1908-08-06,0,regular,Larocque,
DXQCXFB,1908,Cotton States League,1908-08-06,0,regular,Matthews,
LQRNYBW,1908,Cotton States League,1908-08-07,0,regular,Larocque,
PSPPRLN,1908,Cotton States League,1908-08-07,0,regular,Bammert,
KZBBPXY,1908,Cotton States League,1908-08-07,0,regular,Mathews,
MLTYBBJ,1908,Cotton States League,1908-08-08,0,regular,Matthews,
MPTRLWQ,1908,Cotton States League,1908-08-09,1,regular,Bammert,
DDDZRBR,1908,Cotton States League,1908-08-09,2,regular,Bammert,
QNPBQTM,1908,Cotton States League,1908-08-10,0,regular,Larocque,
NDVHLXL,1908,Cotton States League,1908-08-10,0,regular,Matthews,
NVYGYLT,1908,Cotton States League,1908-08-10,0,regular,Bammert,
GDTYCXW,1908,Cotton States League,1908-08-11,0,regular,Larocque,
LZWPKMW,1908,Cotton States League,1908-08-11,0,regular,Matthews,
ZJYMZDN,1908,Cotton States League,1908-08-11,0,regular,Dammert,
GVSCYDS,1908,Cotton States League,1908-08-12,0,regular,Larocque,
XXJSWKT,1908,Cotton States League,1908-08-12,0,regular,Matthews,
HCGXVLD,1908,Cotton States League,1908-08-12,0,regular,Bammert,
PVGBKNL,1908,Cotton States League,1908-08-13,0,regular,Larocque,
XVFWWXW,1908,Cotton States League,1908-08-13,0,regular,Bammert,
MPXGMHB,1908,Cotton States League,1908-08-13,0,regular,Frickie,
YVXNHKW,1908,Cotton States League,1908-08-14,0,regular,Larocque,
BLVJDMJ,1908,Cotton States League,1908-08-14,0,regular,Bammert,
FDNNRWP,1908,Cotton States League,1908-08-14,0,regular,Matthews,
VZTPTZJ,1908,Cotton States League,1908-08-15,0,regular,Bammert,
RLKBPZL,1908,Cotton States League,1908-08-15,0,regular,Matthews,
NNTGLFP,1908,Cotton States League,1908-08-15,0,regular,Larocque,
RBMVXCV,1908,Cotton States League,1908-08-16,0,regular,Bammert,
BKTTKSK,1908,Cotton States League,1908-08-17,0,regular,Larocque,
LVWPPNK,1908,Cotton States League,1908-08-17,0,regular,Bambert,
SFTHGCX,1908,Cotton States League,1908-08-17,0,regular,Matthews,
KYJDJJX,1908,Cotton States League,1908-08-18,0,regular,Bammert,
QZSLZQF,1908,Cotton States League,1908-08-18,1,regular,Matthews,
GQZNYCB,1908,Cotton States League,1908-08-18,2,regular,Matthews,
LGNMKNN,1908,Cotton States League,1908-08-19,1,regular,Larocque,
DCVZBSP,1908,Cotton States League,1908-08-19,2,regular,Larocque,
ZKDBFXM,1908,Cotton States League,1908-08-19,0,regular,Matthews,
JVRXDNW,1908,Southern Association,1908-04-15,0,regular,Carpenter,
KRXVQTC,1908,Southern Association,1908-04-16,0,regular,Brown,
XHLBVPH,1908,Southern Association,1908-04-16,0,regular,Phenninger,
VCLYZQB,1908,Southern Association,1908-04-16,0,regular,Carpenter,
NHGZTLM,1908,Southern Association,1908-04-17,0,regular,O'Brien,
NHGZTLM,1908,Southern Association,1908-04-17,0,regular,Fitzsimmons,
PBZMFQJ,1908,Southern Association,1908-04-17,0,regular,Pfenninger,
NZBSWPD,1908,Southern Association,1908-04-17,0,regular,Brown,
HSSBXGL,1908,Southern Association,1908-04-18,0,regular,O'Brien,
HSSBXGL,1908,Southern Association,1908-04-18,0,regular,Fitzsimmons,
DPJWJQD,1908,Southern Association,1908-04-18,0,regular,Carpenter,
DZVSLBJ,1908,Southern Association,1908-04-18,0,regular,Brown,
XPNQVMF,1908,Southern Association,1908-04-19,0,regular,Fitzsimmons,
XPNQVMF,1908,Southern Association,1908-04-19,0,regular,O'Brien,
BTCCMSW,1908,Southern Association,1908-04-19,0,regular,Carpenter,
ZFKFCTW,1908,Southern Association,1908-04-20,0,regular,Fitzsimmons,
ZFKFCTW,1908,Southern Association,1908-04-20,0,regular,Carpenter,
XXWPFZC,1908,Southern Association,1908-04-20,0,regular,Brown,
CWFKPKB,1908,Southern Association,1908-04-20,0,regular,Pfenninger,
QGVFTFL,1908,Southern Association,1908-04-20,0,regular,O'Brien,
YWFTBSD,1908,Southern Association,1908-04-21,0,regular,Carpenter,
YWFTBSD,1908,Southern Association,1908-04-21,0,regular,Fitzsimmons,
NNVGKBZ,1908,Southern Association,1908-04-21,0,regular,Brown,
CYVYNPH,1908,Southern Association,1908-04-21,0,regular,Pfenninger,
NVWDBVW,1908,Southern Association,1908-04-21,0,regular,O'Brien,
YBSDKLV,1908,Southern Association,1908-04-22,0,regular,Fitzsimmons,
YBSDKLV,1908,Southern Association,1908-04-22,0,regular,Carpenter,
DJFKKWW,1908,Southern Association,1908-04-22,0,regular,Brown,
FBVWXJL,1908,Southern Association,1908-04-22,0,regular,O'Brien,
MMMHPPM,1908,Southern Association,1908-04-22,0,regular,Pfenninger,
XWGQZVN,1908,Southern Association,1908-04-23,0,regular,Carpenter,
XWGQZVN,1908,Southern Association,1908-04-23,0,regular,Fitzsimmons,
QZDNVRC,1908,Southern Association,1908-04-23,0,regular,Pffenninger,
PBXGKFV,1908,Southern Association,1908-04-23,0,regular,O'Brien,
VHMPJGY,1908,Southern Association,1908-04-23,0,regular,Brown,
QJGWMHQ,1908,Southern Association,1908-04-24,0,regular,Carpenter,
TYNFHJC,1908,Southern Association,1908-04-24,0,regular,Phenninger,
GQKMPBV,1908,Southern Association,1908-04-25,0,regular,Carpenter,
KRFQMWV,1908,Southern Association,1908-04-25,0,regular,Brown,
LLPZWSC,1908,Southern Association,1908-04-25,0,regular,O'Brien,
LLPZWSC,1908,Southern Association,1908-04-25,0,regular,Fitzsimmons,
NQVBGBN,1908,Southern Association,1908-04-25,0,regular,Phenninger,
XJYPSBW,1908,Southern Association,1908-04-26,0,regular,Fitzsimmons,
XJYPSBW,1908,Southern Association,1908-04-26,0,regular,O'Brien,
PXXLVTN,1908,Southern Association,1908-04-27,0,regular,Carpenter,
PCBRJBS,1908,Southern Association,1908-04-27,0,regular,Pfenninger,
MQBQYQH,1908,Southern Association,1908-04-27,0,regular,O'Brien,
MQBQYQH,1908,Southern Association,1908-04-27,0,regular,Fitzsimmons,
PKNSQDW,1908,Southern Association,1908-04-27,0,regular,Brown,
VKGHWQV,1908,Southern Association,1908-04-28,0,regular,Brown,
CVXCWQF,1908,Southern Association,1908-04-28,0,regular,Fitzsimmons,
CVXCWQF,1908,Southern Association,1908-04-28,0,regular,O'Brien,
CFYTGZZ,1908,Southern Association,1908-04-28,0,regular,Pfeffinger,
FDCFBRL,1908,Southern Association,1908-04-29,0,regular,Pfenninger,
XRMWZVR,1908,Southern Association,1908-04-29,0,regular,Brown,
QGJBYQW,1908,Southern Association,1908-04-30,0,regular,O'Brien,
QGJBYQW,1908,Southern Association,1908-04-30,0,regular,Fitzsimmons,
FRCWQYS,1908,Southern Association,1908-04-30,0,regular,Carpenter,
LGNJGZN,1908,Southern Association,1908-04-30,0,regular,Pfenninger,
MKRQRQC,1908,Southern Association,1908-05-01,0,regular,O'Brien,
MKRQRQC,1908,Southern Association,1908-05-01,0,regular,Fitzsimmons,
KRGRBLK,1908,Southern Association,1908-05-01,0,regular,Pfenninger,
WYKMXHF,1908,Southern Association,1908-05-01,0,regular,Brown,
CJWVTCS,1908,Southern Association,1908-05-01,0,regular,Carpenter,
PXNHTXV,1908,Southern Association,1908-05-02,0,regular,O'Brien,
PXNHTXV,1908,Southern Association,1908-05-02,0,regular,Fitzsimmons,
VBKYWWN,1908,Southern Association,1908-05-02,0,regular,Carpenter,
LNBSKFJ,1908,Southern Association,1908-05-02,0,regular,Brown,
DHJWLNK,1908,Southern Association,1908-05-02,0,regular,Pfenninger,
WWRXVKG,1908,Southern Association,1908-05-03,0,regular,Fitzsimmons,
WWRXVKG,1908,Southern Association,1908-05-03,0,regular,O'Brien,
VFSHWMJ,1908,Southern Association,1908-05-03,0,regular,Carpenter,
TYYJBSJ,1908,Southern Association,1908-05-04,0,regular,Fitzsimmons,
TYYJBSJ,1908,Southern Association,1908-05-04,0,regular,O'Brien,
PPCTMZX,1908,Southern Association,1908-05-04,0,regular,Brown,
MQXNWCC,1908,Southern Association,1908-05-04,0,regular,Carpenter,
SSKNWSF,1908,Southern Association,1908-05-04,0,regular,Pfenninger,
ZZSRFKW,1908,Southern Association,1908-05-05,0,regular,Carpenter,
LTZJXRG,1908,Southern Association,1908-05-06,0,regular,Fitzsimmons,
LTZJXRG,1908,Southern Association,1908-05-06,0,regular,O'Brien,
QSKVKJS,1908,Southern Association,1908-05-06,0,regular,Carpenter,
MNCBXHF,1908,Southern Association,1908-05-07,0,regular,Fitzsimmons,
MNCBXHF,1908,Southern Association,1908-05-07,0,regular,O'Brien,
JZCPDZW,1908,Southern Association,1908-05-07,0,regular,Carpenter,
WVNFMRQ,1908,Southern Association,1908-05-07,0,regular,Brown,
ZPJZYPZ,1908,Southern Association,1908-05-07,0,regular,Pfenninger,
PXVSKZJ,1908,Southern Association,1908-05-08,0,regular,Carpenter,
RYFQSZD,1908,Southern Association,1908-05-08,0,regular,Brown,
RXNCCGJ,1908,Southern Association,1908-05-08,0,regular,Pfenninger,
NBXCRGD,1908,Southern Association,1908-05-09,0,regular,Carpenter,
YSLCQKR,1908,Southern Association,1908-05-09,0,regular,Pfenninger,
VXFRJRG,1908,Southern Association,1908-05-09,0,regular,Brown,
ZYWCGPV,1908,Southern Association,1908-05-09,0,regular,Fitzsimmons,
ZYWCGPV,1908,Southern Association,1908-05-09,0,regular,O'Brien,
NJLWPTS,1908,Southern Association,1908-05-10,0,regular,Carpenter,
FVBLCHD,1908,Southern Association,1908-05-10,0,regular,Fitzsimmons,
FVBLCHD,1908,Southern Association,1908-05-10,0,regular,O'Brien,
RYYWSKJ,1908,Southern Association,1908-05-11,0,regular,Pfenninger,
CQDHDNL,1908,Southern Association,1908-05-11,0,regular,Brown,
LNKVKZY,1908,Southern Association,1908-05-11,0,regular,Fitzsimmons,
LNKVKZY,1908,Southern Association,1908-05-11,0,regular,O'Brien,
YKGYPBP,1908,Southern Association,1908-05-12,0,regular,Carpenter,
LQFLCMH,1908,Southern Association,1908-05-12,0,regular,Pfenninger,
RPQWVJR,1908,Southern Association,1908-05-12,0,regular,Fitzsimmons,
RPQWVJR,1908,Southern Association,1908-05-12,0,regular,O'Brien,
HNYGFFZ,1908,Southern Association,1908-05-12,0,regular,Brown,
CGMJLML,1908,Southern Association,1908-05-13,0,regular,Pfenninger,
ZQNTVLK,1908,Southern Association,1908-05-13,0,regular,Brown,
DWDHWNS,1908,Southern Association,1908-05-13,0,regular,O'Brien,
YSRJWWW,1908,Southern Association,1908-05-14,0,regular,Carpenter,
YSRJWWW,1908,Southern Association,1908-05-14,0,regular,Fitzsimmons,
MZDDXLG,1908,Southern Association,1908-05-14,0,regular,Pfenninger,
QMPHSKT,1908,Southern Association,1908-05-14,0,regular,Brown,
PLDQQWG,1908,Southern Association,1908-05-15,0,regular,Fitzsimmons,
PLDQQWG,1908,Southern Association,1908-05-15,0,regular,Carpenter,
KQCBCHL,1908,Southern Association,1908-05-15,0,regular,Pfenninger,
LHKNZSD,1908,Southern Association,1908-05-15,0,regular,O'Brien,
WBXFMSM,1908,Southern Association,1908-05-15,0,regular,Brown,
ZYRXDSV,1908,Southern Association,1908-05-16,0,regular,Carpenter,
ZYRXDSV,1908,Southern Association,1908-05-16,0,regular,Fitzsimmons,
NHMSDKS,1908,Southern Association,1908-05-16,0,regular,Pfenninger,
FKQRVHX,1908,Southern Association,1908-05-16,0,regular,Brown,
YGFMTJY,1908,Southern Association,1908-05-16,0,regular,O'Brien,
YGFMTJY,1908,Southern Association,1908-05-16,0,regular,Matthews,
YGFMTJY,1908,Southern Association,1908-05-16,0,regular,Stockpole,
HPDJYHJ,1908,Southern Association,1908-05-17,0,regular,O'Brien,
GFFQLQW,1908,Southern Association,1908-05-17,0,regular,Pfenninger,
GZGXKBK,1908,Southern Association,1908-05-18,0,regular,Brown,
QXFLFJS,1908,Southern Association,1908-05-18,0,regular,O'Brien,
QXFLFJS,1908,Southern Association,1908-05-18,0,regular,Pfenninger,
BBKBMJY,1908,Southern Association,1908-05-18,0,regular,Fitzsimmons,
KMDZPBY,1908,Southern Association,1908-05-19,0,regular,Brown,
KMDZPBY,1908,Southern Association,1908-05-19,0,regular,O'Brien,
YTYGQNL,1908,Southern Association,1908-05-19,0,regular,Carpenter,
BBYSMJZ,1908,Southern Association,1908-05-19,0,regular,Fitzsimmons,
XPHXFGK,1908,Southern Association,1908-05-19,0,regular,Pfenninger,
VSQKVDB,1908,Southern Association,1908-05-20,0,regular,O'Brien,
VSQKVDB,1908,Southern Association,1908-05-20,0,regular,Brown,
VGFVWJR,1908,Southern Association,1908-05-20,0,regular,Carpenter,
GBGRPDP,1908,Southern Association,1908-05-20,0,regular,Fitzsimmons,
MBSHLNK,1908,Southern Association,1908-05-20,0,regular,Pfenninger,
BNVFDPW,1908,Southern Association,1908-05-21,0,regular,Fitzsimmons,
BNVFDPW,1908,Southern Association,1908-05-21,0,regular,Pfenninger,
PXRWNRG,1908,Southern Association,1908-05-21,0,regular,Hickman,
PXRWNRG,1908,Southern Association,1908-05-21,0,regular,Ford,
NFSTRNH,1908,Southern Association,1908-05-21,0,regular,Carpenter,
NFSTRNH,1908,Southern Association,1908-05-21,0,regular,Brown,
HQWCWHW,1908,Southern Association,1908-05-21,0,regular,O'Brien,
LJKZTVW,1908,Southern Association,1908-05-22,0,regular,Pfenninger,
KRTZWKM,1908,Southern Association,1908-05-22,0,regular,Fitzsimmons,
LXQKLHV,1908,Southern Association,1908-05-22,0,regular,Brown,
BZSFTGK,1908,Southern Association,1908-05-22,0,regular,Carpenter,
HMHCFLX,1908,Southern Association,1908-05-23,0,regular,Pfenninger,
TPZBVKV,1908,Southern Association,1908-05-23,0,regular,Carpenter,
BSWZXKW,1908,Southern Association,1908-05-23,0,regular,Fitzsimmons,
PBYBVSS,1908,Southern Association,1908-05-24,0,regular,Pfenninger,
PBYBVSS,1908,Southern Association,1908-05-24,0,regular,Fitzsimmons,
LTMLSLM,1908,Southern Association,1908-05-24,0,regular,Carpenter,
NLTTDCX,1908,Southern Association,1908-05-24,0,regular,Brown,
RHVGMWP,1908,Southern Association,1908-05-25,0,regular,Carpenter,
HRCGQBB,1908,Southern Association,1908-05-25,0,regular,Pfenninger,
GDJTWLK,1908,Southern Association,1908-05-26,0,regular,Fitzsimmons,
PRVZFPR,1908,Southern Association,1908-05-26,0,regular,Pfenninger,
FFSNWRJ,1908,Southern Association,1908-05-26,0,regular,Brown,
WCZYYHW,1908,Southern Association,1908-05-26,0,regular,Carpenter,
RKDQCQY,1908,Southern Association,1908-05-27,0,regular,Fitzsimmons,
RHVVHJL,1908,Southern Association,1908-05-27,0,regular,Brown,
MCZTNNB,1908,Southern Association,1908-05-27,0,regular,Pfenninger,
MLZLHVY,1908,Southern Association,1908-05-28,0,regular,Fitzsimmons,
VKKPLMW,1908,Southern Association,1908-05-28,0,regular,Brown,
BSWNFQX,1908,Southern Association,1908-05-29,0,regular,Fitzsimmons,
WHYSXTC,1908,Southern Association,1908-05-29,0,regular,Pfenninger,
PNVWKZQ,1908,Southern Association,1908-05-29,0,regular,Brown,
NYPDYMW,1908,Southern Association,1908-05-30,1,regular,Fitzsimmons,
FRPHHDP,1908,Southern Association,1908-05-30,2,regular,Fitzsimmons,
HKXGFGL,1908,Southern Association,1908-05-30,1,regular,Carpenter,
KHHWZJY,1908,Southern Association,1908-05-30,2,regular,Carpenter,
CYLSGCR,1908,Southern Association,1908-05-30,1,regular,Pfenninger,
XCGLDVJ,1908,Southern Association,1908-05-30,2,regular,Pfenninger,
NYNSRVM,1908,Southern Association,1908-05-30,1,regular,Brown,
LTRZWYX,1908,Southern Association,1908-05-30,2,regular,Brown,
BPHVKQT,1908,Southern Association,1908-05-31,0,regular,Pfenninger,
YXDGCJQ,1908,Southern Association,1908-05-31,0,regular,Brown,
SHSYHRG,1908,Southern Association,1908-06-01,0,regular,Fitzsimmons,
BRYHGWW,1908,Southern Association,1908-06-01,0,regular,Brown,
BWCMFCW,1908,Southern Association,1908-06-01,0,regular,O'Brien,
XRTRHWG,1908,Southern Association,1908-06-01,0,regular,Carpenter,
JTMRYJL,1908,Southern Association,1908-06-02,0,regular,Pfenninger,
LKCCXPF,1908,Southern Association,1908-06-02,0,regular,Carpenter,
VNLWTLG,1908,Southern Association,1908-06-02,0,regular,O'Brien,
VNLWTLG,1908,Southern Association,1908-06-02,0,regular,Brown,
PDGNRSN,1908,Southern Association,1908-06-02,0,regular,Brown,
MBJVGVF,1908,Southern Association,1908-06-03,0,regular,Pfenninger,
PPSVQQH,1908,Southern Association,1908-06-03,0,regular,Brown,
PPSVQQH,1908,Southern Association,1908-06-03,0,regular,O'Brien,
XBPKYNR,1908,Southern Association,1908-06-03,0,regular,Fitzsimmons,
FMRWQKF,1908,Southern Association,1908-06-04,0,regular,Carpenter,
PBMNZGW,1908,Southern Association,1908-06-04,0,regular,Fitzsimmons,
SFDTJWS,1908,Southern Association,1908-06-04,0,regular,O'Brien,
SFDTJWS,1908,Southern Association,1908-06-04,0,regular,Brown,
TVSMCCC,1908,Southern Association,1908-06-05,0,regular,Pfenninger,
MVLPXXB,1908,Southern Association,1908-06-05,0,regular,Carpenter,
XCBCXTT,1908,Southern Association,1908-06-05,0,regular,Fitzsimmons,
TPDBYVD,1908,Southern Association,1908-06-05,0,regular,Brown,
TPDBYVD,1908,Southern Association,1908-06-05,0,regular,O'Brien,
MQCXPVL,1908,Southern Association,1908-06-06,0,regular,O'Brien,
MQCXPVL,1908,Southern Association,1908-06-06,0,regular,Brown,
YQWJKGL,1908,Southern Association,1908-06-06,0,regular,Carpenter,
VXFBMBB,1908,Southern Association,1908-06-06,0,regular,Fitzsimmons,
WLQKRLP,1908,Southern Association,1908-06-06,0,regular,Pfenninger,
YGCMLMV,1908,Southern Association,1908-06-07,0,regular,Collins,
YGCMLMV,1908,Southern Association,1908-06-07,0,regular,Garvin,
GSHMCXS,1908,Southern Association,1908-06-07,0,regular,Brown,
GSHMCXS,1908,Southern Association,1908-06-07,0,regular,Carpenter,
LKNWPWF,1908,Southern Association,1908-06-08,0,regular,Brown,
LKNWPWF,1908,Southern Association,1908-06-08,0,regular,O'Brien,
KFCVCGW,1908,Southern Association,1908-06-08,0,regular,Pfenninger,
YVJHXPZ,1908,Southern Association,1908-06-08,0,regular,Carpenter,
VHCTZXD,1908,Southern Association,1908-06-08,0,regular,Fitzsimmons,
WBXSRPX,1908,Southern Association,1908-06-09,0,regular,Brown,
RCSDLFN,1908,Southern Association,1908-06-09,0,regular,Fitzsimmons,
YSRNRPL,1908,Southern Association,1908-06-09,0,regular,Pfenninger,
MLQFHJB,1908,Southern Association,1908-06-09,0,regular,O'Brien,
LKVGYXS,1908,Southern Association,1908-06-10,0,regular,Brown,
PRWPYKS,1908,Southern Association,1908-06-10,0,regular,Fitzsimmons,
KVTBNRQ,1908,Southern Association,1908-06-10,0,regular,O'Brien,
DMMXWSW,1908,Southern Association,1908-06-10,0,regular,Pfenninger,
SVGLFYL,1908,Southern Association,1908-06-11,0,regular,Carpenter,
SVGLFYL,1908,Southern Association,1908-06-11,0,regular,Fitzsimmons,
TKNYJYK,1908,Southern Association,1908-06-11,0,regular,Brown,
RMHSWQY,1908,Southern Association,1908-06-11,0,regular,Beeker,
RMHSWQY,1908,Southern Association,1908-06-11,0,regular,Hart,
QJRQMCX,1908,Southern Association,1908-06-11,0,regular,O'Brien,
VNWGMKV,1908,Southern Association,1908-06-12,0,regular,Carpenter,
VNWGMKV,1908,Southern Association,1908-06-12,0,regular,Fitzsimmons,
NJCHTZV,1908,Southern Association,1908-06-12,0,regular,Pfenninger,
QPRTCQC,1908,Southern Association,1908-06-12,0,regular,Brown,
VMSGZQZ,1908,Southern Association,1908-06-12,0,regular,O'Brien,
XYVMVDL,1908,Southern Association,1908-06-13,0,regular,Fitzsimmons,
XYVMVDL,1908,Southern Association,1908-06-13,0,regular,Carpenter,
DGCJWXF,1908,Southern Association,1908-06-13,0,regular,O'Brien,
XWBHJMT,1908,Southern Association,1908-06-13,0,regular,Brown,
CRCPVWQ,1908,Southern Association,1908-06-13,0,regular,Pfenninger,
JZZBDML,1908,Southern Association,1908-06-14,0,regular,Brown,
MSTPTTV,1908,Southern Association,1908-06-14,0,regular,Pfenninger,
JMHSNBB,1908,Southern Association,1908-06-15,0,regular,Brown,
RVFRJJT,1908,Southern Association,1908-06-15,0,regular,Pfenninger,
MKWSGRK,1908,Southern Association,1908-06-15,0,regular,Carpenter,
SQZRKCB,1908,Southern Association,1908-06-15,0,regular,Fitzsimmons,
SQZRKCB,1908,Southern Association,1908-06-15,0,regular,O'Brien,
DYMLNSM,1908,Southern Association,1908-06-16,0,regular,Brown,
CDGPCXS,1908,Southern Association,1908-06-16,0,regular,O'Brien,
CDGPCXS,1908,Southern Association,1908-06-16,0,regular,Fitzsimmons,
WSCBLHX,1908,Southern Association,1908-06-16,0,regular,Pfenninger,
DBWVNGG,1908,Southern Association,1908-06-16,0,regular,Carpenter,
BRLMSCV,1908,Southern Association,1908-06-17,0,regular,Brown,
RXLMBPC,1908,Southern Association,1908-06-17,0,regular,Carpenter,
WDBQZMB,1908,Southern Association,1908-06-17,0,regular,Pfenninger,
VSLLXZC,1908,Southern Association,1908-06-17,0,regular,Fitzsimmons,
CTQVTYW,1908,Southern Association,1908-06-18,0,regular,Pfenninger,
PCYYLJM,1908,Southern Association,1908-06-18,0,regular,O'Brien,
PCYYLJM,1908,Southern Association,1908-06-18,0,regular,Fitzsimmons,
BVPWJWK,1908,Southern Association,1908-06-18,0,regular,Carpenter,
PMFHXFW,1908,Southern Association,1908-06-18,0,regular,Brown,
LXHNDPQ,1908,Southern Association,1908-06-19,0,regular,Pfenninger,
MJGNXQJ,1908,Southern Association,1908-06-19,0,regular,Brown,
KHHRJBH,1908,Southern Association,1908-06-19,0,regular,Carpenter,
WNPMWCX,1908,Southern Association,1908-06-19,0,regular,O'Brien,
WNPMWCX,1908,Southern Association,1908-06-19,0,regular,Fitzsimmons,
KBFXPFG,1908,Southern Association,1908-06-20,0,regular,Pfenninger,
ZVFKFNT,1908,Southern Association,1908-06-20,0,regular,O'Brien,
ZVFKFNT,1908,Southern Association,1908-06-20,0,regular,Fitzsimmons,
HQZGCZZ,1908,Southern Association,1908-06-20,0,regular,Brown,
CLVHMCM,1908,Southern Association,1908-06-20,0,regular,Carpenter,
QKXNLNB,1908,Southern Association,1908-06-21,0,regular,Brown,
QKXNLNB,1908,Southern Association,1908-06-21,0,regular,Pfenninger,
YWNHCTY,1908,Southern Association,1908-06-22,0,regular,Brown,
QJNTBCQ,1908,Southern Association,1908-06-22,0,regular,Fitzsimmons,
YRSCHFD,1908,Southern Association,1908-06-22,0,regular,Carpenter,
YRSCHFD,1908,Southern Association,1908-06-22,0,regular,O'Brien,
PMTSXMZ,1908,Southern Association,1908-06-22,0,regular,Garvin,
PMTSXMZ,1908,Southern Association,1908-06-22,0,regular,East,
DPBGMFL,1908,Southern Association,1908-06-23,0,regular,Brown,
DVHPVVR,1908,Southern Association,1908-06-23,0,regular,Pfenninger,
TRVPLHD,1908,Southern Association,1908-06-23,0,regular,Fitzsimmons,
MQQMGMY,1908,Southern Association,1908-06-23,1,regular,O'Brien,
MQQMGMY,1908,Southern Association,1908-06-23,1,regular,Carpenter,
YNQZVLG,1908,Southern Association,1908-06-23,2,regular,Carpenter,
YNQZVLG,1908,Southern Association,1908-06-23,2,regular,O'Brien,
GLMXZGL,1908,Southern Association,1908-06-24,0,regular,Pfenninger,
PWDKNRL,1908,Southern Association,1908-06-24,0,regular,Fitzsimmons,
PWDKNRL,1908,Southern Association,1908-06-24,0,regular,O'Brien,
RTCYQQD,1908,Southern Association,1908-06-24,0,regular,Carpenter,
YSHNHXJ,1908,Southern Association,1908-06-25,0,regular,Carpenter,
YSHNHXJ,1908,Southern Association,1908-06-25,0,regular,O'Brien,
SQCPNYY,1908,Southern Association,1908-06-25,0,regular,Fitzsimmons,
YQXCFYV,1908,Southern Association,1908-06-26,0,regular,Massing,
YQXCFYV,1908,Southern Association,1908-06-26,0,regular,O'Leary,
ZZKPTKT,1908,Southern Association,1908-06-26,0,regular,Pfenninger,
QVHSMHN,1908,Southern Association,1908-06-26,0,regular,O'Brien,
QVHSMHN,1908,Southern Association,1908-06-26,0,regular,Carpenter,
STQKTVX,1908,Southern Association,1908-06-26,0,regular,Fitzsimmons,
HYXJCJY,1908,Southern Association,1908-06-27,0,regular,Brown,
JNXJGPQ,1908,Southern Association,1908-06-27,0,regular,Fitzsimmons,
BRXVTTK,1908,Southern Association,1908-06-27,0,regular,O'Brien,
BRXVTTK,1908,Southern Association,1908-06-27,0,regular,Carpenter,
XJBMKWJ,1908,Southern Association,1908-06-27,0,regular,Pfenninger,
QXBDWZS,1908,Southern Association,1908-06-28,0,regular,Pfenninger,
JJMFYLN,1908,Southern Association,1908-06-28,0,regular,Brown,
QMJVHBC,1908,Southern Association,1908-06-29,0,regular,Brown,
KQFBKDP,1908,Southern Association,1908-06-29,0,regular,Pfenninger,
MTFXGKC,1908,Southern Association,1908-06-29,0,regular,Fitzsimmons,
MTFXGKC,1908,Southern Association,1908-06-29,0,regular,Carpenter,
JBJBLRT,1908,Southern Association,1908-06-30,0,regular,O'Brien,
LXCKKND,1908,Southern Association,1908-06-30,0,regular,Carpenter,
LXCKKND,1908,Southern Association,1908-06-30,0,regular,Fitzsimmons,
BNSMLPG,1908,Southern Association,1908-06-30,0,regular,Pfenninger,
HTJRBLY,1908,Southern Association,1908-07-01,0,regular,Brown,
XNMYMMS,1908,Southern Association,1908-07-01,0,regular,Pfenninger,
VXYNDHZ,1908,Southern Association,1908-07-01,0,regular,Fitzsimmons,
JJYBCSX,1908,Southern Association,1908-07-01,0,regular,O'Brien,
HVHYFFB,1908,Southern Association,1908-07-03,0,regular,Fitzsimmons,
HVHYFFB,1908,Southern Association,1908-07-03,0,regular,Brown,
YQBNJSL,1908,Southern Association,1908-07-03,0,regular,Carpenter,
BDZSSCB,1908,Southern Association,1908-07-03,0,regular,O'Brien,
CVGWLKW,1908,Southern Association,1908-07-03,0,regular,Pfenninger,
LZCBXDR,1908,Southern Association,1908-07-04,1,regular,Brown,
LZCBXDR,1908,Southern Association,1908-07-04,1,regular,Fitzsimmons,
VRSSFCG,1908,Southern Association,1908-07-04,2,regular,Fitzsimmons,
VRSSFCG,1908,Southern Association,1908-07-04,2,regular,Brown,
KWJVHVS,1908,Southern Association,1908-07-04,1,regular,Carpenter,
RMMYSYP,1908,Southern Association,1908-07-04,2,regular,Carpenter,
MCMSHNP,1908,Southern Association,1908-07-04,2,regular,Pfenninger,
ZMVRMHK,1908,Southern Association,1908-07-04,1,regular,O'Brien,
GBMFXXR,1908,Southern Association,1908-07-05,0,regular,Brown,
GBMFXXR,1908,Southern Association,1908-07-05,0,regular,Pfenninger,
MSPXHLF,1908,Southern Association,1908-07-05,0,regular,Castro,
MSPXHLF,1908,Southern Association,1908-07-05,0,regular,Garvin,
RDBKBZW,1908,Southern Association,1908-07-05,0,regular,O'Brien,
LQXBDNS,1908,Southern Association,1908-07-06,0,regular,Pfenninger,
LQXBDNS,1908,Southern Association,1908-07-06,0,regular,Brown,
WVZTZCH,1908,Southern Association,1908-07-06,0,regular,Fitzsimmons,
WHPJFYV,1908,Southern Association,1908-07-06,0,regular,O'Brien,
BBYXDKH,1908,Southern Association,1908-07-06,0,regular,Carpenter,
ZXVHFPX,1908,Southern Association,1908-07-07,0,regular,Brown,
ZXVHFPX,1908,Southern Association,1908-07-07,0,regular,Pfenninger,
HYHFXYZ,1908,Southern Association,1908-07-07,0,regular,O'Brien,
NZBFRJY,1908,Southern Association,1908-07-07,0,regular,Carpenter,
FYLFXCV,1908,Southern Association,1908-07-07,0,regular,Fitzsimmons,
MQGTMVH,1908,Southern Association,1908-07-08,0,regular,Pfenninger,
MQGTMVH,1908,Southern Association,1908-07-08,0,regular,Brown,
PPXTXSK,1908,Southern Association,1908-07-08,1,regular,Fitzsimmons,
VRGNJCX,1908,Southern Association,1908-07-08,2,regular,Fitzsimmons,
CKLPGBV,1908,Southern Association,1908-07-09,0,regular,Brown,
CKLPGBV,1908,Southern Association,1908-07-09,0,regular,Pfenninger,
TRHRFSP,1908,Southern Association,1908-07-09,0,regular,O'Brien,
FGTQLLC,1908,Southern Association,1908-07-09,0,regular,Carpenter,
KMRJLYS,1908,Southern Association,1908-07-09,0,regular,Fitzsimmons,
KRVWZCJ,1908,Southern Association,1908-07-10,0,regular,Pfenninger,
KRVWZCJ,1908,Southern Association,1908-07-10,0,regular,Brown,
VFCTSGX,1908,Southern Association,1908-07-10,0,regular,Carpenter,
KKJZGNK,1908,Southern Association,1908-07-10,0,regular,Fritz,
KKJZGNK,1908,Southern Association,1908-07-10,0,regular,Wilkes,
QSYSQZL,1908,Southern Association,1908-07-10,0,regular,Fitzsimmons,
BXQNXJM,1908,Southern Association,1908-07-11,0,regular,Pfenninger,
NTNXSZF,1908,Southern Association,1908-07-11,0,regular,Carpenter,
CZLFSXN,1908,Southern Association,1908-07-11,1,regular,Fitzsimmons,
PWBVWRZ,1908,Southern Association,1908-07-11,2,regular,Fitzsimmons,
CMQCWNZ,1908,Southern Association,1908-07-12,0,regular,Pfenninger,
YTCBXQS,1908,Southern Association,1908-07-12,0,regular,Carpenter,
JMBYCVZ,1908,Southern Association,1908-07-12,0,regular,Brown,
VQPBZTL,1908,Southern Association,1908-07-13,0,regular,Carpenter,
QJDJSRZ,1908,Southern Association,1908-07-13,0,regular,Wood,
QJDJSRZ,1908,Southern Association,1908-07-13,0,regular,Hardy,
NLWBBHS,1908,Southern Association,1908-07-13,0,regular,Brown,
NLWBBHS,1908,Southern Association,1908-07-13,0,regular,Pfenninger,
HWXLJXK,1908,Southern Association,1908-07-13,0,regular,Fitzsimmons,
NTNDRZW,1908,Southern Association,1908-07-14,0,regular,Carpenter,
FMGNGJG,1908,Southern Association,1908-07-14,0,regular,Pfenninger,
FMGNGJG,1908,Southern Association,1908-07-14,0,regular,Brown,
DDTPTMW,1908,Southern Association,1908-07-14,0,regular,Hale,
PRDWMFQ,1908,Southern Association,1908-07-14,0,regular,Fitzsimmons,
WVZNJRS,1908,Southern Association,1908-07-15,1,regular,Carpenter,
BXVGSJL,1908,Southern Association,1908-07-15,2,regular,Carpenter,
KKGJRBV,1908,Southern Association,1908-07-15,0,regular,Brown,
KKGJRBV,1908,Southern Association,1908-07-15,0,regular,Pfenninger,
FDCLGFW,1908,Southern Association,1908-07-15,1,regular,Fitzsimmons,
NQCTFTF,1908,Southern Association,1908-07-15,2,regular,Fitzsimmons,
MDHSXTZ,1908,Southern Association,1908-07-15,1,regular,Moran,
MDHSXTZ,1908,Southern Association,1908-07-15,1,regular,Hale,
RJHFCXS,1908,Southern Association,1908-07-15,2,regular,Moran,
RJHFCXS,1908,Southern Association,1908-07-15,2,regular,Hale,
RLRMFXB,1908,Southern Association,1908-07-16,0,regular,Carpenter,
RLRMFXB,1908,Southern Association,1908-07-16,0,regular,Wheeler,
TTQXDVN,1908,Southern Association,1908-07-16,0,regular,Pfenninger,
TTQXDVN,1908,Southern Association,1908-07-16,0,regular,Brown,
KSLTSWN,1908,Southern Association,1908-07-17,0,regular,Moran,
XJJDNGX,1908,Southern Association,1908-07-17,0,regular,Fitzsimmons,
JCXMDMY,1908,Southern Association,1908-07-17,0,regular,Carpenter,
JCXMDMY,1908,Southern Association,1908-07-17,0,regular,Wheeler,
HYDMFWN,1908,Southern Association,1908-07-18,0,regular,Moran,
KSLHCQL,1908,Southern Association,1908-07-18,0,regular,Brown,
KSLHCQL,1908,Southern Association,1908-07-18,0,regular,Pfenninger,
GWKXXXN,1908,Southern Association,1908-07-18,0,regular,Fitzsimmons,
KTNFGWK,1908,Southern Association,1908-07-18,0,regular,Carpenter,
KTNFGWK,1908,Southern Association,1908-07-18,0,regular,Wheeler,
FSSGZNR,1908,Southern Association,1908-07-19,0,regular,Moran,
GHCMVRT,1908,Southern Association,1908-07-19,1,regular,Brown,
GHCMVRT,1908,Southern Association,1908-07-19,1,regular,Pfenninger,
SLDGKBK,1908,Southern Association,1908-07-19,0,regular,Fitzsimmons,
CDQKXGQ,1908,Southern Association,1908-07-20,1,regular,Moran,
CDQKXGQ,1908,Southern Association,1908-07-20,1,regular,Wheeler,
TTTTGPY,1908,Southern Association,1908-07-20,2,regular,Moran,
TTTTGPY,1908,Southern Association,1908-07-20,2,regular,Wheeler,
ZZMCRRJ,1908,Southern Association,1908-07-20,0,regular,Carpenter,
HXQXYBJ,1908,Southern Association,1908-07-21,0,regular,Moran,
HXQXYBJ,1908,Southern Association,1908-07-21,0,regular,Wheeler,
CKMRQDN,1908,Southern Association,1908-07-21,0,regular,Brown,
CKMRQDN,1908,Southern Association,1908-07-21,0,regular,Pfenninger,
CQFSYMM,1908,Southern Association,1908-07-21,0,regular,Fitzsimmons,
NCLQZSJ,1908,Southern Association,1908-07-21,0,regular,Carpenter,
NJNMQSB,1908,Southern Association,1908-07-22,0,regular,Wheeler,
NJNMQSB,1908,Southern Association,1908-07-22,0,regular,Moran,
GNHMYFR,1908,Southern Association,1908-07-22,0,regular,Carpenter,
XBFKGLG,1908,Southern Association,1908-07-22,1,regular,Brown,
XBFKGLG,1908,Southern Association,1908-07-22,1,regular,Pfenninger,
LGCQWXQ,1908,Southern Association,1908-07-22,2,regular,Pfenninger,
LGCQWXQ,1908,Southern Association,1908-07-22,2,regular,Brown,
NGWDVRM,1908,Southern Association,1908-07-22,0,regular,Fitzsimmons,
RZKBCYK,1908,Southern Association,1908-07-23,0,regular,Fitzsimmons,
CDCTCLM,1908,Southern Association,1908-07-23,0,regular,Carpenter,
GBDXKFQ,1908,Southern Association,1908-07-23,0,regular,Wheeler,
GBDXKFQ,1908,Southern Association,1908-07-23,0,regular,Moran,
BTFJLQB,1908,Southern Association,1908-07-23,0,regular,Pfenninger,
BTFJLQB,1908,Southern Association,1908-07-23,0,regular,Brown,
DSJXXSZ,1908,Southern Association,1908-07-24,0,regular,Brown,
DSJXXSZ,1908,Southern Association,1908-07-24,0,regular,Pfenninger,
TGPYBQT,1908,Southern Association,1908-07-24,0,regular,Wheeler,
TGPYBQT,1908,Southern Association,1908-07-24,0,regular,Moran,
VRBCTRF,1908,Southern Association,1908-07-25,1,regular,Fitzsimmons,
ZNZJCLN,1908,Southern Association,1908-07-25,2,regular,Fitzsimmons,
YMKDZTD,1908,Southern Association,1908-07-25,0,regular,Moran,
DXLWWNS,1908,Southern Association,1908-07-25,0,regular,Carpenter,
RVPYBXJ,1908,Southern Association,1908-07-26,0,regular,Brown,
PWZZSJK,1908,Southern Association,1908-07-26,0,regular,Fitzsimmons,
QXSSTTW,1908,Southern Association,1908-07-27,0,regular,Wheeler,
QXSSTTW,1908,Southern Association,1908-07-27,0,regular,Fitzsimmons,
THBFMJF,1908,Southern Association,1908-07-27,0,regular,Brown,
HNBMQTZ,1908,Southern Association,1908-07-27,0,regular,Pfenninger,
QFXMQLZ,1908,Southern Association,1908-07-27,0,regular,Moran,
BYRWHYD,1908,Southern Association,1908-07-28,0,regular,Fitzsimmons,
BYRWHYD,1908,Southern Association,1908-07-28,0,regular,Wheeler,
SZNPSFB,1908,Southern Association,1908-07-28,1,regular,Brown,
SZNPSFB,1908,Southern Association,1908-07-28,1,regular,Carpenter,
BJMCRJF,1908,Southern Association,1908-07-28,2,regular,Brown,
BJMCRJF,1908,Southern Association,1908-07-28,2,regular,Carpenter,
ZKLTLJX,1908,Southern Association,1908-07-28,0,regular,Moran,
VJVKBKM,1908,Southern Association,1908-07-28,0,regular,Pfenninger,
VDGNLGM,1908,Southern Association,1908-07-29,1,regular,Fitzsimmons,
XLJSYYR,1908,Southern Association,1908-07-29,0,regular,Carpenter,
XLJSYYR,1908,Southern Association,1908-07-29,0,regular,Brown,
PBBHTMZ,1908,Southern Association,1908-07-29,0,regular,Pfenninger,
SLDRYRY,1908,Southern Association,1908-07-29,0,regular,Moran,
HCWDMYD,1908,Southern Association,1908-07-30,0,regular,Pfenninger,
YPWGWCS,1908,Southern Association,1908-07-30,0,regular,Brown,
YPWGWCS,1908,Southern Association,1908-07-30,0,regular,Carpenter,
TLWQGCX,1908,Southern Association,1908-07-30,0,regular,Wheeler,
TLWQGCX,1908,Southern Association,1908-07-30,0,regular,Fitzsimmons,
FDJLMNT,1908,Southern Association,1908-07-30,0,regular,Moran,
SFVPLCW,1908,Southern Association,1908-07-31,0,regular,Pfenninger,
RQZHJJF,1908,Southern Association,1908-07-31,0,regular,Carpenter,
RQZHJJF,1908,Southern Association,1908-07-31,0,regular,Brown,
FTQMSKQ,1908,Southern Association,1908-07-31,0,regular,Moran,
HPRYRYY,1908,Southern Association,1908-07-31,0,regular,Wheeler,
HPRYRYY,1908,Southern Association,1908-07-31,0,regular,Fitzsimmons,
DHQWMZN,1908,Southern Association,1908-08-01,0,regular,Fitzsimmons,
CFLXNFS,1908,Southern Association,1908-08-01,1,regular,Moran,
SZKNJLZ,1908,Southern Association,1908-08-01,2,regular,Moran,
YYGMNLR,1908,Southern Association,1908-08-01,0,regular,Wheeler,
YYGMNLR,1908,Southern Association,1908-08-01,0,regular,Fitzsimmons,
YPFXJNX,1908,Southern Association,1908-08-01,0,regular,Carpenter,
YPFXJNX,1908,Southern Association,1908-08-01,0,regular,Brown,
JNCMPWY,1908,Southern Association,1908-08-02,0,regular,Moran,
JYZZMKZ,1908,Southern Association,1908-08-03,0,regular,Brown,
JYZZMKZ,1908,Southern Association,1908-08-03,0,regular,Pfenninger,
KNTVTWP,1908,Southern Association,1908-08-03,0,regular,Carpenter,
BTQQDBG,1908,Southern Association,1908-08-03,0,regular,Moran,
BTQQDBG,1908,Southern Association,1908-08-03,0,regular,Fitzsimmons,
VJWHGYM,1908,Southern Association,1908-08-04,0,regular,Wheeler,
VJWHGYM,1908,Southern Association,1908-08-04,0,regular,Fitzsimmons,
ZVLKDJR,1908,Southern Association,1908-08-04,0,regular,Carpenter,
VWMYNJP,1908,Southern Association,1908-08-05,1,regular,Moran,
MBHFZRK,1908,Southern Association,1908-08-05,2,regular,Moran,
HXBBCSP,1908,Southern Association,1908-08-05,0,regular,Pfenninger,
HXBBCSP,1908,Southern Association,1908-08-05,0,regular,Brown,
NSXBZGM,1908,Southern Association,1908-08-05,0,regular,Wheeler,
NSXBZGM,1908,Southern Association,1908-08-05,0,regular,Fitzsimmons,
LGKGBYV,1908,Southern Association,1908-08-05,1,regular,Carpenter,
TNVPFGV,1908,Southern Association,1908-08-05,2,regular,Carpenter,
PXHZMWQ,1908,Southern Association,1908-08-06,0,regular,Carpenter,
BWPLQXL,1908,Southern Association,1908-08-06,0,regular,Brown,
BWPLQXL,1908,Southern Association,1908-08-06,0,regular,Pfenninger,
XTLMBLH,1908,Southern Association,1908-08-06,0,regular,Moran,
VHLMLVM,1908,Southern Association,1908-08-07,0,regular,Brown,
VHLMLVM,1908,Southern Association,1908-08-07,0,regular,Pfenninger,
FNDXZPK,1908,Southern Association,1908-08-07,0,regular,Carpenter,
CYFZGQS,1908,Southern Association,1908-08-07,0,regular,Moran,
DRFKLYV,1908,Southern Association,1908-08-08,0,regular,Fitzsimmons,
DRFKLYV,1908,Southern Association,1908-08-08,0,regular,Wheeler,
SPDGHZJ,1908,Southern Association,1908-08-08,0,regular,Moran,
ZYDQLCS,1908,Southern Association,1908-08-08,0,regular,Brown,
ZYDQLCS,1908,Southern Association,1908-08-08,0,regular,Pfenninger,
WCWFLWJ,1908,Southern Association,1908-08-09,0,regular,Fitzsimmons,
XWZRGCT,1908,Southern Association,1908-08-09,0,regular,Moran,
XWZRGCT,1908,Southern Association,1908-08-09,0,regular,Wheeler,
DBFLJNV,1908,Southern Association,1908-08-10,0,regular,Fitzsimmons,
JSKDZHG,1908,Southern Association,1908-08-10,0,regular,Carpenter,
PJTTMWY,1908,Southern Association,1908-08-10,0,regular,Wheeler,
PJTTMWY,1908,Southern Association,1908-08-10,0,regular,Moran,
RBLZQYC,1908,Southern Association,1908-08-10,0,regular,Brown,
RBLZQYC,1908,Southern Association,1908-08-10,0,regular,Pfenninger,
TTXQPQM,1908,Southern Association,1908-08-11,0,regular,Fitzsimmons,
TSVMGMT,1908,Southern Association,1908-08-11,0,regular,Carpenter,
ZHKVJJJ,1908,Southern Association,1908-08-11,0,regular,Pfenninger,
CKDXLWG,1908,Southern Association,1908-08-11,0,regular,Moran,
CKDXLWG,1908,Southern Association,1908-08-11,0,regular,Wheeler,
JXBYCPL,1908,Southern Association,1908-08-12,0,regular,Wheeler,
JXBYCPL,1908,Southern Association,1908-08-12,0,regular,Moran,
RQXGPJF,1908,Southern Association,1908-08-12,0,regular,Pfenninger,
RQXGPJF,1908,Southern Association,1908-08-12,0,regular,Brown,
XCYTZSV,1908,Southern Association,1908-08-12,0,regular,Carpenter,
MFJTLNZ,1908,Southern Association,1908-08-13,0,regular,Moran,
MFJTLNZ,1908,Southern Association,1908-08-13,0,regular,Wheeler,
JLNDXRJ,1908,Southern Association,1908-08-13,0,regular,Fitzsimmons,
MBKTWCT,1908,Southern Association,1908-08-13,1,regular,Carpenter,
BGXMPDQ,1908,Southern Association,1908-08-13,2,regular,Carpenter,
XZWMRHJ,1908,Southern Association,1908-08-13,0,regular,Brown,
XZWMRHJ,1908,Southern Association,1908-08-13,0,regular,Pfenninger,
BQNHLGL,1908,Southern Association,1908-08-14,0,regular,Wheeler,
BQNHLGL,1908,Southern Association,1908-08-14,0,regular,Moran,
CJKGVGX,1908,Southern Association,1908-08-14,0,regular,Carpenter,
PVKDTXK,1908,Southern Association,1908-08-14,0,regular,Fitzsimmons,
XLLNHNW,1908,Southern Association,1908-08-14,1,regular,Pfenninger,
XLLNHNW,1908,Southern Association,1908-08-14,1,regular,Brown,
FMXNQHP,1908,Southern Association,1908-08-14,2,regular,Brown,
FMXNQHP,1908,Southern Association,1908-08-14,2,regular,Pfenninger,
QRBHZJR,1908,Southern Association,1908-08-15,0,regular,Moran,
QRBHZJR,1908,Southern Association,1908-08-15,0,regular,Wheeler,
GBGMJLC,1908,Southern Association,1908-08-15,0,regular,Fitzsimmons,
DFRTTCJ,1908,Southern Association,1908-08-15,0,regular,Carpenter,
QYYYGRS,1908,Southern Association,1908-08-15,0,regular,Pfenninger,
QYYYGRS,1908,Southern Association,1908-08-15,0,regular,Brown,
GNSGDKY,1908,Southern Association,1908-08-16,0,regular,Moran,
RRGHKDQ,1908,Southern Association,1908-08-16,0,regular,Wheeler,
RRGHKDQ,1908,Southern Association,1908-08-16,0,regular,Fitzsimmons,
PJGCZKP,1908,Southern Association,1908-08-17,0,regular,Moran,
KQYNPMH,1908,Southern Association,1908-08-17,0,regular,Carpenter,
KQYNPMH,1908,Southern Association,1908-08-17,0,regular,Brown,
ZLNJVRQ,1908,Southern Association,1908-08-17,0,regular,Fitzsimmons,
ZLNJVRQ,1908,Southern Association,1908-08-17,0,regular,Wheeler,
TYYMJNS,1908,Southern Association,1908-08-17,1,regular,Pfenninger,
MQFFBQW,1908,Southern Association,1908-08-17,2,regular,Pfenninger,
QKRCFBH,1908,Southern Association,1908-08-18,0,regular,Brown,
QKRCFBH,1908,Southern Association,1908-08-18,0,regular,Carpentr,
GPHNCZX,1908,Southern Association,1908-08-18,0,regular,Pfenninger,
VPTDDNJ,1908,Southern Association,1908-08-19,0,regular,Brown,
VPTDDNJ,1908,Southern Association,1908-08-19,0,regular,Carpenter,
YFWVTHK,1908,Southern Association,1908-08-19,1,regular,Pfenninger,
FVTBHVB,1908,Southern Association,1908-08-19,2,regular,Pfenninger,
KCLYNLG,1908,Southern Association,1908-08-20,0,regular,Moran,
KCLYNLG,1908,Southern Association,1908-08-20,0,regular,Wheeler,
LKZXCFD,1908,Southern Association,1908-08-20,0,regular,Brown,
LKZXCFD,1908,Southern Association,1908-08-20,0,regular,Carpenter,
WHPHNQT,1908,Southern Association,1908-08-20,0,regular,Fitzsimmons,
VRPWNBD,1908,Southern Association,1908-08-20,0,regular,Pfenninger,
PWSMKLW,1908,Southern Association,1908-08-21,1,regular,Pfenninger,
CZYQLRS,1908,Southern Association,1908-08-21,2,regular,Pfenninger,
VJFJDZW,1908,Southern Association,1908-08-21,0,regular,Fitzsimmons,
VXYPMRQ,1908,Southern Association,1908-08-21,1,regular,Brown,
VXYPMRQ,1908,Southern Association,1908-08-21,1,regular,Carpenter,
PVTCCMY,1908,Southern Association,1908-08-21,2,regular,Brown,
PVTCCMY,1908,Southern Association,1908-08-21,2,regular,Carpenter,
RDDBLDF,1908,Southern Association,1908-08-22,1,regular,Wheeler,
RDDBLDF,1908,Southern Association,1908-08-22,1,regular,Moran,
BRNPNWW,1908,Southern Association,1908-08-22,2,regular,Wheeler,
BRNPNWW,1908,Southern Association,1908-08-22,2,regular,Moran,
GHLBGVL,1908,Southern Association,1908-08-22,1,regular,Brown,
GHLBGVL,1908,Southern Association,1908-08-22,1,regular,Carpenter,
DJNBBVD,1908,Southern Association,1908-08-22,2,regular,Brown,
DJNBBVD,1908,Southern Association,1908-08-22,2,regular,Carpenter,
JYNFBXP,1908,Southern Association,1908-08-22,1,regular,Pfenninger,
TJVQNRF,1908,Southern Association,1908-08-22,0,regular,Pfenninger,
FGXWNKS,1908,Southern Association,1908-08-23,0,regular,Brown,
FGXWNKS,1908,Southern Association,1908-08-23,0,regular,Fitzsimmons,
WYGRGJH,1908,Southern Association,1908-08-23,0,regular,Wheeler,
WYGRGJH,1908,Southern Association,1908-08-23,0,regular,Moran,
XPFHLBG,1908,Southern Association,1908-08-23,0,regular,Carpenter,
TQRNTMR,1908,Southern Association,1908-08-24,0,regular,Fitzsimmons,
TQRNTMR,1908,Southern Association,1908-08-24,0,regular,Brown,
RPZMRZW,1908,Southern Association,1908-08-24,0,regular,Moran,
RPZMRZW,1908,Southern Association,1908-08-24,0,regular,Wheeler,
RBJDXBP,1908,Southern Association,1908-08-24,0,regular,Pfenninger,
FFDQQPH,1908,Southern Association,1908-08-25,0,regular,Brown,
FFDQQPH,1908,Southern Association,1908-08-25,0,regular,Fitzsimmons,
WSLGMPM,1908,Southern Association,1908-08-25,0,regular,Pfenninger,
LMQPCPT,1908,Southern Association,1908-08-25,0,regular,Wheeler,
LMQPCPT,1908,Southern Association,1908-08-25,0,regular,Moran,
PVNYDGD,1908,Southern Association,1908-08-25,1,regular,Carpenter,
PXCSNCS,1908,Southern Association,1908-08-25,2,regular,Carpenter,
KWDVMPQ,1908,Southern Association,1908-08-26,0,regular,Fitzsimmons,
KWDVMPQ,1908,Southern Association,1908-08-26,0,regular,Brown,
WHNKPVL,1908,Southern Association,1908-08-26,1,regular,Pfenninger,
XMQKFDG,1908,Southern Association,1908-08-26,2,regular,Pfenninger,
ZRCCGGV,1908,Southern Association,1908-08-26,1,regular,Carpenter,
NGSPGJW,1908,Southern Association,1908-08-26,2,regular,Carpenter,
FFXMKZM,1908,Southern Association,1908-08-26,0,regular,Moran,
FFXMKZM,1908,Southern Association,1908-08-26,0,regular,Wheeler,
VPSYKNL,1908,Southern Association,1908-08-27,1,regular,Carpenter,
JTWXKHM,1908,Southern Association,1908-08-27,2,regular,Carpenter,
FSRZVVF,1908,Southern Association,1908-08-27,0,regular,Pfenninger,
HZQSTCL,1908,Southern Association,1908-08-28,0,regular,Brown,
HZQSTCL,1908,Southern Association,1908-08-28,0,regular,Fitsimmons,
ZDCMPZY,1908,Southern Association,1908-08-28,0,regular,Wheeler,
ZDCMPZY,1908,Southern Association,1908-08-28,0,regular,Moran,
HVNKCDF,1908,Southern Association,1908-08-28,0,regular,Carpenter,
GJYLWDM,1908,Southern Association,1908-08-28,0,regular,Pfenninger,
BSRYZXZ,1908,Southern Association,1908-08-29,0,regular,Fitzsimmons,
BSRYZXZ,1908,Southern Association,1908-08-29,0,regular,Brown,
DTMJVZJ,1908,Southern Association,1908-08-29,0,regular,Moran,
DTMJVZJ,1908,Southern Association,1908-08-29,0,regular,Wheeler,
CVRBSKW,1908,Southern Association,1908-08-29,0,regular,Carpenter,
LWHXZSZ,1908,Southern Association,1908-08-29,0,regular,Eldridge,
RBSTTCM,1908,Southern Association,1908-08-30,0,regular,Brown,
RBSTTCM,1908,Southern Association,1908-08-30,0,regular,Fitzsimmons,
BJPDYSX,1908,Southern Association,1908-08-30,0,regular,Carpenter,
QYQKYVN,1908,Southern Association,1908-08-30,0,regular,Wheeler,
QYQKYVN,1908,Southern Association,1908-08-30,0,regular,Moran,
GVLDXSK,1908,Southern Association,1908-08-31,0,regular,Moran,
DBNSGRB,1908,Southern Association,1908-08-31,0,regular,Fitzsimmons,
DBNSGRB,1908,Southern Association,1908-08-31,0,regular,Brown,
KPHZQSS,1908,Southern Association,1908-08-31,0,regular,Eldridge,
YMMKZYJ,1908,Southern Association,1908-08-31,0,regular,Wheeler,
XKLJFYV,1908,Southern Association,1908-09-01,0,regular,Moran,
BJBPTBG,1908,Southern Association,1908-09-01,0,regular,Brown,
BJBPTBG,1908,Southern Association,1908-09-01,0,regular,Fitzsimmons,
CDGHYST,1908,Southern Association,1908-09-01,0,regular,Wheeler,
LNBCRGD,1908,Southern Association,1908-09-01,0,regular,Helm,
GQMVNPF,1908,Southern Association,1908-09-02,0,regular,Moran,
RJRYWCM,1908,Southern Association,1908-09-02,1,regular,Fitzsimmons,
RJRYWCM,1908,Southern Association,1908-09-02,1,regular,Brown,
WFNJJPK,1908,Southern Association,1908-09-02,2,regular,Brown,
WFNJJPK,1908,Southern Association,1908-09-02,2,regular,Fitzsimmons,
FZJWTQZ,1908,Southern Association,1908-09-02,0,regular,Wheeler,
QMBCCMV,1908,Southern Association,1908-09-02,0,regular,Eldridge,
JCHMRBC,1908,Southern Association,1908-09-03,1,regular,Wheeler,
JCHMRBC,1908,Southern Association,1908-09-03,1,regular,Pfenninger,
RKYNVQX,1908,Southern Association,1908-09-03,2,regular,Pfenninger,
RKYNVQX,1908,Southern Association,1908-09-03,2,regular,Wheeler,
CBWVMYQ,1908,Southern Association,1908-09-03,0,regular,Eldridge,
TKNHJCZ,1908,Southern Association,1908-09-04,0,regular,Moran,
DQHCFJB,1908,Southern Association,1908-09-04,0,regular,Fitzsimmons,
DQHCFJB,1908,Southern Association,1908-09-04,0,regular,Brown,
XCHRJHX,1908,Southern Association,1908-09-04,0,regular,Hale,
HCNHPYB,1908,Southern Association,1908-09-05,0,regular,Moran,
CBNFKMW,1908,Southern Association,1908-09-05,1,regular,Wheeler,
CBNFKMW,1908,Southern Association,1908-09-05,1,regular,Pfenninger,
YQFZMRL,1908,Southern Association,1908-09-05,2,regular,Wheeler,
YQFZMRL,1908,Southern Association,1908-09-05,2,regular,Pfenninger,
YJJCHNY,1908,Southern Association,1908-09-05,1,regular,Hale,
XFGHKNJ,1908,Southern Association,1908-09-05,2,regular,Hale,
YHTLZDZ,1908,Southern Association,1908-09-06,0,regular,Moran,
ZNVQVJH,1908,Southern Association,1908-09-06,1,regular,Brown,
ZNVQVJH,1908,Southern Association,1908-09-06,1,regular,Fitzsimmons,
SPVVTCM,1908,Southern Association,1908-09-07,1,regular,Moran,
SPVVTCM,1908,Southern Association,1908-09-07,1,regular,Clarke,
WRLBTCW,1908,Southern Association,1908-09-07,2,regular,Moran,
WRLBTCW,1908,Southern Association,1908-09-07,2,regular,Wheeler,
KFVKCMQ,1908,Southern Association,1908-09-07,1,regular,Fitzsimmons,
CJDSLWP,1908,Southern Association,1908-09-07,2,regular,Fitzsimmons,
ZHKGTRZ,1908,Southern Association,1908-09-07,1,regular,Pfenninger,
CVFWMQS,1908,Southern Association,1908-09-07,1,regular,Carpenter,
CVFWMQS,1908,Southern Association,1908-09-07,1,regular,Brown,
GBYQRJQ,1908,Southern Association,1908-09-08,0,regular,Moran,
GBYQRJQ,1908,Southern Association,1908-09-08,0,regular,Wheeler,
XTLTFXP,1908,Southern Association,1908-09-08,1,regular,Pfenninger,
BRXQJTR,1908,Southern Association,1908-09-08,2,regular,Pfenninger,
YFWTQHR,1908,Southern Association,1908-09-08,0,regular,Fitzsimmons,
NCVTDWC,1908,Southern Association,1908-09-08,0,regular,Brown,
NCVTDWC,1908,Southern Association,1908-09-08,0,regular,Carpenter,
SDNLBYK,1908,Southern Association,1908-09-09,0,regular,Fitzsimmons,
SXSSVQR,1908,Southern Association,1908-09-09,0,regular,Carpenter,
SXSSVQR,1908,Southern Association,1908-09-09,0,regular,Brown,
YMJJJYH,1908,Southern Association,1908-09-09,0,regular,Moran,
YMJJJYH,1908,Southern Association,1908-09-09,0,regular,Wheeler,
NJYTJGG,1908,Southern Association,1908-09-09,0,regular,Pfenninger,
QCQDBZJ,1908,Southern Association,1908-09-10,1,regular,Fitzsimmons,
CKDCXTV,1908,Southern Association,1908-09-10,2,regular,Fitzsimmons,
RJVXSNR,1908,Southern Association,1908-09-10,0,regular,Brown,
RJVXSNR,1908,Southern Association,1908-09-10,0,regular,Carpenter,
LWJKQVN,1908,Southern Association,1908-09-10,0,regular,Moran,
LWJKQVN,1908,Southern Association,1908-09-10,0,regular,Wheeler,
MTZVCSV,1908,Southern Association,1908-09-11,0,regular,FItzsimmons,
KTTJJBJ,1908,Southern Association,1908-09-11,0,regular,Moran,
KTTJJBJ,1908,Southern Association,1908-09-11,0,regular,Wheeler,
MVNZFDY,1908,Southern Association,1908-09-11,0,regular,Carpenter,
MVNZFDY,1908,Southern Association,1908-09-11,0,regular,Brown,
YJMBPNP,1908,Southern Association,1908-09-11,1,regular,Pfenninger,
NCWYBJT,1908,Southern Association,1908-09-11,2,regular,Pfenninger,
VXHMSYP,1908,Southern Association,1908-09-12,0,regular,Fitzsimmons,
TCVKDBW,1908,Southern Association,1908-09-12,0,regular,Pfenninger,
QSXGQQQ,1908,Southern Association,1908-09-12,0,regular,Moran,
QSXGQQQ,1908,Southern Association,1908-09-12,0,regular,Wheeler,
VHKDRBH,1908,Southern Association,1908-09-12,0,regular,Brown,
VHKDRBH,1908,Southern Association,1908-09-12,0,regular,Carpenter,
MPGKMNK,1908,Southern Association,1908-09-13,0,regular,Fitzsimmons,
HTMVGXH,1908,Southern Association,1908-09-13,0,regular,Pfenninger,
DXFDVDP,1908,Southern Association,1908-09-14,0,regular,Brown,
NJJTFMF,1908,Southern Association,1908-09-14,0,regular,Fitzsimmons,
NJJTFMF,1908,Southern Association,1908-09-14,0,regular,Carpenter,
TNNZDDF,1908,Southern Association,1908-09-14,0,regular,Pfenninger,
SWYFLWB,1908,Southern Association,1908-09-14,0,regular,Moran,
DKBSSHG,1908,Southern Association,1908-09-15,0,regular,Pfenninger,
CXWZWVY,1908,Southern Association,1908-09-15,0,regular,Moran,
CDHQLPY,1908,Southern Association,1908-09-15,0,regular,Brown,
CDHQLPY,1908,Southern Association,1908-09-15,0,regular,Wheeler,
RDGHFWS,1908,Southern Association,1908-09-15,0,regular,Fitzsimmons,
RDGHFWS,1908,Southern Association,1908-09-15,0,regular,Carpenter,
WMKRPRN,1908,Southern Association,1908-09-16,0,regular,Pfenninger,
BWLXBLD,1908,Southern Association,1908-09-16,0,regular,Fitzsimmons,
BWLXBLD,1908,Southern Association,1908-09-16,0,regular,Carpenter,
MHYWGRP,1908,Southern Association,1908-09-16,0,regular,Brown,
MHYWGRP,1908,Southern Association,1908-09-16,0,regular,Wheeler,
RXCXMTX,1908,Southern Association,1908-09-16,0,regular,Moran,
YWSQKRR,1908,Southern Association,1908-09-17,0,regular,Carpenter,
YWSQKRR,1908,Southern Association,1908-09-17,0,regular,Fitzsimmons,
SZSJSPP,1908,Southern Association,1908-09-17,1,regular,Pfenninger,
NYVXRVV,1908,Southern Association,1908-09-17,2,regular,Pfenninger,
YBFYBVM,1908,Southern Association,1908-09-17,0,regular,Brown,
YBFYBVM,1908,Southern Association,1908-09-17,0,regular,Wheeler,
XRDCVBH,1908,Southern Association,1908-09-17,0,regular,Moran,
NVPDXNW,1908,Southern Association,1908-09-18,0,regular,Carpenter,
NVPDXNW,1908,Southern Association,1908-09-18,0,regular,Fitzsimmons,
SXYLPYH,1908,Southern Association,1908-09-18,0,regular,Moran,
LWMHJCX,1908,Southern Association,1908-09-18,0,regular,Pfenninger,
YNPNRNS,1908,Southern Association,1908-09-18,0,regular,Brown,
YNPNRNS,1908,Southern Association,1908-09-18,0,regular,Wheeler,
PDGLRNP,1908,Southern Association,1908-09-19,0,regular,Carpenter,
PDGLRNP,1908,Southern Association,1908-09-19,0,regular,Fitzsimmons,
FGPGSTQ,1908,Southern Association,1908-09-19,0,regular,Brown,
FCBXHFB,1908,Southern Association,1908-09-19,0,regular,Pfenninger,
CKPKNPP,1908,Southern Association,1908-09-19,1,regular,Moran,
FHMMSRZ,1908,Southern Association,1908-09-19,2,regular,Moran,
