key,date,number,league,phase,site,away,away.score,away.manager,home,home.score,home.manager,A,T,forfeit.to,status,status.reason,outsatend,filename,source,away.score.1,away.score.2,away.score.3,away.score.4,away.score.5,away.score.6,away.score.7,away.score.8,away.score.9,away.score.10,away.score.11,away.score.12,away.score.13,away.score.14,away.score.15,home.score.1,home.score.2,home.score.3,home.score.4,home.score.5,home.score.6,home.score.7,home.score.8,home.score.9,home.score.10,home.score.11,home.score.12,home.score.13,home.score.14,home.score.15
ZMZZSKR,1915-05-27,0,Blue Ridge,regular,,Hagerstown,3,,Chambersburg,1,,2000,2:05,,,,,transcript/1915/1915-HMH/boxes/BLRI-19150527.txt,"Hagerstown Morning Herald, May 28, 1915",0,1,0,0,1,0,0,1,0,,,,,,,0,0,1,0,0,0,0,0,0,,,,,,
YVKXYKL,1915-05-27,0,Blue Ridge,regular,,Martinsburg,,,Frederick,,,,,,,,,transcript/1915/1915-HMH/boxes/BLRI-19150527.txt,"Hagerstown Morning Herald, May 28, 1915",,,,,,,,,,,,,,,,,,,,,,,,,,,,,,
RYZZVGQ,1915-05-27,0,Blue Ridge,regular,,Gettysburg,,,Hanover,,,,,,,,,transcript/1915/1915-HMH/boxes/BLRI-19150527.txt,"Hagerstown Morning Herald, May 28, 1915",,,,,,,,,,,,,,,,,,,,,,,,,,,,,,
CSMNLXS,1915-05-28,0,Blue Ridge,regular,,Hanover,,,Gettysburg,,,,1:50,,,,,transcript/1915/1915-HMH/boxes/BLRI-19150527.txt,"Hagerstown Morning Herald, May 29, 1915",,,,,,,,,,,,,,,,,,,,,,,,,,,,,,
HYLLXQP,1915-05-28,0,Blue Ridge,regular,,Chambersburg,2,,Hagerstown,0,,1800,1:55,,,,,transcript/1915/1915-HMH/boxes/BLRI-19150527.txt,"Hagerstown Morning Herald, May 29, 1915",0,0,2,0,0,0,0,0,0,,,,,,,0,0,0,0,0,0,0,0,0,,,,,,
CRFPGRS,1915-05-28,0,Blue Ridge,regular,,Frederick,3,,Martinsburg,5,,1400,1:50,,,,,transcript/1915/1915-HMH/boxes/BLRI-19150527.txt,"Hagerstown Morning Herald, May 29, 1915",0,1,0,1,1,0,0,0,0,,,,,,,0,1,1,0,0,2,1,0,x,,,,,,
WGCKZXS,1915-05-29,0,Blue Ridge,regular,,Chambersburg,,,Hagerstown,,,,,,postponed,rain,,transcript/1915/1915-HMH/boxes/BLRI-19150527.txt,"Hagerstown Morning Herald, May 31, 1915",,,,,,,,,,,,,,,,,,,,,,,,,,,,,,
MWJBGXG,1915-05-29,0,Blue Ridge,regular,,Gettysburg,3,,Hanover,4,,,,,,,,transcript/1915/1915-HMH/boxes/BLRI-19150527.txt,"Hagerstown Morning Herald, May 31, 1915",0,0,0,1,0,0,1,0,0,0,,,,,,0,2,0,0,0,1,0,0,0,1,,,,,
XFZZJMM,1915-05-29,0,Blue Ridge,regular,,Frederick,4,,Martinsburg,3,,,2:00,,,,,transcript/1915/1915-HMH/boxes/BLRI-19150527.txt,"Hagerstown Morning Herald, May 31, 1915",0,0,2,0,0,0,2,0,0,,,,,,,0,0,3,0,0,0,0,0,0,,,,,,
JJRNCQD,1915-05-31,2,Blue Ridge,regular,,Gettysburg,,,Frederick,,,,,,,,,transcript/1915/1915-HMH/boxes/BLRI-19150531.txt,"Hagerstown Morning Herald, June 1, 1915",,,,,,,,,,,,,,,,,,,,,,,,,,,,,,
GGSTYFP,1915-05-31,1,Blue Ridge,regular,,Frederick,,,Gettysburg,,,,,,postponed,wet grounds,,transcript/1915/1915-HMH/boxes/BLRI-19150531.txt,"Hagerstown Morning Herald, June 1, 1915",,,,,,,,,,,,,,,,,,,,,,,,,,,,,,
CFZRCYN,1915-05-31,1,Blue Ridge,regular,,Martinsburg,2,,Hagerstown,3,,2260,2:15,,,,,transcript/1915/1915-HMH/boxes/BLRI-19150531.txt,"Hagerstown Morning Herald, June 1, 1915",0,0,0,1,0,0,0,0,1,,,,,,,1,0,0,0,0,0,0,1,1,,,,,,
RRJXLQR,1915-05-31,1,Blue Ridge,regular,,Chambersburg,,,Hanover,,,,,,,,,transcript/1915/1915-HMH/boxes/BLRI-19150531.txt,"Hagerstown Morning Herald, June 1, 1915",,,,,,,,,,,,,,,,,,,,,,,,,,,,,,
FWGJKPK,1915-05-31,2,Blue Ridge,regular,,Chambersburg,,,Hanover,,,,,,,,,transcript/1915/1915-HMH/boxes/BLRI-19150531.txt,"Hagerstown Morning Herald, June 1, 1915",,,,,,,,,,,,,,,,,,,,,,,,,,,,,,
WWHRMKS,1915-05-31,2,Blue Ridge,regular,,Hagerstown,4,,Martinsburg,2,,,2:00,,,,,transcript/1915/1915-HMH/boxes/BLRI-19150531.txt,"Hagerstown Morning Herald, June 1, 1915",0,0,1,0,0,0,0,3,0,,,,,,,0,0,0,0,1,0,0,0,1,,,,,,
KWSKSVF,1915-06-01,0,Blue Ridge,regular,,Gettysburg,,,Chambersburg,,,,,,,,,transcript/1915/1915-HMH/boxes/BLRI-19150531.txt,"Hagerstown Morning Herald, June 2, 1915",,,,,,,,,,,,,,,,,,,,,,,,,,,,,,
KHTPXWN,1915-06-02,0,Blue Ridge,regular,,Gettysburg,,,Chambersburg,,,,,,postponed,rain,,transcript/1915/1915-HMH/boxes/BLRI-19150531.txt,"Hagerstown Morning Herald, June 2, 1915",,,,,,,,,,,,,,,,,,,,,,,,,,,,,,
LXKLNYG,1915-06-02,0,Blue Ridge,regular,,Hanover,,,Frederick,,,,,,postponed,rain,,transcript/1915/1915-HMH/boxes/BLRI-19150531.txt,"Hagerstown Morning Herald, June 2, 1915",,,,,,,,,,,,,,,,,,,,,,,,,,,,,,
BCTWRGC,1915-06-02,0,Blue Ridge,regular,,Martinsburg,,,Hagerstown,,,,,,postponed,rain,,transcript/1915/1915-HMH/boxes/BLRI-19150531.txt,"Hagerstown Morning Herald, June 2, 1915",,,,,,,,,,,,,,,,,,,,,,,,,,,,,,
MFLPBTQ,1915-06-03,0,Blue Ridge,regular,,Gettysburg,,,Chambersburg,,,,,,postponed,wet grounds,,transcript/1915/1915-HMH/boxes/BLRI-19150531.txt,"Hagerstown Morning Herald, June 2, 1915",,,,,,,,,,,,,,,,,,,,,,,,,,,,,,
GVJGHBM,1915-06-03,0,Blue Ridge,regular,,Hanover,,,Frederick,,,,,,postponed,wet grounds,,transcript/1915/1915-HMH/boxes/BLRI-19150531.txt,"Hagerstown Morning Herald, June 2, 1915",,,,,,,,,,,,,,,,,,,,,,,,,,,,,,
PKHTPSJ,1915-06-03,0,Blue Ridge,regular,,Hagerstown,,,Martinsburg,,,,,,postponed,wet grounds,,transcript/1915/1915-HMH/boxes/BLRI-19150531.txt,"Hagerstown Morning Herald, June 2, 1915",,,,,,,,,,,,,,,,,,,,,,,,,,,,,,
NTXSKCS,1915-06-04,0,Blue Ridge,regular,,Gettysburg,6,,Chambersburg,2,,,,,,,,transcript/1915/1915-HMH/boxes/BLRI-19150531.txt,"Hagerstown Morning Herald, June 5, 1915",0,1,0,0,4,0,0,1,0,,,,,,,0,0,0,1,1,0,0,0,0,,,,,,
HGBMQKM,1915-06-04,0,Blue Ridge,regular,,Frederick,4,,Hagerstown,0,,1000,1:45,,,,,transcript/1915/1915-HMH/boxes/BLRI-19150531.txt,"Hagerstown Morning Herald, June 5, 1915",0,0,0,0,0,3,1,0,0,,,,,,,0,0,0,0,0,0,0,0,0,,,,,,
BYGZPCL,1915-06-04,0,Blue Ridge,regular,,Martinsburg,,,Hanover,,,,,,,,,transcript/1915/1915-HMH/boxes/BLRI-19150531.txt,"Hagerstown Morning Herald, June 5, 1915",,,,,,,,,,,,,,,,,,,,,,,,,,,,,,
SQTBPZZ,1915-06-05,0,Blue Ridge,regular,,Gettysburg,,,Chambersburg,,,,,,,,,transcript/1915/1915-HMH/boxes/BLRI-19150531.txt,"Hagerstown Morning Herald, June 7, 1915",,,,,,,,,,,,,,,,,,,,,,,,,,,,,,
XJQJFQM,1915-06-05,0,Blue Ridge,regular,,Frederick,1,,Hagerstown,0,,1500,1:20,,,,,transcript/1915/1915-HMH/boxes/BLRI-19150531.txt,"Hagerstown Morning Herald, June 7, 1915",0,0,0,0,0,0,0,0,1,,,,,,,0,0,0,0,0,0,0,0,0,,,,,,
WRPZSVJ,1915-06-05,0,Blue Ridge,regular,,Martinsburg,,,Hanover,,,,,,,,,transcript/1915/1915-HMH/boxes/BLRI-19150531.txt,"Hagerstown Morning Herald, June 7, 1915",,,,,,,,,,,,,,,,,,,,,,,,,,,,,,
LRJFZZL,1915-06-07,0,Blue Ridge,regular,,Hanover,2,,Chambersburg,7,,,,,,,,transcript/1915/1915-HMH/boxes/BLRI-19150607.txt,"Hagerstown Morning Herald, June 8, 1915",1,0,0,0,0,0,0,1,0,,,,,,,0,0,0,0,0,0,0,7,x,,,,,,
YJNLLCN,1915-06-07,0,Blue Ridge,regular,,Hagerstown,2,,Frederick,3,,1000,2:00,,,,,transcript/1915/1915-HMH/boxes/BLRI-19150607.txt,"Hagerstown Morning Herald, June 8, 1915",0,0,0,0,0,2,0,0,0,,,,,,,0,0,1,0,0,2,0,0,0,,,,,,
WYYGRFJ,1915-06-07,0,Blue Ridge,regular,Hagerstown,Martinsburg,,,Gettysburg,,,500,3:10,,,,,transcript/1915/1915-HMH/boxes/BLRI-19150607.txt,"Hagerstown Morning Herald, June 8, 1915",,,,,,,,,,,,,,,,,,,,,,,,,,,,,,
YBWWNDL,1915-06-08,0,Blue Ridge,regular,,Hanover,2,,Chambersburg,7,,,,,,,,transcript/1915/1915-HMH/boxes/BLRI-19150607.txt,"Hagerstown Morning Herald, June 9, 1915",0,2,0,0,0,0,0,0,0,,,,,,,1,0,3,0,2,1,0,0,x,,,,,,
TLNRWJL,1915-06-08,0,Blue Ridge,regular,,Hagerstown,1,,Frederick,4,,800,2:00,,,,,transcript/1915/1915-HMH/boxes/BLRI-19150607.txt,"Hagerstown Morning Herald, June 9, 1915",0,0,0,1,0,0,0,0,0,,,,,,,3,0,0,0,0,0,0,1,x,,,,,,
ZPBRJYL,1915-06-08,0,Blue Ridge,regular,,Gettysburg,8,,Martinsburg,9,,,,,,,,transcript/1915/1915-HMH/boxes/BLRI-19150607.txt,"Hagerstown Morning Herald, June 9, 1915",0,0,3,0,1,0,0,4,0,,,,,,,2,0,3,0,3,0,0,1,x,,,,,,
ZHCYGLT,1915-06-09,0,Blue Ridge,regular,,Frederick,6,,Chambersburg,4,,,,,,,,transcript/1915/1915-HMH/boxes/BLRI-19150607.txt,"Hagerstown Morning Herald, June 10, 1915",0,0,1,1,1,1,0,0,0,2,,,,,,1,0,3,0,0,0,0,0,0,0,,,,,
HVYXPLR,1915-06-09,0,Blue Ridge,regular,,Gettysburg,1,,Hagerstown,8,,,,,,,,transcript/1915/1915-HMH/boxes/BLRI-19150607.txt,"Hagerstown Morning Herald, June 10, 1915",0,0,0,1,0,0,0,0,0,,,,,,,3,0,0,2,2,0,1,0,x,,,,,,
GSTNSFG,1915-06-09,0,Blue Ridge,regular,,Hanover,3,,Martinsburg,5,,,,,,,,transcript/1915/1915-HMH/boxes/BLRI-19150607.txt,"Hagerstown Morning Herald, June 10, 1915",1,0,0,0,0,2,0,0,0,,,,,,,1,0,0,0,0,2,0,2,x,,,,,,
JLSGQBL,1915-06-10,0,Blue Ridge,regular,,Frederick,2,,Chambersburg,0,,,,,,,,transcript/1915/1915-HMH/boxes/BLRI-19150607.txt,"Hagerstown Morning Herald, June 11, 1915",0,0,1,1,0,0,0,0,0,,,,,,,0,0,0,0,0,0,0,0,0,,,,,,
LPZPCHC,1915-06-10,0,Blue Ridge,regular,,Gettysburg,0,,Hagerstown,1,,700,1:30,,,,,transcript/1915/1915-HMH/boxes/BLRI-19150607.txt,"Hagerstown Morning Herald, June 11, 1915",0,0,0,0,0,0,0,0,0,,,,,,,0,0,0,0,0,1,0,0,x,,,,,,
VKXPTGT,1915-06-10,0,Blue Ridge,regular,,Hanover,2,,Martinsburg,4,,,,,,,,transcript/1915/1915-HMH/boxes/BLRI-19150607.txt,"Hagerstown Morning Herald, June 11, 1915",0,2,0,0,0,0,0,0,0,,,,,,,0,0,2,2,0,0,0,0,x,,,,,,
KTSQBBW,1915-06-11,0,Blue Ridge,regular,,Chambersburg,,,Frederick,,,,,,,,,transcript/1915/1915-HMH/boxes/BLRI-19150607.txt,"Hagerstown Morning Herald, June 12, 1915",,,,,,,,,,,,,,,,,,,,,,,,,,,,,,
JVNWDKZ,1915-06-11,0,Blue Ridge,regular,,Hanover,2,,Hagerstown,1,,700,1:50,,,,,transcript/1915/1915-HMH/boxes/BLRI-19150607.txt,"Hagerstown Morning Herald, June 12, 1915",0,0,0,0,1,0,1,0,0,,,,,,,1,0,0,0,0,0,0,0,0,,,,,,
SRSFRXP,1915-06-11,0,Blue Ridge,regular,,Gettysburg,,,Martinsburg,,,,,,,,,transcript/1915/1915-HMH/boxes/BLRI-19150607.txt,"Hagerstown Morning Herald, June 12, 1915",,,,,,,,,,,,,,,,,,,,,,,,,,,,,,
ZKSLGWQ,1915-06-12,0,Blue Ridge,regular,,Chambersburg,5,,Frederick,2,,,,,,,,transcript/1915/1915-HMH/boxes/BLRI-19150607.txt,"Hagerstown Morning Herald, June 14, 1915",0,1,0,2,0,0,2,0,0,,,,,,,0,0,0,1,1,0,0,0,0,,,,,,
PFCHRVB,1915-06-12,0,Blue Ridge,regular,,Hanover,8,,Hagerstown,4,,1200,2:00,,,,,transcript/1915/1915-HMH/boxes/BLRI-19150607.txt,"Hagerstown Morning Herald, June 14, 1915",3,1,2,1,0,0,1,0,0,,,,,,,2,0,0,0,0,1,1,0,0,,,,,,
SMCDPQY,1915-06-12,0,Blue Ridge,regular,,Gettysburg,5,,Martinsburg,6,,,,,,,,transcript/1915/1915-HMH/boxes/BLRI-19150607.txt,"Hagerstown Morning Herald, June 14, 1915",1,0,0,2,0,0,2,0,0,,,,,,,3,0,0,1,0,0,1,0,1,,,,,,
HYPYNTB,1915-06-14,0,Blue Ridge,regular,,Martinsburg,,,Chambersburg,,,,,,,,,transcript/1915/1915-HMH/boxes/BLRI-19150614.txt,"Hagerstown Morning Herald, June 15, 1915",,,,,,,,,,,,,,,,,,,,,,,,,,,,,,
HKBWYYB,1915-06-14,0,Blue Ridge,regular,,Hagerstown,0,,Gettysburg,5,,,1:56,,,,,transcript/1915/1915-HMH/boxes/BLRI-19150614.txt,"Hagerstown Morning Herald, June 15, 1915",0,0,0,0,0,0,0,0,0,,,,,,,0,0,0,0,1,2,1,1,x,,,,,,
XJJVTJC,1915-06-14,0,Blue Ridge,regular,,Frederick,,,Hanover,,,,,,,,,transcript/1915/1915-HMH/boxes/BLRI-19150614.txt,"Hagerstown Morning Herald, June 15, 1915",,,,,,,,,,,,,,,,,,,,,,,,,,,,,,
HBXDNSZ,1915-06-15,0,Blue Ridge,regular,,Martinsburg,,,Chambersburg,,,,,,,,,transcript/1915/1915-HMH/boxes/BLRI-19150614.txt,"Hagerstown Morning Herald, June 16, 1915",,,,,,,,,,,,,,,,,,,,,,,,,,,,,,
PXFCLFM,1915-06-15,0,Blue Ridge,regular,,Hagerstown,,,Gettysburg,,,,,,postponed,game halted in 4th inning because of rain - no score after three innings,,transcript/1915/1915-HMH/boxes/BLRI-19150614.txt,"Hagerstown Morning Herald, June 16, 1915",,,,,,,,,,,,,,,,,,,,,,,,,,,,,,
HTGGPRJ,1915-06-15,0,Blue Ridge,regular,,Frederick,,,Hanover,,,,,,postponed,rain,,transcript/1915/1915-HMH/boxes/BLRI-19150614.txt,"Hagerstown Morning Herald, June 16, 1915",,,,,,,,,,,,,,,,,,,,,,,,,,,,,,
WQJJLZC,1915-06-17,0,Blue Ridge,regular,,Gettysburg,0,,Frederick,1,,,,,,,,transcript/1915/1915-HMH/boxes/BLRI-19150614.txt,"Hagerstown Morning Herald, June 18, 1915",0,0,0,0,0,0,0,0,0,,,,,,,0,0,0,0,0,0,0,0,1,,,,,,
CXRZKBT,1915-06-17,0,Blue Ridge,regular,,Hagerstown,0,,Hanover,1,,,1:55,,,,,transcript/1915/1915-HMH/boxes/BLRI-19150614.txt,"Hagerstown Morning Herald, June 18, 1915",0,0,0,0,0,0,0,0,0,,,,,,,1,0,0,0,0,0,0,0,x,,,,,,
JTLCBFH,1915-06-17,0,Blue Ridge,regular,,Chambersburg,4,,Martinsburg,10,,,,,,,,transcript/1915/1915-HMH/boxes/BLRI-19150614.txt,"Hagerstown Morning Herald, June 18, 1915",0,0,0,0,1,1,0,2,0,,,,,,,3,0,2,0,0,3,2,0,x,,,,,,
JBGQVJC,1915-06-21,0,Blue Ridge,regular,,Hanover,,,Gettysburg,,,,,,,,,transcript/1915/1915-HMH/boxes/BLRI-19150621.txt,"Hagerstown Morning Herald, June 22, 1915",,,,,,,,,,,,,,,,,,,,,,,,,,,,,,
YHWYJKD,1915-06-21,0,Blue Ridge,regular,,Chambersburg,6,,Hagerstown,7,,1000,2:30,,,,,transcript/1915/1915-HMH/boxes/BLRI-19150621.txt,"Hagerstown Morning Herald, June 22, 1915",2,0,0,0,2,0,2,0,0,,,,,,,3,1,0,0,1,2,0,0,x,,,,,,
CMRZZJZ,1915-06-21,0,Blue Ridge,regular,,Frederick,,,Martinsburg,,,,,,,,,transcript/1915/1915-HMH/boxes/BLRI-19150621.txt,"Hagerstown Morning Herald, June 22, 1915",,,,,,,,,,,,,,,,,,,,,,,,,,,,,,
LFNWTQL,1915-06-23,0,Blue Ridge,regular,,Hanover,,,Chambersburg,,,,,,,,,transcript/1915/1915-HMH/boxes/BLRI-19150621.txt,"Hagerstown Morning Herald, June 24, 1915",,,,,,,,,,,,,,,,,,,,,,,,,,,,,,
GPQMRQF,1915-06-23,0,Blue Ridge,regular,,Gettysburg,,,Frederick,,,,,,,,,transcript/1915/1915-HMH/boxes/BLRI-19150621.txt,"Hagerstown Morning Herald, June 24, 1915",,,,,,,,,,,,,,,,,,,,,,,,,,,,,,
RYRFNSZ,1915-06-23,0,Blue Ridge,regular,,Martinsburg,8,,Hagerstown,10,,1000,2:00,,,,,transcript/1915/1915-HMH/boxes/BLRI-19150621.txt,"Hagerstown Morning Herald, June 24, 1915",0,0,1,0,4,0,3,0,0,,,,,,,3,3,0,3,1,0,0,0,x,,,,,,
MLTKJSX,1915-06-24,0,Blue Ridge,regular,,Hanover,,,Chambersburg,,,,,,,,,transcript/1915/1915-HMH/boxes/BLRI-19150621.txt,"Hagerstown Morning Herald, June 25, 1915",,,,,,,,,,,,,,,,,,,,,,,,,,,,,,
JJZNFQP,1915-06-24,0,Blue Ridge,regular,,Gettysburg,,,Frederick,,,,,,,,,transcript/1915/1915-HMH/boxes/BLRI-19150621.txt,"Hagerstown Morning Herald, June 25, 1915",,,,,,,,,,,,,,,,,,,,,,,,,,,,,,
DHGFVPN,1915-06-24,0,Blue Ridge,regular,,Martinsburg,0,,Hagerstown,1,,1000,1:35,,,,,transcript/1915/1915-HMH/boxes/BLRI-19150621.txt,"Hagerstown Morning Herald, June 25, 1915",0,0,0,0,0,0,0,0,0,,,,,,,0,0,1,0,0,0,0,0,x,,,,,,
YXPPVPJ,1915-06-25,0,Blue Ridge,regular,,Gettysburg,,,Chambersburg,,,,,,,,,transcript/1915/1915-HMH/boxes/BLRI-19150621.txt,"Hagerstown Morning Herald, June 26, 1915",,,,,,,,,,,,,,,,,,,,,,,,,,,,,,
MYQBNGN,1915-06-25,1,Blue Ridge,regular,,Hanover,,,Frederick,,,,,,,,,transcript/1915/1915-HMH/boxes/BLRI-19150621.txt,"Hagerstown Morning Herald, June 26, 1915",,,,,,,,,,,,,,,,,,,,,,,,,,,,,,
VDBSDNY,1915-06-25,2,Blue Ridge,regular,,Hanover,,,Frederick,,,,,,,,,transcript/1915/1915-HMH/boxes/BLRI-19150621.txt,"Hagerstown Morning Herald, June 26, 1915",,,,,,,,,,,,,,,,,,,,,,,,,,,,,,
YTBPBFK,1915-06-25,0,Blue Ridge,regular,,Hagerstown,,,Martinsburg,,,,,,,,,transcript/1915/1915-HMH/boxes/BLRI-19150621.txt,"Hagerstown Morning Herald, June 26, 1915",,,,,,,,,,,,,,,,,,,,,,,,,,,,,,
TDFGVZW,1915-06-26,1,Blue Ridge,regular,,Gettysburg,,,Chambersburg,,,,,,,,,transcript/1915/1915-HMH/boxes/BLRI-19150621.txt,"Hagerstown Morning Herald, June 28, 1915",,,,,,,,,,,,,,,,,,,,,,,,,,,,,,
MNYTSTZ,1915-06-26,2,Blue Ridge,regular,,Gettysburg,,,Chambersburg,,,,,,,,,transcript/1915/1915-HMH/boxes/BLRI-19150621.txt,"Hagerstown Morning Herald, June 28, 1915",,,,,,,,,,,,,,,,,,,,,,,,,,,,,,
TRVHTVV,1915-06-26,1,Blue Ridge,regular,,Hanover,,,Frederick,,,,,,,,,transcript/1915/1915-HMH/boxes/BLRI-19150621.txt,"Hagerstown Morning Herald, June 28, 1915",,,,,,,,,,,,,,,,,,,,,,,,,,,,,,
KDSZFLF,1915-06-26,2,Blue Ridge,regular,,Hanover,,,Frederick,,,,,,,,,transcript/1915/1915-HMH/boxes/BLRI-19150621.txt,"Hagerstown Morning Herald, June 28, 1915",,,,,,,,,,,,,,,,,,,,,,,,,,,,,,
JXLZQQJ,1915-06-26,1,Blue Ridge,regular,,Hagerstown,5,,Martinsburg,4,,,,,,,,transcript/1915/1915-HMH/boxes/BLRI-19150621.txt,"Hagerstown Morning Herald, June 28, 1915",1,0,2,0,0,1,0,0,0,1,,,,,,0,0,0,3,0,1,0,0,0,0,,,,,
SYGXBRJ,1915-06-26,2,Blue Ridge,regular,,Hagerstown,4,,Martinsburg,5,,,,,,,,transcript/1915/1915-HMH/boxes/BLRI-19150621.txt,"Hagerstown Morning Herald, June 28, 1915",0,0,1,1,2,0,0,,,,,,,,,0,0,0,2,1,2,x,,,,,,,,
SJTWVXC,1915-06-30,0,Blue Ridge,regular,,Hagerstown,2,,Frederick,7,,,1:50,,,,,transcript/1915/1915-HMH/boxes/BLRI-19150628.txt,"Hagerstown Morning Herald, July 1, 1915",1,0,0,1,0,0,0,0,0,,,,,,,1,0,0,1,0,1,1,3,x,,,,,,
VRQPPDL,1915-06-30,0,Blue Ridge,regular,,Martinsburg,,,Gettysburg,,,,,,,,,transcript/1915/1915-HMH/boxes/BLRI-19150628.txt,"Hagerstown Morning Herald, July 1, 1915",,,,,,,,,,,,,,,,,,,,,,,,,,,,,,
RPTVHXB,1915-06-30,0,Blue Ridge,regular,,Chambersburg,,,Hanover,,,,,,,,,transcript/1915/1915-HMH/boxes/BLRI-19150628.txt,"Hagerstown Morning Herald, July 1, 1915",,,,,,,,,,,,,,,,,,,,,,,,,,,,,,
KBLXQTV,1915-07-01,0,Blue Ridge,regular,,Hagerstown,1,,Frederick,4,,,1:30,,,,,transcript/1915/1915-HMH/boxes/BLRI-19150628.txt,"Hagerstown Morning Herald, July 2, 1915",0,0,0,0,0,0,1,0,0,,,,,,,1,2,0,0,0,1,0,0,x,,,,,,
JFVYBQP,1915-07-01,0,Blue Ridge,regular,,Martinsburg,,,Gettysburg,,,,,,,,,transcript/1915/1915-HMH/boxes/BLRI-19150628.txt,"Hagerstown Morning Herald, July 2, 1915",,,,,,,,,,,,,,,,,,,,,,,,,,,,,,
LCSZCDH,1915-07-01,0,Blue Ridge,regular,,Chambersburg,,,Hanover,,,,,,,,,transcript/1915/1915-HMH/boxes/BLRI-19150628.txt,"Hagerstown Morning Herald, July 2, 1915",,,,,,,,,,,,,,,,,,,,,,,,,,,,,,
NSRRBWQ,1915-07-02,0,Blue Ridge,regular,,Chambersburg,,,Frederick,,,,,,,,,transcript/1915/1915-HMH/boxes/BLRI-19150628.txt,"Hagerstown Morning Herald, July 3, 1915",,,,,,,,,,,,,,,,,,,,,,,,,,,,,,
FHJZFCN,1915-07-02,0,Blue Ridge,regular,,Gettysburg,1,,Hagerstown,6,,800,2:05,,,,,transcript/1915/1915-HMH/boxes/BLRI-19150628.txt,"Hagerstown Morning Herald, July 3, 1915",0,0,0,0,0,1,0,0,0,,,,,,,0,3,1,2,0,0,0,0,x,,,,,,
KSMPCLQ,1915-07-02,0,Blue Ridge,regular,,Hanover,5,,Martinsburg,6,,,,,,,,transcript/1915/1915-HMH/boxes/BLRI-19150628.txt,"Hagerstown Morning Herald, July 3, 1915",2,0,0,0,0,1,1,0,0,0,0,1,0,0,,0,0,0,2,1,0,0,1,0,0,0,1,0,1,
RMHHHGH,1915-07-03,0,Blue Ridge,regular,,Gettysburg,3,,Hagerstown,7,,,,,,,,transcript/1915/1915-HMH/boxes/BLRI-19150628.txt,"Hagerstown Morning Herald, July 6, 1915",0,1,0,0,0,0,1,0,1,,,,,,,0,3,1,1,1,0,0,1,x,,,,,,
HBTDJDL,1915-07-05,1,Blue Ridge,regular,,Hanover,4,,Hagerstown,3,,1500,1:50,,,,,transcript/1915/1915-HMH/boxes/BLRI-19150705.txt,"Hagerstown Morning Herald, July 6, 1915",0,0,0,0,4,0,0,0,0,,,,,,,1,0,0,0,0,0,2,0,0,,,,,,
QCVRZNG,1915-07-05,2,Blue Ridge,regular,,Hanover,9,,Hagerstown,4,,2500,2:00,,,,,transcript/1915/1915-HMH/boxes/BLRI-19150705.txt,"Hagerstown Morning Herald, July 6, 1915",0,0,0,0,6,2,1,0,,,,,,,,0,0,0,4,0,0,0,0,,,,,,,
HCYSFVF,1915-07-06,0,Blue Ridge,regular,,Hagerstown,1,,Chambersburg,8,,,1:35,,,,,transcript/1915/1915-HMH/boxes/BLRI-19150705.txt,"Hagerstown Morning Herald, July 7, 1915",1,0,0,0,0,0,0,0,0,,,,,,,0,2,1,1,1,0,2,1,x,,,,,,
BBDRGNL,1915-07-06,0,Blue Ridge,regular,,Martinsburg,,,Frederick,,,,,,,,,transcript/1915/1915-HMH/boxes/BLRI-19150705.txt,"Hagerstown Morning Herald, July 7, 1915",,,,,,,,,,,,,,,,,,,,,,,,,,,,,,
BMNHCND,1915-07-06,0,Blue Ridge,regular,,Hanover,,,Gettysburg,,,,,,,,,transcript/1915/1915-HMH/boxes/BLRI-19150705.txt,"Hagerstown Morning Herald, July 7, 1915",,,,,,,,,,,,,,,,,,,,,,,,,,,,,,
FZRLYYJ,1915-07-07,0,Blue Ridge,regular,,Martinsburg,,,Chambersburg,,,,,,,,,transcript/1915/1915-HMH/boxes/BLRI-19150705.txt,"Hagerstown Morning Herald, July 8, 1915",,,,,,,,,,,,,,,,,,,,,,,,,,,,,,
FVQRKDB,1915-07-07,0,Blue Ridge,regular,,Hagerstown,3,,Gettysburg,1,,,1:45,,,,,transcript/1915/1915-HMH/boxes/BLRI-19150705.txt,"Hagerstown Morning Herald, July 8, 1915",0,0,1,0,0,0,2,0,0,,,,,,,0,0,0,0,0,0,0,0,1,,,,,,
XYKBFGZ,1915-07-07,1,Blue Ridge,regular,,Frederick,,,Hanover,,,,,,,,,transcript/1915/1915-HMH/boxes/BLRI-19150705.txt,"Hagerstown Morning Herald, July 8, 1915",,,,,,,,,,,,,,,,,,,,,,,,,,,,,,
DSSXXRN,1915-07-07,2,Blue Ridge,regular,,Frederick,,,Hanover,,,,,,,,,transcript/1915/1915-HMH/boxes/BLRI-19150705.txt,"Hagerstown Morning Herald, July 8, 1915",,,,,,,,,,,,,,,,,,,,,,,,,,,,,,
VKDWJBP,1915-07-08,0,Blue Ridge,regular,,Martinsburg,,,Chambersburg,,,,,,,,,transcript/1915/1915-HMH/boxes/BLRI-19150705.txt,"Hagerstown Morning Herald, July 9, 1915",,,,,,,,,,,,,,,,,,,,,,,,,,,,,,
FVCMJWP,1915-07-08,1,Blue Ridge,regular,,Hagerstown,7,,Gettysburg,2,,,2:00,,,,,transcript/1915/1915-HMH/boxes/BLRI-19150705.txt,"Hagerstown Morning Herald, July 9, 1915",0,1,0,0,0,0,0,6,0,,,,,,,0,0,0,1,0,1,0,0,0,,,,,,
WZLHXKV,1915-07-08,2,Blue Ridge,regular,,Hagerstown,1,,Gettysburg,4,,,,,,,,transcript/1915/1915-HMH/boxes/BLRI-19150705.txt,"Hagerstown Morning Herald, July 9, 1915",0,0,0,0,0,1,0,,,,,,,,,2,0,2,0,0,0,x,,,,,,,,
RGBSZYY,1915-07-08,0,Blue Ridge,regular,,Frederick,,,Hanover,,,,,,,,,transcript/1915/1915-HMH/boxes/BLRI-19150705.txt,"Hagerstown Morning Herald, July 9, 1915",,,,,,,,,,,,,,,,,,,,,,,,,,,,,,
HZPFYYX,1915-07-09,0,Blue Ridge,regular,,Frederick,,,Gettysburg,,,,,,,,,transcript/1915/1915-HMH/boxes/BLRI-19150705.txt,"Hagerstown Morning Herald, July 10, 1915",,,,,,,,,,,,,,,,,,,,,,,,,,,,,,
JMCRJSS,1915-07-09,0,Blue Ridge,regular,,Hagerstown,9,,Hanover,5,,,2:00,,,,,transcript/1915/1915-HMH/boxes/BLRI-19150705.txt,"Hagerstown Morning Herald, July 10, 1915",1,0,5,1,0,0,1,0,1,,,,,,,0,0,1,2,0,0,2,0,0,,,,,,
WNJLMXT,1915-07-09,0,Blue Ridge,regular,,Chambersburg,,,Martinsburg,,,,,,,,,transcript/1915/1915-HMH/boxes/BLRI-19150705.txt,"Hagerstown Morning Herald, July 10, 1915",,,,,,,,,,,,,,,,,,,,,,,,,,,,,,
SPJBTZL,1915-07-10,0,Blue Ridge,regular,,Martinsburg,,,Chambersburg,,,,,,,,,transcript/1915/1915-HMH/boxes/BLRI-19150705.txt,"Hagerstown Morning Herald, July 12, 1915",,,,,,,,,,,,,,,,,,,,,,,,,,,,,,
VLNBTTH,1915-07-10,0,Blue Ridge,regular,,Frederick,,,Gettysburg,,,,,,,,,transcript/1915/1915-HMH/boxes/BLRI-19150705.txt,"Hagerstown Morning Herald, July 12, 1915",,,,,,,,,,,,,,,,,,,,,,,,,,,,,,
BYJPXSN,1915-07-10,0,Blue Ridge,regular,,Hagerstown,2,,Hanover,5,,,1:50,,,,,transcript/1915/1915-HMH/boxes/BLRI-19150705.txt,"Hagerstown Morning Herald, July 12, 1915",1,0,0,0,0,0,1,0,0,,,,,,,3,0,1,0,0,0,1,0,x,,,,,,
YPLNKMX,1915-07-12,0,Blue Ridge,regular,,Hagerstown,5,,Chambersburg,11,,,1:50,,,,,transcript/1915/1915-HMH/boxes/BLRI-19150712.txt,"Hagerstown Morning Herald, July 13, 1915",0,0,0,1,4,0,0,0,0,,,,,,,4,0,0,0,0,1,6,0,x,,,,,,
DLFZDFK,1915-07-12,0,Blue Ridge,regular,,Martinsburg,,,Frederick,,,,,,,,,transcript/1915/1915-HMH/boxes/BLRI-19150712.txt,"Hagerstown Morning Herald, July 13, 1915",,,,,,,,,,,,,,,,,,,,,,,,,,,,,,
ZMBNPSS,1915-07-12,0,Blue Ridge,regular,,Gettysburg,,,Hanover,,,,,,,,,transcript/1915/1915-HMH/boxes/BLRI-19150712.txt,"Hagerstown Morning Herald, July 13, 1915",,,,,,,,,,,,,,,,,,,,,,,,,,,,,,
RPCXDCV,1915-07-13,0,Blue Ridge,regular,,Hagerstown,1,,Chambersburg,2,,,1:35,,,,,transcript/1915/1915-HMH/boxes/BLRI-19150712.txt,"Hagerstown Morning Herald, July 14, 1915",1,0,0,0,0,0,0,0,0,,,,,,,0,0,0,0,1,0,0,1,x,,,,,,
MSBPKRW,1915-07-13,0,Blue Ridge,regular,,Martinsburg,,,Frederick,,,,,,,,,transcript/1915/1915-HMH/boxes/BLRI-19150712.txt,"Hagerstown Morning Herald, July 14, 1915",,,,,,,,,,,,,,,,,,,,,,,,,,,,,,
YKWSVSJ,1915-07-13,0,Blue Ridge,regular,,Gettysburg,,,Hanover,,,,,,,,,transcript/1915/1915-HMH/boxes/BLRI-19150712.txt,"Hagerstown Morning Herald, July 14, 1915",,,,,,,,,,,,,,,,,,,,,,,,,,,,,,
CHNTKQL,1915-07-14,0,Blue Ridge,regular,,Hanover,,,Gettysburg,,,,,,,,,transcript/1915/1915-HMH/boxes/BLRI-19150712.txt,"Hagerstown Morning Herald, July 15, 1915",,,,,,,,,,,,,,,,,,,,,,,,,,,,,,
GZJXVXC,1915-07-14,0,Blue Ridge,regular,,Chambersburg,6,,Hagerstown,0,,700,1:55,,,,,transcript/1915/1915-HMH/boxes/BLRI-19150712.txt,"Hagerstown Morning Herald, July 15, 1915",0,0,1,2,0,0,3,0,0,,,,,,,0,0,0,0,0,0,0,0,0,,,,,,
XMRTQCJ,1915-07-14,0,Blue Ridge,regular,,Frederick,,,Martinsburg,,,,,,,,,transcript/1915/1915-HMH/boxes/BLRI-19150712.txt,"Hagerstown Morning Herald, July 15, 1915",,,,,,,,,,,,,,,,,,,,,,,,,,,,,,
DTDYXHN,1915-07-15,0,Blue Ridge,regular,,Hanover,,,Gettysburg,,,,,,,,,transcript/1915/1915-HMH/boxes/BLRI-19150712.txt,"Hagerstown Morning Herald, July 16, 1915",,,,,,,,,,,,,,,,,,,,,,,,,,,,,,
BDGVYNG,1915-07-15,0,Blue Ridge,regular,,Chambersburg,,,Hagerstown,,,,,,postponed,rain,,transcript/1915/1915-HMH/boxes/BLRI-19150712.txt,"Hagerstown Morning Herald, July 16, 1915",,,,,,,,,,,,,,,,,,,,,,,,,,,,,,
DPPZTNS,1915-07-15,0,Blue Ridge,regular,,Frederick,,,Martinsburg,,,,,,,,,transcript/1915/1915-HMH/boxes/BLRI-19150712.txt,"Hagerstown Morning Herald, July 16, 1915",,,,,,,,,,,,,,,,,,,,,,,,,,,,,,
LYDFJJP,1915-07-16,0,Blue Ridge,regular,,Hanover,,,Chambersburg,,,,,,,,,transcript/1915/1915-HMH/boxes/BLRI-19150712.txt,"Hagerstown Morning Herald, July 17, 1915",,,,,,,,,,,,,,,,,,,,,,,,,,,,,,
XDMWPCX,1915-07-16,0,Blue Ridge,regular,,Gettysburg,,,Frederick,,,,,,,,,transcript/1915/1915-HMH/boxes/BLRI-19150712.txt,"Hagerstown Morning Herald, July 17, 1915",,,,,,,,,,,,,,,,,,,,,,,,,,,,,,
THSPSYY,1915-07-16,0,Blue Ridge,regular,,Martinsburg,6,,Hagerstown,5,,800,2:00,,,,,transcript/1915/1915-HMH/boxes/BLRI-19150712.txt,"Hagerstown Morning Herald, July 17, 1915",3,0,2,0,1,0,0,0,0,,,,,,,0,0,1,2,0,0,0,0,2,,,,,,
ZTZXJWP,1915-07-17,0,Blue Ridge,regular,,Hanover,,,Chambersburg,,,,,,,,,transcript/1915/1915-HMH/boxes/BLRI-19150712.txt,"Hagerstown Morning Herald, July 19, 1915",,,,,,,,,,,,,,,,,,,,,,,,,,,,,,
YZMKCVY,1915-07-17,0,Blue Ridge,regular,,Gettysburg,,,Frederick,,,,,,,,,transcript/1915/1915-HMH/boxes/BLRI-19150712.txt,"Hagerstown Morning Herald, July 19, 1915",,,,,,,,,,,,,,,,,,,,,,,,,,,,,,
BJVKKJL,1915-07-17,1,Blue Ridge,regular,,Martinsburg,2,,Hagerstown,3,,1500,1:50,,,,,transcript/1915/1915-HMH/boxes/BLRI-19150712.txt,"Hagerstown Morning Herald, July 19, 1915",1,0,0,0,1,0,0,0,0,,,,,,,0,1,0,0,0,0,0,0,2,,,,,,
KDHCJGH,1915-07-17,2,Blue Ridge,regular,,Martinsburg,2,,Hagerstown,3,,,1:30,,,,,transcript/1915/1915-HMH/boxes/BLRI-19150712.txt,"Hagerstown Morning Herald, July 19, 1915",2,0,0,0,0,0,0,,,,,,,,,0,0,3,0,0,0,x,,,,,,,,
DNNXPLT,1915-07-19,0,Blue Ridge,regular,,Gettysburg,,,Chambersburg,,,,,,,,,transcript/1915/1915-HMH/boxes/BLRI-19150719.txt,"Hagerstown Morning Herald, July 20, 1915",,,,,,,,,,,,,,,,,,,,,,,,,,,,,,
TLSQYLM,1915-07-19,0,Blue Ridge,regular,,Hanover,,,Frederick,,,,,,,,,transcript/1915/1915-HMH/boxes/BLRI-19150719.txt,"Hagerstown Morning Herald, July 20, 1915",,,,,,,,,,,,,,,,,,,,,,,,,,,,,,
SBYWDVW,1915-07-19,0,Blue Ridge,regular,,Hagerstown,,,Martinsburg,,,,,,postponed,rain,,transcript/1915/1915-HMH/boxes/BLRI-19150719.txt,"Hagerstown Morning Herald, July 20, 1915",,,,,,,,,,,,,,,,,,,,,,,,,,,,,,
QZZGWLB,1915-07-20,1,Blue Ridge,regular,,Gettysburg,,,Chambersburg,,,,,,,,,transcript/1915/1915-HMH/boxes/BLRI-19150719.txt,"Hagerstown Morning Herald, July 21, 1915",,,,,,,,,,,,,,,,,,,,,,,,,,,,,,
DTDTLGL,1915-07-20,2,Blue Ridge,regular,,Gettysburg,,,Chambersburg,,,,,,,,,transcript/1915/1915-HMH/boxes/BLRI-19150719.txt,"Hagerstown Morning Herald, July 21, 1915",,,,,,,,,,,,,,,,,,,,,,,,,,,,,,
FYHYWKH,1915-07-20,0,Blue Ridge,regular,,Hanover,,,Frederick,,,,,,,,,transcript/1915/1915-HMH/boxes/BLRI-19150719.txt,"Hagerstown Morning Herald, July 21, 1915",,,,,,,,,,,,,,,,,,,,,,,,,,,,,,
KSKCPDS,1915-07-20,0,Blue Ridge,regular,,Hagerstown,1,,Martinsburg,3,,,2:00,,,,,transcript/1915/1915-HMH/boxes/BLRI-19150719.txt,"Hagerstown Morning Herald, July 21, 1915",1,0,0,0,0,0,0,0,0,,,,,,,0,1,0,1,0,0,0,1,x,,,,,,
NSJGSZV,1915-07-21,0,Blue Ridge,regular,,Chambersburg,,,Gettysburg,,,,,,,,,transcript/1915/1915-HMH/boxes/BLRI-19150719.txt,"Hagerstown Morning Herald, July 22, 1915",,,,,,,,,,,,,,,,,,,,,,,,,,,,,,
XRKVJQK,1915-07-21,0,Blue Ridge,regular,,Frederick,2,,Hagerstown,9,,700,1:35,,,,,transcript/1915/1915-HMH/boxes/BLRI-19150719.txt,"Hagerstown Morning Herald, July 22, 1915",0,0,0,0,0,0,0,0,2,,,,,,,2,0,0,3,0,2,0,2,x,,,,,,
HXHRCCB,1915-07-21,0,Blue Ridge,regular,,Martinsburg,,,Hanover,,,,,,,,,transcript/1915/1915-HMH/boxes/BLRI-19150719.txt,"Hagerstown Morning Herald, July 22, 1915",,,,,,,,,,,,,,,,,,,,,,,,,,,,,,
DYLFJMZ,1915-07-22,0,Blue Ridge,regular,,Chambersburg,,,Gettysburg,,,,,,,,,transcript/1915/1915-HMH/boxes/BLRI-19150719.txt,"Hagerstown Morning Herald, July 23, 1915",,,,,,,,,,,,,,,,,,,,,,,,,,,,,,
LMFNGYN,1915-07-22,0,Blue Ridge,regular,,Frederick,3,,Hagerstown,0,,800,0:40,,,,,transcript/1915/1915-HMH/boxes/BLRI-19150719.txt,"Hagerstown Morning Herald, July 23, 1915",1,0,0,2,0,,,,,,,,,,,0,0,0,0,0,,,,,,,,,,
HMXGQMM,1915-07-22,0,Blue Ridge,regular,,Martinsburg,,,Hanover,,,,,,,,,transcript/1915/1915-HMH/boxes/BLRI-19150719.txt,"Hagerstown Morning Herald, July 23, 1915",,,,,,,,,,,,,,,,,,,,,,,,,,,,,,
ZDKHRHQ,1915-07-23,0,Blue Ridge,regular,,Hagerstown,1,,Frederick,2,,,1:20,,,,,transcript/1915/1915-HMH/boxes/BLRI-19150719.txt,"Hagerstown Morning Herald, July 24, 1915",0,0,0,0,0,0,0,0,1,,,,,,,1,0,0,1,0,0,0,0,x,,,,,,
WCDCNLH,1915-07-23,0,Blue Ridge,regular,,Martinsburg,,,Gettysburg,,,,,,,,,transcript/1915/1915-HMH/boxes/BLRI-19150719.txt,"Hagerstown Morning Herald, July 24, 1915",,,,,,,,,,,,,,,,,,,,,,,,,,,,,,
FRZJGJJ,1915-07-23,0,Blue Ridge,regular,,Chambersburg,,,Hanover,,,,,,,,,transcript/1915/1915-HMH/boxes/BLRI-19150719.txt,"Hagerstown Morning Herald, July 24, 1915",,,,,,,,,,,,,,,,,,,,,,,,,,,,,,
JCTYGFZ,1915-07-24,0,Blue Ridge,regular,,Hagerstown,8,,Frederick,5,,,2:00,,,,,transcript/1915/1915-HMH/boxes/BLRI-19150719.txt,"Hagerstown Morning Herald, July 26, 1915",0,0,5,0,2,1,0,0,0,,,,,,,0,0,1,0,0,1,1,0,2,,,,,,
NYVMQCM,1915-07-24,1,Blue Ridge,regular,,Martinsburg,,,Gettysburg,,,,,,,,,transcript/1915/1915-HMH/boxes/BLRI-19150719.txt,"Hagerstown Morning Herald, July 26, 1915",,,,,,,,,,,,,,,,,,,,,,,,,,,,,,
JJKVKVH,1915-07-24,2,Blue Ridge,regular,,Martinsburg,,,Gettysburg,,,,,,,,,transcript/1915/1915-HMH/boxes/BLRI-19150719.txt,"Hagerstown Morning Herald, July 26, 1915",,,,,,,,,,,,,,,,,,,,,,,,,,,,,,
FGLZTYM,1915-07-24,0,Blue Ridge,regular,,Chambersburg,,,Hanover,,,,,,thrown-out,Protest subsequently upheld,,transcript/1915/1915-HMH/boxes/BLRI-19150719.txt,"Hagerstown Morning Herald, July 26, 1915",,,,,,,,,,,,,,,,,,,,,,,,,,,,,,
KYTTPSG,1915-07-26,0,Blue Ridge,regular,,Frederick,,,Chambersburg,,,,,,,,,transcript/1915/1915-HMH/boxes/BLRI-19150726.txt,"Hagerstown Morning Herald, July 27, 1915",,,,,,,,,,,,,,,,,,,,,,,,,,,,,,
DWMFZRG,1915-07-26,0,Blue Ridge,regular,,Gettysburg,11,,Hagerstown,3,,700,2:15,,,,,transcript/1915/1915-HMH/boxes/BLRI-19150726.txt,"Hagerstown Morning Herald, July 27, 1915",4,2,0,0,1,2,1,0,1,,,,,,,0,2,0,0,0,1,0,0,0,,,,,,
WGZBQQP,1915-07-26,0,Blue Ridge,regular,,Hanover,,,Martinsburg,,,,,,,,,transcript/1915/1915-HMH/boxes/BLRI-19150726.txt,"Hagerstown Morning Herald, July 27, 1915",,,,,,,,,,,,,,,,,,,,,,,,,,,,,,
XDQRBXJ,1915-07-27,0,Blue Ridge,regular,,Frederick,,,Chambersburg,,,,,,,,,transcript/1915/1915-HMH/boxes/BLRI-19150726.txt,"Hagerstown Morning Herald, July 28, 1915",,,,,,,,,,,,,,,,,,,,,,,,,,,,,,
FTDPFFL,1915-07-27,0,Blue Ridge,regular,,Gettysburg,4,,Hagerstown,5,,500,1:55,,,,,transcript/1915/1915-HMH/boxes/BLRI-19150726.txt,"Hagerstown Morning Herald, July 28, 1915",0,0,0,0,0,0,2,2,0,,,,,,,0,0,0,1,1,1,0,0,2,,,,,,
DTMNVZB,1915-07-27,0,Blue Ridge,regular,,Hanover,,,Martinsburg,,,,,,,,,transcript/1915/1915-HMH/boxes/BLRI-19150726.txt,"Hagerstown Morning Herald, July 28, 1915",,,,,,,,,,,,,,,,,,,,,,,,,,,,,,
LBCKKGZ,1915-07-28,0,Blue Ridge,regular,,Chambersburg,,,Frederick,,,,,,,,,transcript/1915/1915-HMH/boxes/BLRI-19150726.txt,"Hagerstown Morning Herald, July 29, 1915",,,,,,,,,,,,,,,,,,,,,,,,,,,,,,
RRKSGCT,1915-07-28,0,Blue Ridge,regular,,Hanover,,,Hagerstown,,,500,1:45,,,,,transcript/1915/1915-HMH/boxes/BLRI-19150726.txt,"Hagerstown Morning Herald, July 29, 1915",,,,,,,,,,,,,,,,,,,,,,,,,,,,,,
YCGXYMZ,1915-07-28,0,Blue Ridge,regular,,Gettysburg,,,Martinsburg,,,,,,,,,transcript/1915/1915-HMH/boxes/BLRI-19150726.txt,"Hagerstown Morning Herald, July 29, 1915",,,,,,,,,,,,,,,,,,,,,,,,,,,,,,
ZTSVCQW,1915-07-29,0,Blue Ridge,regular,,Chambersburg,,,Frederick,,,,,,,,,transcript/1915/1915-HMH/boxes/BLRI-19150726.txt,"Hagerstown Morning Herald, July 30, 1915",,,,,,,,,,,,,,,,,,,,,,,,,,,,,,
DVNBZGX,1915-07-29,0,Blue Ridge,regular,,Hanover,9,,Hagerstown,2,,400,2:00,,,,,transcript/1915/1915-HMH/boxes/BLRI-19150726.txt,"Hagerstown Morning Herald, July 30, 1915",0,2,1,0,1,0,4,1,0,,,,,,,0,0,0,0,0,2,0,0,0,,,,,,
JTVHWRG,1915-07-29,0,Blue Ridge,regular,,Gettysburg,,,Martinsburg,,,,,,,,,transcript/1915/1915-HMH/boxes/BLRI-19150726.txt,"Hagerstown Morning Herald, July 30, 1915",,,,,,,,,,,,,,,,,,,,,,,,,,,,,,
FHJTNFJ,1915-08-02,0,Blue Ridge,regular,,Frederick,,,Gettysburg,,,,,,postponed,rain,,transcript/1915/1915-HMH/boxes/BLRI-19150802.txt,"Hagerstown Morning Herald, August 3, 1915",,,,,,,,,,,,,,,,,,,,,,,,,,,,,,
VTXZCZQ,1915-08-02,0,Blue Ridge,regular,,Hanover,1,,Hagerstown,2,,,1:10,,,,,transcript/1915/1915-HMH/boxes/BLRI-19150802.txt,"Hagerstown Morning Herald, August 3, 1915",0,0,1,0,0,0,,,,,,,,,,0,0,0,2,0,0,,,,,,,,,
DDNGTQJ,1915-08-02,0,Blue Ridge,regular,,Chambersburg,,,Martinsburg,,,,,,,,,transcript/1915/1915-HMH/boxes/BLRI-19150802.txt,"Hagerstown Morning Herald, August 3, 1915",,,,,,,,,,,,,,,,,,,,,,,,,,,,,,
LBFVYNG,1915-08-03,0,Blue Ridge,regular,,Gettysburg,,,Chambersburg,,,,,,,,,transcript/1915/1915-HMH/boxes/BLRI-19150802.txt,"Hagerstown Morning Herald, August 4, 1915",,,,,,,,,,,,,,,,,,,,,,,,,,,,,,
TLDQJKB,1915-08-03,0,Blue Ridge,regular,,Frederick,,,Gettysburg,,,,,,,,,transcript/1915/1915-HMH/boxes/BLRI-19150802.txt,"Hagerstown Morning Herald, August 4, 1915",,,,,,,,,,,,,,,,,,,,,,,,,,,,,,
HVZZVNJ,1915-08-03,0,Blue Ridge,regular,,Hanover,2,,Hagerstown,0,,,1:35,,,,,transcript/1915/1915-HMH/boxes/BLRI-19150802.txt,"Hagerstown Morning Herald, August 4, 1915",0,1,0,1,0,0,0,0,x,,,,,,,0,0,0,0,0,0,0,0,0,,,,,,
MJYPZXF,1915-08-03,0,Blue Ridge,regular,,Chambersburg,,,Martinsburg,,,,,,postponed,rain,,transcript/1915/1915-HMH/boxes/BLRI-19150802.txt,"Hagerstown Morning Herald, August 4, 1915",,,,,,,,,,,,,,,,,,,,,,,,,,,,,,
GFTJPLP,1915-08-04,0,Blue Ridge,regular,,Martinsburg,5,,Frederick,6,,2000,2:00,,,,,transcript/1915/1915-HMH/boxes/BLRI-19150802.txt,"Hagerstown Morning Herald, August 5, 1915",0,1,0,0,0,3,0,0,1,,,,,,,1,0,0,1,1,0,3,0,x,,,,,,
TZBVMHJ,1915-08-04,0,Blue Ridge,regular,,Chambersburg,1,,Hagerstown,6,,,1:30,,,,,transcript/1915/1915-HMH/boxes/BLRI-19150802.txt,"Hagerstown Morning Herald, August 5, 1915",0,0,0,1,0,0,0,0,0,,,,,,,0,3,0,0,0,0,3,0,x,,,,,,
SSVYGQF,1915-08-04,0,Blue Ridge,regular,,Gettysburg,,,Hanover,,,,,,,,,transcript/1915/1915-HMH/boxes/BLRI-19150802.txt,"Hagerstown Morning Herald, August 5, 1915",,,,,,,,,,,,,,,,,,,,,,,,,,,,,,
FXYSHBZ,1915-08-05,0,Blue Ridge,regular,,Hagerstown,,,Chambersburg,,,,,,postponed,rain,,transcript/1915/1915-HMH/boxes/BLRI-19150802.txt,"Hagerstown Morning Herald, August 6, 1915",,,,,,,,,,,,,,,,,,,,,,,,,,,,,,
WFYQRRN,1915-08-05,0,Blue Ridge,regular,,Hanover,,,Gettysburg,,,,,,postponed,rain,,transcript/1915/1915-HMH/boxes/BLRI-19150802.txt,"Hagerstown Morning Herald, August 6, 1915",,,,,,,,,,,,,,,,,,,,,,,,,,,,,,
DVVBZLF,1915-08-05,0,Blue Ridge,regular,,Frederick,,,Martinsburg,,,,,,postponed,rain,,transcript/1915/1915-HMH/boxes/BLRI-19150802.txt,"Hagerstown Morning Herald, August 6, 1915",,,,,,,,,,,,,,,,,,,,,,,,,,,,,,
CTHDZTT,1915-08-06,0,Blue Ridge,regular,,Hanover,,,Gettysburg,,,,,,,,,transcript/1915/1915-HMH/boxes/BLRI-19150802.txt,"Hagerstown Morning Herald, August 7, 1915",,,,,,,,,,,,,,,,,,,,,,,,,,,,,,
JCFWCWQ,1915-08-06,1,Blue Ridge,regular,,Chambersburg,3,,Hagerstown,5,,,,,,,,transcript/1915/1915-HMH/boxes/BLRI-19150802.txt,"Hagerstown Morning Herald, August 7, 1915",1,0,0,0,0,1,0,0,0,,,,,,,1,0,1,0,2,1,0,0,x,,,,,,
FBJQMYV,1915-08-06,2,Blue Ridge,regular,,Chambersburg,0,,Hagerstown,1,,,1:00,,,,,transcript/1915/1915-HMH/boxes/BLRI-19150802.txt,"Hagerstown Morning Herald, August 7, 1915",0,0,0,0,0,0,0,,,,,,,,,0,1,0,0,0,0,x,,,,,,,,
ZWCLJNL,1915-08-06,0,Blue Ridge,regular,,Frederick,,,Martinsburg,,,,,,,,,transcript/1915/1915-HMH/boxes/BLRI-19150802.txt,"Hagerstown Morning Herald, August 7, 1915",,,,,,,,,,,,,,,,,,,,,,,,,,,,,,
VLFVQBR,1915-08-07,1,Blue Ridge,regular,,Hagerstown,1,,Chambersburg,4,,,1:30,,,,,transcript/1915/1915-HMH/boxes/BLRI-19150802.txt,"Hagerstown Morning Herald, August 9, 1915",1,0,0,0,0,0,0,0,0,,,,,,,1,0,0,1,1,0,1,0,x,,,,,,
QHZNNSV,1915-08-07,2,Blue Ridge,regular,,Hagerstown,2,,Chambersburg,1,,,1:15,,,,,transcript/1915/1915-HMH/boxes/BLRI-19150802.txt,"Hagerstown Morning Herald, August 9, 1915",0,1,0,0,1,0,0,,,,,,,,,0,0,1,0,0,0,0,,,,,,,,
SHJYDZH,1915-08-07,0,Blue Ridge,regular,,Hanover,3,,Gettysburg,7,,,,,,,,transcript/1915/1915-HMH/boxes/BLRI-19150802.txt,"Hagerstown Morning Herald, August 9, 1915",0,0,1,2,0,0,0,0,0,,,,,,,0,2,1,2,1,0,0,1,x,,,,,,
HMQGRKR,1915-08-07,0,Blue Ridge,regular,,Frederick,,,Martinsburg,,,,,,postponed,rain,,transcript/1915/1915-HMH/boxes/BLRI-19150802.txt,"Hagerstown Morning Herald, August 7, 1915",,,,,,,,,,,,,,,,,,,,,,,,,,,,,,
ZQZFRXW,1915-08-09,0,Blue Ridge,regular,,Hanover,,,Chambersburg,,,,,,,,,transcript/1915/1915-HMH/boxes/BLRI-19150809.txt,"Hagerstown Morning Herald, August 10, 1915",,,,,,,,,,,,,,,,,,,,,,,,,,,,,,
KPVBNGY,1915-08-09,0,Blue Ridge,regular,,Gettysburg,,,Frederick,,,,,,,,,transcript/1915/1915-HMH/boxes/BLRI-19150809.txt,"Hagerstown Morning Herald, August 10, 1915",,,,,,,,,,,,,,,,,,,,,,,,,,,,,,
NMPWFMR,1915-08-09,0,Blue Ridge,regular,,Martinsburg,9,,Hagerstown,7,,,2:40,,,,,transcript/1915/1915-HMH/boxes/BLRI-19150809.txt,"Hagerstown Morning Herald, August 10, 1915",0,0,0,0,0,0,0,0,0,0,0,0,,,,0,0,0,0,0,0,0,0,0,0,0,0,,,
BMXWDXH,1915-08-10,0,Blue Ridge,regular,,Hanover,,,Chambersburg,,,,,,,,,transcript/1915/1915-HMH/boxes/BLRI-19150809.txt,"Hagerstown Morning Herald, August 11, 1915",,,,,,,,,,,,,,,,,,,,,,,,,,,,,,
VYFHDGZ,1915-08-10,0,Blue Ridge,regular,,Gettysburg,,,Frederick,,,,,,,,,transcript/1915/1915-HMH/boxes/BLRI-19150809.txt,"Hagerstown Morning Herald, August 11, 1915",,,,,,,,,,,,,,,,,,,,,,,,,,,,,,
MPYWRFV,1915-08-10,0,Blue Ridge,regular,,Martinsburg,2,,Hagerstown,4,,,1:35,,,,,transcript/1915/1915-HMH/boxes/BLRI-19150809.txt,"Hagerstown Morning Herald, August 11, 1915",0,0,0,0,0,0,0,2,0,,,,,,,2,0,0,0,0,0,0,2,x,,,,,,
FBWCHTK,1915-08-11,0,Blue Ridge,regular,,Gettysburg,,,Chambersburg,,,,,,,,,transcript/1915/1915-HMH/boxes/BLRI-19150809.txt,"Hagerstown Morning Herald, August 12, 1915",,,,,,,,,,,,,,,,,,,,,,,,,,,,,,
LRWFSMH,1915-08-11,0,Blue Ridge,regular,,Hanover,,,Frederick,,,,,,,,,transcript/1915/1915-HMH/boxes/BLRI-19150809.txt,"Hagerstown Morning Herald, August 12, 1915",,,,,,,,,,,,,,,,,,,,,,,,,,,,,,
WXPSVMP,1915-08-11,0,Blue Ridge,regular,,Hagerstown,5,,Martinsburg,3,,,1:40,,,,,transcript/1915/1915-HMH/boxes/BLRI-19150809.txt,"Hagerstown Morning Herald, August 12, 1915",2,0,0,1,0,0,0,1,1,,,,,,,2,0,0,0,0,1,0,0,0,,,,,,
ZWNPBKG,1915-08-12,0,Blue Ridge,regular,,Gettysburg,,,Chambersburg,,,,,,,,,transcript/1915/1915-HMH/boxes/BLRI-19150809.txt,"Hagerstown Morning Herald, August 13, 1915",,,,,,,,,,,,,,,,,,,,,,,,,,,,,,
WVPBPRY,1915-08-12,0,Blue Ridge,regular,,Hanover,,,Frederick,,,,,,,,,transcript/1915/1915-HMH/boxes/BLRI-19150809.txt,"Hagerstown Morning Herald, August 13, 1915",,,,,,,,,,,,,,,,,,,,,,,,,,,,,,
XNHPFMN,1915-08-12,1,Blue Ridge,regular,,Hagerstown,,,Martinsburg,,,,,,postponed,rain,,transcript/1915/1915-HMH/boxes/BLRI-19150809.txt,"Hagerstown Morning Herald, August 13, 1915",,,,,,,,,,,,,,,,,,,,,,,,,,,,,,
SBTBVDP,1915-08-12,2,Blue Ridge,regular,,Hagerstown,,,Martinsburg,,,,,,postponed,rain,,transcript/1915/1915-HMH/boxes/BLRI-19150809.txt,"Hagerstown Morning Herald, August 13, 1915",,,,,,,,,,,,,,,,,,,,,,,,,,,,,,
STLRGJF,1915-08-13,0,Blue Ridge,regular,,Chambersburg,,,Gettysburg,,,,,,,,,transcript/1915/1915-HMH/boxes/BLRI-19150809.txt,"Hagerstown Morning Herald, August 14, 1915",,,,,,,,,,,,,,,,,,,,,,,,,,,,,,
TLWDNWW,1915-08-13,0,Blue Ridge,regular,,Frederick,3,,Hagerstown,2,,1000,2:40,,,,,transcript/1915/1915-HMH/boxes/BLRI-19150809.txt,"Hagerstown Morning Herald, August 14, 1915",0,0,0,0,0,1,0,1,0,0,0,0,0,0,1,0,0,0,2,0,0,0,0,0,0,0,0,0,0,0
WGGLKXX,1915-08-13,0,Blue Ridge,regular,,Martinsburg,,,Hanover,,,,,,,,,transcript/1915/1915-HMH/boxes/BLRI-19150809.txt,"Hagerstown Morning Herald, August 14, 1915",,,,,,,,,,,,,,,,,,,,,,,,,,,,,,
KVLJFBS,1915-08-14,0,Blue Ridge,regular,,Chambersburg,,,Gettysburg,,,,,,,,,transcript/1915/1915-HMH/boxes/BLRI-19150809.txt,"Hagerstown Morning Herald, August 16, 1915",,,,,,,,,,,,,,,,,,,,,,,,,,,,,,
FGFZVMX,1915-08-14,0,Blue Ridge,regular,,Frederick,,,Hagerstown,,,1500,2:00,,,,,transcript/1915/1915-HMH/boxes/BLRI-19150809.txt,"Hagerstown Morning Herald, August 16, 1915",,,,,,,,,,,,,,,,,,,,,,,,,,,,,,
LYDKYVP,1915-08-14,0,Blue Ridge,regular,,Martinsburg,,,Hanover,,,,,,,,,transcript/1915/1915-HMH/boxes/BLRI-19150809.txt,"Hagerstown Morning Herald, August 16, 1915",,,,,,,,,,,,,,,,,,,,,,,,,,,,,,
HKZQPJX,1915-08-16,0,Blue Ridge,regular,,Hagerstown,4,,Frederick,5,,,1:30,,,,,transcript/1915/1915-HMH/boxes/BLRI-19150816.txt,"Hagerstown Morning Herald, August 17, 1915",0,1,1,0,1,0,0,0,1,,,,,,,0,0,4,0,1,0,0,0,x,,,,,,
LYGWGWB,1915-08-16,0,Blue Ridge,regular,,Martinsburg,,,Gettysburg,,,,,,,,,transcript/1915/1915-HMH/boxes/BLRI-19150816.txt,"Hagerstown Morning Herald, August 17, 1915",,,,,,,,,,,,,,,,,,,,,,,,,,,,,,
JFYRCXQ,1915-08-16,1,Blue Ridge,regular,,Chambersburg,,,Hanover,,,,,,,,,transcript/1915/1915-HMH/boxes/BLRI-19150816.txt,"Hagerstown Morning Herald, August 17, 1915",,,,,,,,,,,,,,,,,,,,,,,,,,,,,,
MNXJSRQ,1915-08-16,2,Blue Ridge,regular,,Chambersburg,,,Hanover,,,,,,,,,transcript/1915/1915-HMH/boxes/BLRI-19150816.txt,"Hagerstown Morning Herald, August 17, 1915",,,,,,,,,,,,,,,,,,,,,,,,,,,,,,
QMFZKTS,1915-08-17,0,Blue Ridge,regular,,Hagerstown,0,,Frederick,1,,,1:30,,,,,transcript/1915/1915-HMH/boxes/BLRI-19150816.txt,"Hagerstown Morning Herald, August 18, 1915",0,0,0,0,0,0,0,0,0,,,,,,,1,0,0,0,0,0,0,0,x,,,,,,
FXDDWPL,1915-08-17,0,Blue Ridge,regular,,Martinsburg,,,Gettysburg,,,,,,,,,transcript/1915/1915-HMH/boxes/BLRI-19150816.txt,"Hagerstown Morning Herald, August 18, 1915",,,,,,,,,,,,,,,,,,,,,,,,,,,,,,
YLVBZYF,1915-08-17,0,Blue Ridge,regular,,Chambersburg,,,Hanover,,,,,,,,,transcript/1915/1915-HMH/boxes/BLRI-19150816.txt,"Hagerstown Morning Herald, August 18, 1915",,,,,,,,,,,,,,,,,,,,,,,,,,,,,,
BSXDGMN,1915-08-18,1,Blue Ridge,regular,,Frederick,,,Chambersburg,,,,,,,,,transcript/1915/1915-HMH/boxes/BLRI-19150816.txt,"Hagerstown Morning Herald, August 19, 1915",,,,,,,,,,,,,,,,,,,,,,,,,,,,,,
QZDDZQM,1915-08-18,2,Blue Ridge,regular,,Frederick,,,Chambersburg,,,,,,,,,transcript/1915/1915-HMH/boxes/BLRI-19150816.txt,"Hagerstown Morning Herald, August 19, 1915",,,,,,,,,,,,,,,,,,,,,,,,,,,,,,
ZFYVHKB,1915-08-18,0,Blue Ridge,regular,,Gettysburg,,,Hagerstown,,,600,1:25,,,,,transcript/1915/1915-HMH/boxes/BLRI-19150816.txt,"Hagerstown Morning Herald, August 19, 1915",,,,,,,,,,,,,,,,,,,,,,,,,,,,,,
GBWSCZV,1915-08-18,0,Blue Ridge,regular,,Hanover,,,Martinsburg,,,,,,,,,transcript/1915/1915-HMH/boxes/BLRI-19150816.txt,"Hagerstown Morning Herald, August 19, 1915",,,,,,,,,,,,,,,,,,,,,,,,,,,,,,
CZJPDJK,1915-08-19,0,Blue Ridge,regular,,Gettysburg,,,Hagerstown,,,300,2:00,,,,,transcript/1915/1915-HMH/boxes/BLRI-19150816.txt,"Hagerstown Morning Herald, August 20, 1915",,,,,,,,,,,,,,,,,,,,,,,,,,,,,,
KNYWWFN,1915-08-19,0,Blue Ridge,regular,,Hanover,,,Martinsburg,,,,,,,,,transcript/1915/1915-HMH/boxes/BLRI-19150816.txt,"Hagerstown Morning Herald, August 20, 1915",,,,,,,,,,,,,,,,,,,,,,,,,,,,,,
GPGHYVK,1915-08-19,,Blue Ridge,regular,,,,,,,,,,,,,,transcript/1915/1915-HMH/boxes/BLRI-19150816.txt,"Hagerstown Morning Herald, August 20, 1915",,,,,,,,,,,,,,,,,,,,,,,,,,,,,,
TLVFHSF,1915-08-20,0,Blue Ridge,regular,,Chambersburg,,,Frederick,,,,,,,,,transcript/1915/1915-HMH/boxes/BLRI-19150816.txt,"Hagerstown Morning Herald, August 21, 1915",,,,,,,,,,,,,,,,,,,,,,,,,,,,,,
SMFRBFX,1915-08-20,0,Blue Ridge,regular,,Hanover,2,,Hagerstown,3,,500,1:23,,,,,transcript/1915/1915-HMH/boxes/BLRI-19150816.txt,"Hagerstown Morning Herald, August 21, 1915",0,1,1,0,0,0,0,0,0,,,,,,,0,0,0,1,0,2,0,0,x,,,,,,
JXKTQCB,1915-08-20,0,Blue Ridge,regular,,Gettysburg,,,Martinsburg,,,,,,,,,transcript/1915/1915-HMH/boxes/BLRI-19150816.txt,"Hagerstown Morning Herald, August 21, 1915",,,,,,,,,,,,,,,,,,,,,,,,,,,,,,
KBVSZHL,1915-08-21,0,Blue Ridge,regular,,Chambersburg,,,Frederick,,,,,,,,,transcript/1915/1915-HMH/boxes/BLRI-19150816.txt,"Hagerstown Morning Herald, August 23, 1915",,,,,,,,,,,,,,,,,,,,,,,,,,,,,,
ZHLCQBM,1915-08-21,0,Blue Ridge,regular,,Hanover,14,,Hagerstown,2,,700,1:35,,,,,transcript/1915/1915-HMH/boxes/BLRI-19150816.txt,"Hagerstown Morning Herald, August 23, 1915",0,3,1,6,2,2,0,0,0,,,,,,,0,0,0,0,0,0,1,1,0,,,,,,
QXZSLYK,1915-08-21,0,Blue Ridge,regular,,Gettysburg,,,Martinsburg,,,,,,,,,transcript/1915/1915-HMH/boxes/BLRI-19150816.txt,"Hagerstown Morning Herald, August 23, 1915",,,,,,,,,,,,,,,,,,,,,,,,,,,,,,
KRZSQJH,1915-08-23,0,Blue Ridge,regular,,Martinsburg,,,Chambersburg,,,,,,,,,transcript/1915/1915-HMH/boxes/BLRI-19150823.txt,"Hagerstown Morning Herald, August 24, 1915",,,,,,,,,,,,,,,,,,,,,,,,,,,,,,
FRHJJQX,1915-08-23,0,Blue Ridge,regular,,Hagerstown,0,,Gettysburg,0,,,1:50,,,,,transcript/1915/1915-HMH/boxes/BLRI-19150823.txt,"Hagerstown Morning Herald, August 24, 1915",0,0,0,0,0,0,0,0,0,0,,,,,,0,0,0,0,0,0,0,0,0,0,,,,,
JZZJDQH,1915-08-23,0,Blue Ridge,regular,,Frederick,,,Hanover,,,,,,,,,transcript/1915/1915-HMH/boxes/BLRI-19150823.txt,"Hagerstown Morning Herald, August 24, 1915",,,,,,,,,,,,,,,,,,,,,,,,,,,,,,
KBNKNHT,1915-08-24,0,Blue Ridge,regular,,Martinsburg,,,Chambersburg,,,,,,,,,transcript/1915/1915-HMH/boxes/BLRI-19150823.txt,"Hagerstown Morning Herald, August 25, 1915",,,,,,,,,,,,,,,,,,,,,,,,,,,,,,
PTNGJHP,1915-08-24,1,Blue Ridge,regular,,Hagerstown,,,Gettysburg,,,,,,postponed,rain,,transcript/1915/1915-HMH/boxes/BLRI-19150823.txt,"Hagerstown Morning Herald, August 25, 1915",,,,,,,,,,,,,,,,,,,,,,,,,,,,,,
ZRZLCFQ,1915-08-24,2,Blue Ridge,regular,,Hagerstown,,,Gettysburg,,,,,,postponed,rain,,transcript/1915/1915-HMH/boxes/BLRI-19150823.txt,"Hagerstown Morning Herald, August 25, 1915",,,,,,,,,,,,,,,,,,,,,,,,,,,,,,
HXQSQQH,1915-08-24,0,Blue Ridge,regular,,Frederick,,,Hanover,,,,,,postponed,rain,,transcript/1915/1915-HMH/boxes/BLRI-19150823.txt,"Hagerstown Morning Herald, August 25, 1915",,,,,,,,,,,,,,,,,,,,,,,,,,,,,,
RBNZZBZ,1915-08-25,1,Blue Ridge,regular,,Frederick,,,Gettysburg,,,,,,,,,transcript/1915/1915-HMH/boxes/BLRI-19150823.txt,"Hagerstown Morning Herald, August 26, 1915",,,,,,,,,,,,,,,,,,,,,,,,,,,,,,
HLDZVCH,1915-08-25,2,Blue Ridge,regular,,Frederick,,,Gettysburg,,,,,,,,,transcript/1915/1915-HMH/boxes/BLRI-19150823.txt,"Hagerstown Morning Herald, August 26, 1915",,,,,,,,,,,,,,,,,,,,,,,,,,,,,,
MTVMQSJ,1915-08-25,1,Blue Ridge,regular,,Hagerstown,6,,Hanover,2,,,1:30,,,,,transcript/1915/1915-HMH/boxes/BLRI-19150823.txt,"Hagerstown Morning Herald, August 26, 1915",0,4,0,0,0,0,0,1,1,0,,,,,,0,0,0,2,0,0,0,0,0,0,,,,,
RSZGBVT,1915-08-25,2,Blue Ridge,regular,,Hagerstown,1,,Hanover,15,,,1:00,,,,,transcript/1915/1915-HMH/boxes/BLRI-19150823.txt,"Hagerstown Morning Herald, August 26, 1915",0,1,0,0,0,0,0,0,,,,,,,,3,1,2,1,8,0,0,x,,,,,,,
ZBYQPZJ,1915-08-25,1,Blue Ridge,regular,,Chambersburg,,,Martinsburg,,,,,,,,,transcript/1915/1915-HMH/boxes/BLRI-19150823.txt,"Hagerstown Morning Herald, August 26, 1915",,,,,,,,,,,,,,,,,,,,,,,,,,,,,,
SRFMTNV,1915-08-25,2,Blue Ridge,regular,,Chambersburg,,,Martinsburg,,,,,,,,,transcript/1915/1915-HMH/boxes/BLRI-19150823.txt,"Hagerstown Morning Herald, August 26, 1915",,,,,,,,,,,,,,,,,,,,,,,,,,,,,,
RJFVGVX,1915-08-26,1,Blue Ridge,regular,,Frederick,,,Gettysburg,,,,,,,,,transcript/1915/1915-HMH/boxes/BLRI-19150823.txt,"Hagerstown Morning Herald, August 27, 1915",,,,,,,,,,,,,,,,,,,,,,,,,,,,,,
LRHMMKG,1915-08-26,2,Blue Ridge,regular,,Frederick,,,Gettysburg,,,,,,,,,transcript/1915/1915-HMH/boxes/BLRI-19150823.txt,"Hagerstown Morning Herald, August 27, 1915",,,,,,,,,,,,,,,,,,,,,,,,,,,,,,
VWNYMQG,1915-08-26,1,Blue Ridge,regular,,Chambersburg,,,Martinsburg,,,,,,,,,transcript/1915/1915-HMH/boxes/BLRI-19150823.txt,"Hagerstown Morning Herald, August 27, 1915",,,,,,,,,,,,,,,,,,,,,,,,,,,,,,
